353858.460220 4032297.792180
353858.470026 4032297.794011
353858.479832 4032297.795843
353858.489640 4032297.797786
353858.499445 4032297.799617
353858.509341 4032297.801447
353858.519149 4032297.803390
353858.528955 4032297.805222
353858.538760 4032297.807054
353858.548566 4032297.808885
353858.558464 4032297.810826
353858.568270 4032297.812658
353858.578075 4032297.814490
353858.587883 4032297.816432
353858.597689 4032297.818264
353858.607495 4032297.820096
353858.617391 4032297.821926
353858.627198 4032297.823869
353858.637004 4032297.825700
353858.646810 4032297.827532
353858.656616 4032297.829364
353858.666513 4032297.831305
353858.676319 4032297.833137
353858.686125 4032297.834968
353858.695933 4032297.836911
353858.705739 4032297.838743
353858.715634 4032297.840573
353858.725440 4032297.842405
353858.735248 4032297.844347
353858.745054 4032297.846179
353858.754860 4032297.848011
353858.764757 4032297.849952
353858.774563 4032297.851784
353858.784369 4032297.853615
353858.794175 4032297.855447
353858.803982 4032297.857390
353858.813878 4032297.859220
353858.823684 4032297.861051
353858.833492 4032297.862994
353858.843297 4032297.864826
353858.853103 4032297.866658
353858.862909 4032297.868489
353858.872807 4032297.870430
353858.882613 4032297.872262
353858.892418 4032297.874094
353858.902224 4032297.875925
353858.912032 4032297.877868
353858.921928 4032297.879698
353858.931733 4032297.881530
353858.941541 4032297.883473
353858.951347 4032297.885304
353858.961153 4032297.887136
353858.971049 4032297.888966
353858.980856 4032297.890909
353858.990662 4032297.892741
353859.000468 4032297.894572
353859.010276 4032297.896515
353859.020171 4032297.898345
353859.029977 4032297.900177
353859.039783 4032297.902009
353859.049591 4032297.903951
353859.059397 4032297.905783
353859.069292 4032297.907613
353859.079098 4032297.909445
353859.088906 4032297.911388
353859.098712 4032297.913219
353859.108518 4032297.915051
353859.118325 4032297.916994
353859.128221 4032297.918824
353859.138027 4032297.920655
353859.147833 4032297.922487
353859.157640 4032297.924430
353859.167446 4032297.926262
353859.177342 4032297.928092
353859.187150 4032297.930034
353859.196955 4032297.931866
353859.206761 4032297.933698
353859.216567 4032297.935529
353859.226465 4032297.937471
353859.236271 4032297.939302
353859.246076 4032297.941134
353859.255884 4032297.943077
353859.265690 4032297.944908
353859.275586 4032297.946739
353859.285391 4032297.948570
353859.295199 4032297.950513
353859.305005 4032297.952345
353859.314811 4032297.954176
353859.324706 4032297.956007
353859.334514 4032297.957949
353859.344320 4032297.959781
353859.354126 4032297.961613
353859.363934 4032297.963555
353859.373740 4032297.965387
353859.383635 4032297.967217
353859.393441 4032297.969049
353859.403249 4032297.970992
353859.413055 4032297.972823
353859.422861 4032297.974655
353859.432758 4032297.976596
353859.442564 4032297.978428
353859.452370 4032297.980259
353859.462176 4032297.982091
353859.471983 4032297.984034
353859.481879 4032297.985864
353859.491685 4032297.987696
353859.501493 4032297.989638
353859.511298 4032297.991470
353859.521104 4032297.993302
353859.531000 4032297.995132
353859.540808 4032297.997075
353859.550613 4032297.998906
353859.560419 4032298.000738
353859.570225 4032298.002570
353859.580123 4032298.004511
353859.589928 4032298.006343
353859.599734 4032298.008174
353859.609542 4032298.010117
353859.619348 4032298.011949
353859.629154 4032298.013780
353859.639049 4032298.015611
353859.648857 4032298.017553
353859.658663 4032298.019385
353859.668469 4032298.021217
353859.678277 4032298.023159
353859.688172 4032298.024989
353859.697978 4032298.026821
353859.707784 4032298.028653
353859.717592 4032298.030596
353859.727398 4032298.032427
353859.737293 4032298.034257
353859.747101 4032298.036200
353859.756907 4032298.038032
353859.766713 4032298.039864
353859.776519 4032298.041695
353859.786416 4032298.043636
353859.796222 4032298.045468
353859.806028 4032298.047300
353859.815834 4032298.049131
353859.825641 4032298.051074
353859.835537 4032298.052904
353859.845343 4032298.054736
353859.855150 4032298.056679
353859.864956 4032298.058510
353859.874762 4032298.060342
353859.884568 4032298.062174
353859.894466 4032298.064115
353859.904271 4032298.065947
353859.914077 4032298.067778
353859.923885 4032298.069721
353859.933691 4032298.071553
353859.943586 4032298.073383
353859.953392 4032298.075215
353859.963200 4032298.077157
353859.973006 4032298.078989
353859.982812 4032298.080821
353859.992707 4032298.082651
353860.002515 4032298.084594
353860.012321 4032298.086425
353860.022127 4032298.088257
353860.031935 4032298.090200
353860.041830 4032298.092030
353860.051636 4032298.093861
353860.061442 4032298.095693
353860.071250 4032298.097636
353860.081056 4032298.099468
353860.090951 4032298.101298
353860.100759 4032298.103240
353860.110565 4032298.105072
353860.120371 4032298.106904
353860.130176 4032298.108736
353860.139984 4032298.110678
353860.149880 4032298.112508
353860.159686 4032298.114340
353860.169493 4032298.116283
353860.179299 4032298.118114
353860.189105 4032298.119946
353860.199001 4032298.121776
353860.208808 4032298.123719
353860.218614 4032298.125551
353860.228420 4032298.127382
353860.238226 4032298.129214
353860.248124 4032298.131155
353860.257929 4032298.132987
353860.267735 4032298.134819
353860.277543 4032298.136761
353860.287349 4032298.138593
353860.297244 4032298.140423
353860.307050 4032298.142255
353860.316858 4032298.144198
353860.326664 4032298.146029
353860.336470 4032298.147861
353860.346367 4032298.149802
353860.356173 4032298.151634
353860.365979 4032298.153466
353860.375785 4032298.155297
353860.385593 4032298.157240
353860.395398 4032298.159072
353860.405294 4032298.160902
353860.415102 4032298.162844
353860.424908 4032298.164676
353860.434714 4032298.166508
353860.444519 4032298.168340
353860.454417 4032298.170281
353860.464223 4032298.172112
353860.474029 4032298.173944
353860.483834 4032298.175776
353860.493642 4032298.177718
353860.503538 4032298.179549
353860.513344 4032298.181380
353860.523151 4032298.183323
353860.532957 4032298.185155
353860.542763 4032298.186986
353860.552659 4032298.188817
353860.562466 4032298.190759
353860.572272 4032298.192591
353860.582078 4032298.194423
353860.591886 4032298.196365
353860.601781 4032298.198196
353860.611587 4032298.200027
353860.621393 4032298.201859
353860.631201 4032298.203802
353860.641007 4032298.205633
353860.650813 4032298.207465
353860.660710 4032298.209406
353860.670516 4032298.211238
353860.680322 4032298.213070
353860.690128 4032298.214901
353860.699936 4032298.216844
353860.709831 4032298.218674
353860.719637 4032298.220506
353860.729443 4032298.222338
353860.739251 4032298.224280
353860.749056 4032298.226112
353860.758952 4032298.227942
353860.768760 4032298.229885
353860.778566 4032298.231716
353860.788371 4032298.233548
353860.798177 4032298.235380
353860.808075 4032298.237321
353860.817881 4032298.239153
353860.827687 4032298.240984
353860.837494 4032298.242927
353860.847300 4032298.244759
353860.857196 4032298.246589
353860.867002 4032298.248421
353860.876809 4032298.250363
353860.886615 4032298.252195
353860.896421 4032298.254027
353860.906227 4032298.255858
353860.916124 4032298.257800
353860.925930 4032298.259631
353860.935736 4032298.261463
353860.945544 4032298.263406
353860.955350 4032298.265237
353860.965245 4032298.267068
353860.975051 4032298.268899
353860.984859 4032298.270842
353860.994665 4032298.272674
353861.004471 4032298.274505
353861.014368 4032298.276446
353861.024174 4032298.278278
353861.033980 4032298.280110
353861.043786 4032298.281942
353861.053593 4032298.283884
353861.063489 4032298.285714
353861.073295 4032298.287546
353861.083103 4032298.289489
353861.092909 4032298.291321
353861.102714 4032298.293152
353861.112610 4032298.294982
353861.122418 4032298.296925
353861.132224 4032298.298757
353861.142029 4032298.300589
353861.151835 4032298.302420
353861.161643 4032298.304363
353861.171539 4032298.306193
353861.181344 4032298.308025
353861.191152 4032298.309967
353861.200958 4032298.311799
353861.210764 4032298.313631
353861.220660 4032298.315461
353861.230467 4032298.317404
353861.240273 4032298.319235
353861.250079 4032298.321067
353861.259887 4032298.323010
353861.269782 4032298.324840
353861.279588 4032298.326672
353861.289394 4032298.328503
353861.299202 4032298.330446
353861.309008 4032298.332278
353861.318903 4032298.334108
353861.328711 4032298.336051
353861.338517 4032298.337882
353861.348323 4032298.339714
353861.358129 4032298.341546
353861.368026 4032298.343487
353861.377832 4032298.345319
353861.387638 4032298.347150
353861.397444 4032298.348982
353861.407251 4032298.350925
353861.417057 4032298.352756
353861.426953 4032298.354587
353861.436761 4032298.356529
353861.446566 4032298.358361
353861.456372 4032298.360193
353861.466178 4032298.362024
353861.476076 4032298.363965
353861.485881 4032298.365797
353861.495687 4032298.367629
353861.505495 4032298.369572
353861.515301 4032298.371403
353861.525197 4032298.373233
353861.535002 4032298.375065
353861.544810 4032298.377008
353861.554616 4032298.378839
353861.564422 4032298.380671
353861.574319 4032298.382612
353861.584125 4032298.384444
353861.593931 4032298.386276
353861.603737 4032298.388107
353861.613545 4032298.390050
353861.623440 4032298.391880
353861.633246 4032298.393712
353861.643052 4032298.395544
353861.652860 4032298.397486
353861.662666 4032298.399318
353861.672472 4032298.401150
353861.682369 4032298.403091
353861.692175 4032298.404923
353861.701981 4032298.406754
353861.711787 4032298.408586
353861.721594 4032298.410529
353861.731490 4032298.412359
353861.741296 4032298.414191
353861.751103 4032298.416133
353861.760909 4032298.417965
353861.770715 4032298.419797
353861.780611 4032298.421627
353861.790419 4032298.423570
353861.800224 4032298.425401
353861.810030 4032298.427233
353861.819836 4032298.429065
353861.829734 4032298.431006
353861.839539 4032298.432838
353861.849345 4032298.434669
353861.859153 4032298.436612
353861.868959 4032298.438444
353861.878854 4032298.440274
353861.888660 4032298.442105
353861.898468 4032298.444048
353861.908274 4032298.445880
353861.918080 4032298.447712
353861.927888 4032298.449654
353861.937783 4032298.451484
353861.947589 4032298.453316
353861.957395 4032298.455148
353861.967203 4032298.457090
353861.977009 4032298.458922
353861.986904 4032298.460752
353861.996712 4032298.462695
353862.006518 4032298.464527
353862.016324 4032298.466358
353862.026129 4032298.468190
353862.036027 4032298.470131
353862.045833 4032298.471963
353862.055639 4032298.473795
353862.065444 4032298.475626
353862.075252 4032298.477569
353862.085148 4032298.479399
353862.094954 4032298.481231
353862.104761 4032298.483174
353862.114567 4032298.485005
353862.124373 4032298.486837
353862.134269 4032298.488667
353862.144076 4032298.490610
353862.153882 4032298.492442
353862.163688 4032298.494273
353862.173496 4032298.496216
353862.183302 4032298.498048
353862.193197 4032298.499878
353862.203003 4032298.501710
353862.212811 4032298.503652
353862.222617 4032298.505484
353862.232423 4032298.507316
353862.242320 4032298.509257
353862.252126 4032298.511089
353862.261932 4032298.512920
353862.271738 4032298.514752
353862.281546 4032298.516695
353862.291441 4032298.518525
353862.301247 4032298.520356
353862.311053 4032298.522188
353862.320861 4032298.524131
353862.330666 4032298.525963
353862.340562 4032298.527793
353862.350370 4032298.529735
353862.360176 4032298.531567
353862.369981 4032298.533399
353862.379787 4032298.535231
353862.389685 4032298.537172
353862.399491 4032298.539003
353862.409297 4032298.540835
353862.419104 4032298.542778
353862.428910 4032298.544609
353862.438716 4032298.546441
353862.448612 4032298.548271
353862.458419 4032298.550214
353862.468225 4032298.552046
353862.478031 4032298.553877
353862.487839 4032298.555820
353862.497734 4032298.557650
353862.507540 4032298.559482
353862.517346 4032298.561314
353862.527154 4032298.563256
353862.536960 4032298.565088
353862.546855 4032298.566918
353862.556661 4032298.568750
353862.566469 4032298.570693
353862.576275 4032298.572524
353862.586081 4032298.574356
353862.595978 4032298.576297
353862.605784 4032298.578129
353862.615590 4032298.579961
353862.625396 4032298.581792
353862.635203 4032298.583735
353862.645099 4032298.585565
353862.654905 4032298.587397
353862.664713 4032298.589340
353862.674518 4032298.591171
353862.684324 4032298.593003
353862.694130 4032298.594835
353862.704028 4032298.596776
353862.713834 4032298.598608
353862.723639 4032298.600439
353862.733445 4032298.602271
353862.743253 4032298.604214
353862.753149 4032298.606044
353862.762954 4032298.607876
353862.772762 4032298.609818
353862.782568 4032298.611650
353862.792374 4032298.613482
353862.802269 4032298.615312
353862.812077 4032298.617254
353862.821883 4032298.619086
353862.831689 4032298.620918
353862.841497 4032298.622861
353862.851392 4032298.624691
353862.861198 4032298.626522
353862.871004 4032298.628354
353862.880812 4032298.630297
353862.890618 4032298.632128
353862.900513 4032298.633959
353862.910321 4032298.635901
353862.920127 4032298.637733
353862.929933 4032298.639565
353862.939739 4032298.641396
353862.949546 4032298.643339
353862.959442 4032298.645169
353862.969248 4032298.647001
353862.979054 4032298.648833
353862.988861 4032298.650775
353862.998667 4032298.652607
353863.008563 4032298.654437
353863.018371 4032298.656380
353863.028176 4032298.658212
353863.037982 4032298.660043
353863.047788 4032298.661875
353863.057686 4032298.663816
353863.067491 4032298.665648
353863.077297 4032298.667480
353863.087105 4032298.669422
353863.096911 4032298.671254
353863.106806 4032298.673084
353863.116612 4032298.674916
353863.126420 4032298.676859
353863.136226 4032298.678690
353863.146032 4032298.680522
353863.155929 4032298.682463
353863.165735 4032298.684295
353863.175541 4032298.686127
353863.185347 4032298.687958
353863.195155 4032298.689901
353863.204961 4032298.691733
353863.214856 4032298.693563
353863.224662 4032298.695395
353863.234470 4032298.697337
353863.244276 4032298.699169
353863.254081 4032298.701001
353863.263979 4032298.702942
353863.273785 4032298.704773
353863.283591 4032298.706605
353863.293396 4032298.708437
353863.303204 4032298.710380
353863.313100 4032298.712210
353863.322906 4032298.714041
353863.332713 4032298.715984
353863.342519 4032298.717816
353863.352325 4032298.719648
353863.362221 4032298.721478
353863.372028 4032298.723420
353863.381834 4032298.725252
353863.391640 4032298.727084
353863.401448 4032298.729026
353863.411343 4032298.730857
353863.421149 4032298.732688
353863.430955 4032298.734520
353863.440763 4032298.736463
353863.450569 4032298.738294
353863.460375 4032298.740126
353863.470270 4032298.741956
353863.480078 4032298.743899
353863.489884 4032298.745731
353863.499690 4032298.747562
353863.509498 4032298.749505
353863.519393 4032298.751335
353863.529199 4032298.753167
353863.539005 4032298.754999
353863.548813 4032298.756941
353863.558618 4032298.758773
353863.568514 4032298.760603
353863.578322 4032298.762546
353863.588128 4032298.764378
353863.597933 4032298.766209
353863.607739 4032298.768041
353863.617637 4032298.769982
353863.627443 4032298.771814
353863.637249 4032298.773646
353863.647054 4032298.775477
353863.656862 4032298.777420
353863.666758 4032298.779250
353863.676564 4032298.781082
353863.686371 4032298.783025
353863.696177 4032298.784856
353863.705983 4032298.786688
353863.715789 4032298.788520
353863.725686 4032298.790461
353863.735492 4032298.792293
353863.745298 4032298.794124
353863.755106 4032298.796067
353863.764912 4032298.797899
353863.774807 4032298.799729
353863.784613 4032298.801561
353863.794421 4032298.803503
353863.804227 4032298.805335
353863.814033 4032298.807167
353863.823930 4032298.809108
353863.833736 4032298.810939
353863.843542 4032298.812771
353863.853348 4032298.814603
353863.863155 4032298.816546
353863.873051 4032298.818376
353863.882857 4032298.820207
353863.892663 4032298.822039
353863.902470 4032298.823982
353863.912276 4032298.825814
353863.922172 4032298.827644
353863.931980 4032298.829586
353863.941785 4032298.831418
353863.951591 4032298.833250
353863.961397 4032298.835082
353863.971205 4032298.837024
353863.981101 4032298.838854
353863.990906 4032298.840686
353864.000714 4032298.842629
353864.010520 4032298.844460
353864.020326 4032298.846292
353864.030221 4032298.848122
353864.040029 4032298.850065
353864.049835 4032298.851897
353864.059641 4032298.853728
353864.069449 4032298.855671
353864.079344 4032298.857501
353864.089150 4032298.859333
353864.098956 4032298.861165
353864.108764 4032298.863107
353864.118570 4032298.864939
353864.128465 4032298.866769
353864.138271 4032298.868601
353864.148079 4032298.870544
353864.157885 4032298.872375
353864.167691 4032298.874207
353864.177588 4032298.876148
353864.187394 4032298.877980
353864.197200 4032298.879812
353864.207006 4032298.881643
353864.216813 4032298.883586
353864.226619 4032298.885418
353864.236515 4032298.887248
353864.246322 4032298.889191
353864.256128 4032298.891022
353864.265934 4032298.892854
353864.275740 4032298.894686
353864.285638 4032298.896627
353864.295443 4032298.898459
353864.305249 4032298.900290
353864.315057 4032298.902233
353864.324863 4032298.904065
353864.334758 4032298.905895
353864.344564 4032298.907727
353864.354372 4032298.909669
353864.364178 4032298.911501
353864.373984 4032298.913333
353864.383879 4032298.915163
353864.393687 4032298.917105
353864.403493 4032298.918937
353864.413299 4032298.920769
353864.423107 4032298.922712
353864.433002 4032298.924542
353864.442808 4032298.926373
353864.452614 4032298.928205
353864.462422 4032298.930148
353864.472228 4032298.931980
353864.482033 4032298.933811
353864.491931 4032298.935752
353864.501737 4032298.937584
353864.511543 4032298.939416
353864.521348 4032298.941248
353864.531156 4032298.943190
353864.541052 4032298.945020
353864.550858 4032298.946852
353864.560663 4032298.948684
353864.570471 4032298.950626
353864.580277 4032298.952458
353864.590173 4032298.954288
353864.599980 4032298.956231
353864.609786 4032298.958063
353864.619592 4032298.959894
353864.629398 4032298.961726
353864.639295 4032298.963667
353864.649101 4032298.965499
353864.658907 4032298.967331
353864.668715 4032298.969273
353864.678521 4032298.971105
353864.688416 4032298.972935
353864.698222 4032298.974767
353864.708030 4032298.976710
353864.717836 4032298.978541
353864.727642 4032298.980373
353864.737449 4032298.982316
353864.747345 4032298.984146
353864.757151 4032298.985978
353864.766957 4032298.987809
353864.776764 4032298.989752
353864.786570 4032298.991584
353864.796466 4032298.993414
353864.806272 4032298.995246
353864.816080 4032298.997188
353864.825885 4032298.999020
353864.835691 4032299.000852
353864.845589 4032299.002793
353864.855395 4032299.004625
353864.865200 4032299.006456
353864.875006 4032299.008288
353864.884814 4032299.010231
353864.894710 4032299.012061
353864.904515 4032299.013893
353864.914323 4032299.015835
353864.924129 4032299.017667
353864.933935 4032299.019499
353864.943830 4032299.021329
353864.953638 4032299.023272
353864.963444 4032299.025103
353864.973250 4032299.026935
353864.983058 4032299.028878
353864.992864 4032299.030709
353865.002759 4032299.032540
353865.012565 4032299.034371
353865.022373 4032299.036314
353865.032179 4032299.038146
353865.041985 4032299.039977
353865.051880 4032299.041808
353865.061688 4032299.043750
353865.071410 4032299.045916
353865.081133 4032299.048193
353865.090947 4032299.050469
353865.100669 4032299.052635
353865.110392 4032299.054912
353865.120116 4032299.057189
353865.129840 4032299.059466
353865.139564 4032299.061743
353865.149377 4032299.064018
353865.159101 4032299.066295
353865.168824 4032299.068572
353865.178548 4032299.070849
353865.188272 4032299.073126
353865.197995 4032299.075403
353865.207809 4032299.077678
353865.217531 4032299.079844
353865.227254 4032299.082121
353865.236978 4032299.084398
353865.246702 4032299.086675
353865.256426 4032299.088952
353865.266239 4032299.091228
353865.275963 4032299.093505
353865.285686 4032299.095782
353865.295410 4032299.098059
353865.305134 4032299.100336
353865.314858 4032299.102613
353865.324579 4032299.104779
353865.334393 4032299.107054
353865.344117 4032299.109331
353865.353840 4032299.111608
353865.363564 4032299.113885
353865.373288 4032299.116162
353865.383011 4032299.118439
353865.392825 4032299.120714
353865.402549 4032299.122991
353865.412272 4032299.125268
353865.421996 4032299.127545
353865.431720 4032299.129822
353865.441442 4032299.131988
353865.451255 4032299.134264
353865.460979 4032299.136541
353865.470702 4032299.138818
353865.480426 4032299.141095
353865.490150 4032299.143372
353865.499874 4032299.145649
353865.509687 4032299.147924
353865.519411 4032299.150201
353865.529134 4032299.152478
353865.538858 4032299.154755
353865.548580 4032299.156921
353865.558304 4032299.159198
353865.568117 4032299.161474
353865.577841 4032299.163751
353865.587564 4032299.166028
353865.597288 4032299.168304
353865.607012 4032299.170581
353865.616736 4032299.172858
353865.626549 4032299.175134
353865.636273 4032299.177411
353865.645996 4032299.179688
353865.655720 4032299.181965
353865.665442 4032299.184131
353865.675166 4032299.186408
353865.684979 4032299.188683
353865.694703 4032299.190960
353865.704427 4032299.193237
353865.714150 4032299.195514
353865.723874 4032299.197791
353865.733598 4032299.200068
353865.743411 4032299.202344
353865.753135 4032299.204621
353865.762859 4032299.206898
353865.772580 4032299.209064
353865.782304 4032299.211341
353865.792028 4032299.213618
353865.801841 4032299.215893
353865.811565 4032299.218170
353865.821289 4032299.220447
353865.831012 4032299.222724
353865.840736 4032299.225001
353865.850460 4032299.227278
353865.860184 4032299.229555
353865.869997 4032299.231830
353865.879719 4032299.233996
353865.889442 4032299.236273
353865.899166 4032299.238550
353865.908890 4032299.240827
353865.918614 4032299.243104
353865.928427 4032299.245380
353865.938151 4032299.247657
353865.947874 4032299.249934
353865.957598 4032299.252211
353865.967322 4032299.254488
353865.977046 4032299.256765
353865.986859 4032299.259040
353865.996581 4032299.261206
353866.006305 4032299.263483
353866.016028 4032299.265760
353866.025752 4032299.268037
353866.035476 4032299.270314
353866.045289 4032299.272589
353866.055013 4032299.274866
353866.064737 4032299.277143
353866.074460 4032299.279420
353866.084184 4032299.281697
353866.093908 4032299.283974
353866.103719 4032299.286139
353866.113443 4032299.288416
353866.123167 4032299.290693
353866.132890 4032299.292970
353866.142614 4032299.295247
353866.152338 4032299.297524
353866.162151 4032299.299799
353866.171875 4032299.302076
353866.181599 4032299.304353
353866.191322 4032299.306630
353866.201046 4032299.308907
353866.210770 4032299.311184
353866.220581 4032299.313349
353866.230305 4032299.315626
353866.240029 4032299.317903
353866.249752 4032299.320179
353866.259476 4032299.322456
353866.269200 4032299.324733
353866.279013 4032299.327009
353866.288737 4032299.329286
353866.298461 4032299.331563
353866.308184 4032299.333840
353866.317908 4032299.336117
353866.327630 4032299.338283
353866.337443 4032299.340558
353866.347167 4032299.342835
353866.356891 4032299.345112
353866.366615 4032299.347389
353866.376338 4032299.349666
353866.386062 4032299.351943
353866.395786 4032299.354220
353866.405599 4032299.356496
353866.415323 4032299.358773
353866.425047 4032299.361050
353866.434770 4032299.363327
353866.444492 4032299.365493
353866.454216 4032299.367770
353866.464029 4032299.370045
353866.473753 4032299.372322
353866.483477 4032299.374599
353866.493200 4032299.376876
353866.502924 4032299.379153
353866.512648 4032299.381430
353866.522461 4032299.383705
353866.532185 4032299.385982
353866.541909 4032299.388259
353866.551630 4032299.390425
353866.561354 4032299.392702
353866.571078 4032299.394979
353866.580891 4032299.397255
353866.590615 4032299.399532
353866.600339 4032299.401809
353866.610062 4032299.404086
353866.619786 4032299.406363
353866.629510 4032299.408640
353866.639323 4032299.410915
353866.649047 4032299.413192
353866.658771 4032299.415469
353866.668493 4032299.417635
353866.678216 4032299.419912
353866.687940 4032299.422189
353866.697753 4032299.424464
353866.707477 4032299.426741
353866.717201 4032299.429018
353866.726925 4032299.431295
353866.736648 4032299.433572
353866.746372 4032299.435849
353866.756185 4032299.438125
353866.765909 4032299.440402
353866.775631 4032299.442568
353866.785355 4032299.444845
353866.795078 4032299.447122
353866.804802 4032299.449399
353866.814615 4032299.451674
353866.824339 4032299.453951
353866.834063 4032299.456228
353866.843787 4032299.458505
353866.853510 4032299.460782
353866.863234 4032299.463059
353866.873047 4032299.465335
353866.882771 4032299.467612
353866.892493 4032299.469778
353866.902217 4032299.472055
353866.911940 4032299.474332
353866.921664 4032299.476609
353866.931388 4032299.478885
353866.941201 4032299.481161
353866.950925 4032299.483438
353866.960649 4032299.485715
353866.970372 4032299.487992
353866.980096 4032299.490269
353866.989820 4032299.492546
353866.999631 4032299.494710
353867.009355 4032299.496987
353867.019079 4032299.499264
353867.028803 4032299.501541
353867.038526 4032299.503818
353867.048250 4032299.506095
353867.058063 4032299.508371
353867.067787 4032299.510648
353867.077511 4032299.512925
353867.087235 4032299.515202
353867.096958 4032299.517479
353867.106682 4032299.519756
353867.116493 4032299.521920
353867.126217 4032299.524197
353867.135941 4032299.526474
353867.145665 4032299.528751
353867.155388 4032299.531028
353867.165112 4032299.533305
353867.174925 4032299.535580
353867.184649 4032299.537857
353867.194373 4032299.540134
353867.204097 4032299.542411
353867.213820 4032299.544688
353867.223542 4032299.546854
353867.233356 4032299.549130
353867.243079 4032299.551407
353867.252803 4032299.553684
353867.262527 4032299.555961
353867.272250 4032299.558238
353867.281974 4032299.560515
353867.291788 4032299.562790
353867.301511 4032299.565067
353867.311235 4032299.567344
353867.320959 4032299.569621
353867.330682 4032299.571898
353867.340404 4032299.574064
353867.350218 4032299.576340
353867.359941 4032299.578617
353867.369665 4032299.580894
353867.379389 4032299.583171
353867.389113 4032299.585448
353867.398836 4032299.587724
353867.408650 4032299.590000
353867.418373 4032299.592277
353867.428097 4032299.594554
353867.437821 4032299.596831
353867.447543 4032299.598997
353867.457266 4032299.601274
353867.466990 4032299.603551
353867.476803 4032299.605826
353867.486527 4032299.608103
353867.496251 4032299.610380
353867.505975 4032299.612657
353867.515698 4032299.614934
353867.525422 4032299.617211
353867.535235 4032299.619487
353867.544959 4032299.621764
353867.554683 4032299.624041
353867.564405 4032299.626207
353867.574128 4032299.628484
353867.583852 4032299.630761
353867.593666 4032299.633036
353867.603389 4032299.635313
353867.613113 4032299.637590
353867.622837 4032299.639867
353867.632560 4032299.642144
353867.642284 4032299.644421
353867.652098 4032299.646696
353867.661821 4032299.648973
353867.671543 4032299.651139
353867.681267 4032299.653416
353867.690991 4032299.655693
353867.700714 4032299.657970
353867.710528 4032299.660246
353867.720251 4032299.662523
353867.729975 4032299.664800
353867.739699 4032299.667077
353867.749423 4032299.669354
353867.759146 4032299.671631
353867.768960 4032299.673906
353867.778683 4032299.676183
353867.788405 4032299.678349
353867.798129 4032299.680626
353867.807853 4032299.682903
353867.817576 4032299.685180
353867.827390 4032299.687456
353867.837113 4032299.689733
353867.846837 4032299.692010
353867.856561 4032299.694287
353867.866285 4032299.696563
353867.876008 4032299.698840
353867.885822 4032299.701116
353867.895544 4032299.703282
353867.905267 4032299.705559
353867.914991 4032299.707836
353867.924715 4032299.710113
353867.934438 4032299.712390
353867.944252 4032299.714665
353867.953976 4032299.716942
353867.963699 4032299.719219
353867.973423 4032299.721496
353867.983147 4032299.723773
353867.992870 4032299.726050
353868.002592 4032299.728216
353868.012406 4032299.730492
353868.022129 4032299.732769
353868.031853 4032299.735046
353868.041577 4032299.737323
353868.051301 4032299.739600
353868.061024 4032299.741877
353868.070838 4032299.744152
353868.080561 4032299.746429
353868.090285 4032299.748706
353868.100009 4032299.750983
353868.109732 4032299.753260
353868.119454 4032299.755426
353868.129268 4032299.757701
353868.138991 4032299.759978
353868.148715 4032299.762255
353868.158439 4032299.764532
353868.168163 4032299.766809
353868.177886 4032299.769086
353868.187700 4032299.771362
353868.197423 4032299.773639
353868.207147 4032299.775916
353868.216871 4032299.778193
353868.226593 4032299.780359
353868.236316 4032299.782636
353868.246130 4032299.784911
353868.255854 4032299.787188
353868.265577 4032299.789465
353868.275301 4032299.791742
353868.285025 4032299.794019
353868.294748 4032299.796296
353868.304562 4032299.798572
353868.314285 4032299.800849
353868.324009 4032299.803126
353868.333733 4032299.805403
353868.343455 4032299.807569
353868.353178 4032299.809846
353868.362992 4032299.812121
353868.372716 4032299.814398
353868.382439 4032299.816675
353868.392163 4032299.818952
353868.401887 4032299.821229
353868.411610 4032299.823506
353868.421424 4032299.825781
353868.431148 4032299.828058
353868.440871 4032299.830335
353868.450593 4032299.832501
353868.460317 4032299.834778
353868.470041 4032299.837055
353868.479854 4032299.839331
353868.489578 4032299.841608
353868.499301 4032299.843885
353868.509025 4032299.846162
353868.518749 4032299.848439
353868.528473 4032299.850716
353868.538196 4032299.852993
353868.548010 4032299.855268
353868.557733 4032299.857545
353868.567455 4032299.859711
353868.577179 4032299.861988
353868.586903 4032299.864265
353868.596626 4032299.866542
353868.606440 4032299.868818
353868.616163 4032299.871094
353868.625887 4032299.873371
353868.635611 4032299.875648
353868.645335 4032299.877925
353868.655058 4032299.880202
353868.664872 4032299.882478
353868.674594 4032299.884644
353868.684317 4032299.886921
353868.694041 4032299.889198
353868.703765 4032299.891475
353868.713488 4032299.893752
353868.723302 4032299.896027
353868.733026 4032299.898304
353868.742749 4032299.900581
353868.752473 4032299.902858
353868.762197 4032299.905135
353868.771920 4032299.907412
353868.781734 4032299.909688
353868.791456 4032299.911854
353868.801179 4032299.914131
353868.810903 4032299.916408
353868.820627 4032299.918685
353868.830351 4032299.920962
353868.840164 4032299.923237
353868.849888 4032299.925514
353868.859611 4032299.927791
353868.869335 4032299.930068
353868.879059 4032299.932345
353868.888782 4032299.934622
353868.898594 4032299.936786
353868.908318 4032299.939063
353868.918041 4032299.941340
353868.927765 4032299.943617
353868.937489 4032299.945894
353868.947213 4032299.948171
353868.957026 4032299.950447
353868.966750 4032299.952724
353868.976473 4032299.955001
353868.986197 4032299.957278
353868.995921 4032299.959555
353869.005645 4032299.961832
353869.015456 4032299.963996
353869.025180 4032299.966273
353869.034903 4032299.968550
353869.044627 4032299.970827
353869.054351 4032299.973104
353869.064075 4032299.975381
353869.073798 4032299.977658
353869.083612 4032299.979934
353869.093335 4032299.982211
353869.103059 4032299.984488
353869.112783 4032299.986764
353869.122505 4032299.988931
353869.132228 4032299.991208
353869.142042 4032299.993483
353869.151766 4032299.995760
353869.161489 4032299.998037
353869.171213 4032300.000314
353869.180937 4032300.002591
353869.190660 4032300.004868
353869.200474 4032300.007143
353869.210198 4032300.009420
353869.219921 4032300.011697
353869.229645 4032300.013974
353869.239367 4032300.016140
353869.249091 4032300.018417
353869.258904 4032300.020693
353869.268628 4032300.022970
353869.278351 4032300.025247
353869.288075 4032300.027524
353869.297799 4032300.029801
353869.307523 4032300.032078
353869.317336 4032300.034353
353869.327060 4032300.036630
353869.336783 4032300.038907
353869.346505 4032300.041073
353869.356229 4032300.043350
353869.365953 4032300.045627
353869.375766 4032300.047903
353869.385490 4032300.050180
353869.395213 4032300.052456
353869.404937 4032300.054733
353869.414661 4032300.057010
353869.424385 4032300.059287
353869.434198 4032300.061563
353869.443922 4032300.063840
353869.453645 4032300.066117
353869.463367 4032300.068283
353869.473091 4032300.070560
353869.482815 4032300.072837
353869.492628 4032300.075112
353869.502352 4032300.077389
353869.512076 4032300.079666
353869.521799 4032300.081943
353869.531523 4032300.084220
353869.541247 4032300.086497
353869.551060 4032300.088773
353869.560784 4032300.091050
353869.570506 4032300.093216
353869.580229 4032300.095493
353869.589953 4032300.097770
353869.599677 4032300.100047
353869.609400 4032300.102324
353869.619214 4032300.104599
353869.628938 4032300.106876
353869.638661 4032300.109153
353869.648385 4032300.111430
353869.658109 4032300.113707
353869.667832 4032300.115984
353869.677646 4032300.118259
353869.687368 4032300.120425
353869.697091 4032300.122702
353869.706815 4032300.124979
353869.716539 4032300.127256
353869.726263 4032300.129533
353869.736076 4032300.131809
353869.745800 4032300.134086
353869.755523 4032300.136363
353869.765247 4032300.138640
353869.774971 4032300.140917
353869.784695 4032300.143194
353869.794506 4032300.145358
353869.804230 4032300.147635
353869.813953 4032300.149912
353869.823677 4032300.152189
353869.833401 4032300.154466
353869.843125 4032300.156743
353869.852938 4032300.159019
353869.862662 4032300.161296
353869.872385 4032300.163573
353869.882109 4032300.165850
353869.891833 4032300.168127
353869.901557 4032300.170404
353869.911368 4032300.172568
353869.921092 4032300.174845
353869.930816 4032300.177122
353869.940539 4032300.179399
353869.950263 4032300.181676
353869.959987 4032300.183953
353869.969800 4032300.186228
353869.979524 4032300.188505
353869.989247 4032300.190782
353869.998971 4032300.193059
353870.008695 4032300.195336
353870.018417 4032300.197502
353870.028230 4032300.199778
353870.037954 4032300.202055
353870.047678 4032300.204332
353870.057401 4032300.206609
353870.067125 4032300.208886
353870.076849 4032300.211163
353870.086662 4032300.213438
353870.096386 4032300.215715
353870.106110 4032300.217992
353870.115833 4032300.220269
353870.125557 4032300.222546
353870.135279 4032300.224712
353870.145003 4032300.226989
353870.154816 4032300.229265
353870.164540 4032300.231542
353870.174263 4032300.233819
353870.183987 4032300.236096
353870.193711 4032300.238373
353870.203435 4032300.240649
353870.213248 4032300.242925
353870.222972 4032300.245202
353870.232695 4032300.247479
353870.242417 4032300.249645
353870.252141 4032300.251922
353870.261865 4032300.254199
353870.271678 4032300.256474
353870.281402 4032300.258751
353870.291125 4032300.261028
353870.300849 4032300.263305
353870.310573 4032300.265582
353870.320297 4032300.267859
353870.330110 4032300.270135
353870.339834 4032300.272412
353870.349556 4032300.274578
353870.359279 4032300.276855
353870.369003 4032300.279132
353870.378727 4032300.281409
353870.388540 4032300.283684
353870.398264 4032300.285961
353870.407988 4032300.288238
353870.417711 4032300.290515
353870.427435 4032300.292792
353870.437159 4032300.295069
353870.446972 4032300.297345
353870.456696 4032300.299622
353870.466418 4032300.301788
353870.476141 4032300.304065
353870.485865 4032300.306342
353870.495589 4032300.308618
353870.505402 4032300.310894
353870.515126 4032300.313171
353870.524850 4032300.315448
353870.534573 4032300.317725
353870.544297 4032300.320002
353870.554021 4032300.322279
353870.563834 4032300.324554
353870.573556 4032300.326720
353870.583280 4032300.328997
353870.593003 4032300.331274
353870.602727 4032300.333551
353870.612451 4032300.335828
353870.622264 4032300.338104
353870.631988 4032300.340381
353870.641712 4032300.342658
353870.651435 4032300.344935
353870.661159 4032300.347212
353870.670883 4032300.349489
353870.680607 4032300.351766
353870.690418 4032300.353930
353870.700142 4032300.356207
353870.709865 4032300.358484
353870.719589 4032300.360761
353870.729313 4032300.363038
353870.739037 4032300.365315
353870.748850 4032300.367591
353870.758574 4032300.369867
353870.768297 4032300.372144
353870.778021 4032300.374421
353870.787745 4032300.376698
353870.797467 4032300.378864
353870.807280 4032300.381140
353870.817004 4032300.383417
353870.826728 4032300.385694
353870.836451 4032300.387971
353870.846175 4032300.390248
353870.855899 4032300.392525
353870.865712 4032300.394800
353870.875436 4032300.397077
353870.885159 4032300.399354
353870.894883 4032300.401631
353870.904607 4032300.403908
353870.914329 4032300.406074
353870.924142 4032300.408350
353870.933866 4032300.410627
353870.943590 4032300.412904
353870.953313 4032300.415181
353870.963037 4032300.417458
353870.972761 4032300.419735
353870.982574 4032300.422010
353870.992298 4032300.424287
353871.002022 4032300.426564
353871.011745 4032300.428841
353871.021467 4032300.431007
353871.031191 4032300.433284
353871.041004 4032300.435560
353871.050728 4032300.437837
353871.060452 4032300.440113
353871.070175 4032300.442390
353871.079899 4032300.444667
353871.089623 4032300.446944
353871.099436 4032300.449220
353871.109160 4032300.451497
353871.118884 4032300.453774
353871.128607 4032300.456051
353871.138329 4032300.458217
353871.148139 4032300.460270
353871.157945 4032300.462102
353871.167751 4032300.463934
353871.177646 4032300.465764
353871.187452 4032300.467596
353871.197258 4032300.469428
353871.207153 4032300.471258
353871.216959 4032300.473090
353871.226765 4032300.474921
353871.236571 4032300.476753
353871.246466 4032300.478583
353871.256272 4032300.480415
353871.266078 4032300.482247
353871.275884 4032300.484078
353871.285780 4032300.485909
353871.295585 4032300.487740
353871.305391 4032300.489572
353871.315197 4032300.491404
353871.325095 4032300.493345
353871.334901 4032300.495177
353871.344706 4032300.497008
353871.354512 4032300.498840
353871.364408 4032300.500670
353871.374214 4032300.502502
353871.384020 4032300.504334
353871.393825 4032300.506165
353871.403721 4032300.507996
353871.413527 4032300.509827
353871.423333 4032300.511659
353871.433139 4032300.513491
353871.443034 4032300.515321
353871.452840 4032300.517153
353871.462646 4032300.518984
353871.472452 4032300.520816
353871.482347 4032300.522646
353871.492153 4032300.524478
353871.501959 4032300.526310
353871.511854 4032300.528140
353871.521660 4032300.529972
353871.531466 4032300.531803
353871.541272 4032300.533635
353871.551168 4032300.535465
353871.560974 4032300.537297
353871.570779 4032300.539129
353871.580585 4032300.540961
353871.590481 4032300.542791
353871.600287 4032300.544622
353871.610093 4032300.546454
353871.619898 4032300.548286
353871.629794 4032300.550116
353871.639600 4032300.551948
353871.649406 4032300.553780
353871.659212 4032300.555611
353871.669107 4032300.557441
353871.678913 4032300.559273
353871.688719 4032300.561105
353871.698525 4032300.562937
353871.708420 4032300.564767
353871.718226 4032300.566599
353871.728032 4032300.568430
353871.737838 4032300.570262
353871.747733 4032300.572092
353871.757539 4032300.573924
353871.767347 4032300.575867
353871.777153 4032300.577698
353871.787048 4032300.579529
353871.796854 4032300.581360
353871.806660 4032300.583192
353871.816556 4032300.585022
353871.826362 4032300.586854
353871.836167 4032300.588686
353871.845973 4032300.590517
353871.855869 4032300.592348
353871.865675 4032300.594179
353871.875481 4032300.596011
353871.885286 4032300.597843
353871.895182 4032300.599673
353871.904988 4032300.601505
353871.914794 4032300.603336
353871.924600 4032300.605168
353871.934495 4032300.606998
353871.944301 4032300.608830
353871.954107 4032300.610662
353871.963913 4032300.612494
353871.973808 4032300.614324
353871.983614 4032300.616155
353871.993420 4032300.617987
353872.003226 4032300.619819
353872.013121 4032300.621649
353872.022927 4032300.623481
353872.032733 4032300.625313
353872.042539 4032300.627144
353872.052435 4032300.628974
353872.062240 4032300.630806
353872.072046 4032300.632638
353872.081852 4032300.634470
353872.091748 4032300.636300
353872.101554 4032300.638132
353872.111359 4032300.639963
353872.121165 4032300.641795
353872.131061 4032300.643625
353872.140867 4032300.645457
353872.150673 4032300.647289
353872.160568 4032300.649119
353872.170374 4032300.650951
353872.180180 4032300.652782
353872.189986 4032300.654614
353872.199881 4032300.656444
353872.209689 4032300.658387
353872.219495 4032300.660219
353872.229301 4032300.662050
353872.239196 4032300.663881
353872.249002 4032300.665712
353872.258808 4032300.667544
353872.268614 4032300.669376
353872.278509 4032300.671206
353872.288315 4032300.673038
353872.298121 4032300.674869
353872.307927 4032300.676701
353872.317823 4032300.678531
353872.327628 4032300.680363
353872.337434 4032300.682195
353872.347240 4032300.684026
353872.357136 4032300.685857
353872.366942 4032300.687688
353872.376747 4032300.689520
353872.386553 4032300.691352
353872.396449 4032300.693182
353872.406255 4032300.695014
353872.416061 4032300.696846
353872.425866 4032300.698677
353872.435762 4032300.700507
353872.445568 4032300.702339
353872.455374 4032300.704171
353872.465269 4032300.706001
353872.475075 4032300.707833
353872.484881 4032300.709665
353872.494687 4032300.711496
353872.504582 4032300.713326
353872.514388 4032300.715158
353872.524194 4032300.716990
353872.534000 4032300.718822
353872.543896 4032300.720652
353872.553701 4032300.722484
353872.563507 4032300.724315
353872.573313 4032300.726147
353872.583209 4032300.727977
353872.593015 4032300.729809
353872.602820 4032300.731641
353872.612626 4032300.733472
353872.622522 4032300.735303
353872.632328 4032300.737134
353872.642134 4032300.738966
353872.651941 4032300.740909
353872.661837 4032300.742739
353872.671643 4032300.744571
353872.681449 4032300.746402
353872.691254 4032300.748234
353872.701150 4032300.750064
353872.710956 4032300.751896
353872.720762 4032300.753728
353872.730568 4032300.755560
353872.740463 4032300.757390
353872.750269 4032300.759221
353872.760075 4032300.761053
353872.769970 4032300.762883
353872.779776 4032300.764715
353872.789582 4032300.766547
353872.799388 4032300.768379
353872.809284 4032300.770209
353872.819089 4032300.772040
353872.828895 4032300.773872
353872.838701 4032300.775704
353872.848597 4032300.777534
353872.858403 4032300.779366
353872.868208 4032300.781198
353872.878014 4032300.783029
353872.887910 4032300.784860
353872.897716 4032300.786691
353872.907522 4032300.788523
353872.917327 4032300.790355
353872.927223 4032300.792185
353872.937029 4032300.794017
353872.946835 4032300.795848
353872.956641 4032300.797680
353872.966536 4032300.799510
353872.976342 4032300.801342
353872.986148 4032300.803174
353872.995954 4032300.805005
353873.005849 4032300.806836
353873.015655 4032300.808667
353873.025461 4032300.810499
353873.035267 4032300.812331
353873.045162 4032300.814161
353873.054968 4032300.815993
353873.064774 4032300.817824
353873.074670 4032300.819655
353873.084476 4032300.821486
353873.094283 4032300.823429
353873.104089 4032300.825261
353873.113985 4032300.827091
353873.123791 4032300.828923
353873.133596 4032300.830754
353873.143402 4032300.832586
353873.153298 4032300.834416
353873.163104 4032300.836248
353873.172910 4032300.838080
353873.182715 4032300.839912
353873.192611 4032300.841742
353873.202417 4032300.843574
353873.212223 4032300.845405
353873.222029 4032300.847237
353873.231924 4032300.849067
353873.241730 4032300.850899
353873.251536 4032300.852731
353873.261342 4032300.854562
353873.271237 4032300.856393
353873.281043 4032300.858224
353873.290849 4032300.860056
353873.300655 4032300.861888
353873.310550 4032300.863718
353873.320356 4032300.865550
353873.330162 4032300.867381
353873.339968 4032300.869213
353873.349864 4032300.871043
353873.359669 4032300.872875
353873.369475 4032300.874707
353873.379281 4032300.876538
353873.389177 4032300.878369
353873.398983 4032300.880200
353873.408788 4032300.882032
353873.418684 4032300.883862
353873.428490 4032300.885694
353873.438296 4032300.887526
353873.448102 4032300.889358
353873.457997 4032300.891188
353873.467803 4032300.893019
353873.477609 4032300.894851
353873.487415 4032300.896683
353873.497310 4032300.898513
353873.507116 4032300.900345
353873.516922 4032300.902177
353873.526728 4032300.904008
353873.536625 4032300.905949
353873.546431 4032300.907781
353873.556237 4032300.909613
353873.566043 4032300.911445
353873.575938 4032300.913275
353873.585744 4032300.915107
353873.595550 4032300.916938
353873.605356 4032300.918770
353873.615252 4032300.920600
353873.625057 4032300.922432
353873.634863 4032300.924264
353873.644669 4032300.926095
353873.654565 4032300.927926
353873.664371 4032300.929757
353873.674176 4032300.931589
353873.683982 4032300.933421
353873.693878 4032300.935251
353873.703684 4032300.937083
353873.713490 4032300.938914
353873.723385 4032300.940745
353873.733191 4032300.942576
353873.742997 4032300.944408
353873.752803 4032300.946240
353873.762698 4032300.948070
353873.772504 4032300.949902
353873.782310 4032300.951733
353873.792116 4032300.953565
353873.802011 4032300.955395
353873.811817 4032300.957227
353873.821623 4032300.959059
353873.831429 4032300.960891
353873.841325 4032300.962721
353873.851130 4032300.964553
353873.860936 4032300.966384
353873.870742 4032300.968216
353873.880638 4032300.970046
353873.890444 4032300.971878
353873.900249 4032300.973710
353873.910055 4032300.975541
353873.919951 4032300.977372
353873.929757 4032300.979203
353873.939563 4032300.981035
353873.949368 4032300.982867
353873.959264 4032300.984697
353873.969070 4032300.986529
353873.978878 4032300.988471
353873.988683 4032300.990303
353873.998579 4032300.992133
353874.008385 4032300.993965
353874.018191 4032300.995797
353874.028086 4032300.997627
353874.037892 4032300.999459
353874.047698 4032301.001290
353874.057504 4032301.003122
353874.067399 4032301.004952
353874.077205 4032301.006784
353874.087011 4032301.008616
353874.096817 4032301.010447
353874.106713 4032301.012278
353874.116518 4032301.014109
353874.126324 4032301.015941
353874.136130 4032301.017773
353874.146026 4032301.019603
353874.155832 4032301.021435
353874.165637 4032301.023267
353874.175443 4032301.025098
353874.185339 4032301.026928
353874.195145 4032301.028760
353874.204951 4032301.030592
353874.214756 4032301.032424
353874.224652 4032301.034254
353874.234458 4032301.036086
353874.244264 4032301.037917
353874.254070 4032301.039749
353874.263965 4032301.041579
353874.273771 4032301.043411
353874.283577 4032301.045243
353874.293383 4032301.047074
353874.303278 4032301.048905
353874.313084 4032301.050736
353874.322890 4032301.052568
353874.332785 4032301.054398
353874.342591 4032301.056230
353874.352397 4032301.058062
353874.362203 4032301.059893
353874.372099 4032301.061724
353874.381904 4032301.063555
353874.391710 4032301.065387
353874.401516 4032301.067219
353874.411412 4032301.069049
353874.421220 4032301.070992
353874.431025 4032301.072823
353874.440831 4032301.074655
353874.450727 4032301.076485
353874.460533 4032301.078317
353874.470339 4032301.080149
353874.480144 4032301.081981
353874.490040 4032301.083811
353874.499846 4032301.085643
353874.509652 4032301.087474
353874.519458 4032301.089306
353874.529353 4032301.091136
353874.539159 4032301.092968
353874.548965 4032301.094800
353874.558771 4032301.096631
353874.568666 4032301.098462
353874.578472 4032301.100293
353874.588278 4032301.102125
353874.598084 4032301.103957
353874.607979 4032301.105787
353874.617785 4032301.107619
353874.627591 4032301.109450
353874.637397 4032301.111282
353874.647292 4032301.113112
353874.657098 4032301.114944
353874.666904 4032301.116776
353874.676800 4032301.118606
353874.686606 4032301.120438
353874.696411 4032301.122269
353874.706217 4032301.124101
353874.716113 4032301.125931
353874.725919 4032301.127763
353874.735725 4032301.129595
353874.745531 4032301.131427
353874.755426 4032301.133257
353874.765232 4032301.135089
353874.775038 4032301.136920
353874.784844 4032301.138752
353874.794739 4032301.140582
353874.804545 4032301.142414
353874.814351 4032301.144246
353874.824157 4032301.146077
353874.834052 4032301.147908
353874.843858 4032301.149739
353874.853666 4032301.151682
353874.863472 4032301.153514
353874.873367 4032301.155344
353874.883173 4032301.157176
353874.892979 4032301.159007
353874.902785 4032301.160839
353874.912680 4032301.162669
353874.922486 4032301.164501
353874.932292 4032301.166333
353874.942098 4032301.168164
353874.951994 4032301.169995
353874.961799 4032301.171826
353874.971605 4032301.173658
353874.981501 4032301.175488
353874.991307 4032301.177320
353875.001113 4032301.179152
353875.010918 4032301.180984
353875.020814 4032301.182814
353875.030620 4032301.184645
353875.040426 4032301.186477
353875.050232 4032301.188309
353875.060127 4032301.190139
353875.069933 4032301.191971
353875.079739 4032301.193803
353875.089545 4032301.195634
353875.099440 4032301.197465
353875.109246 4032301.199296
353875.119052 4032301.201128
353875.128858 4032301.202960
353875.138753 4032301.204790
353875.148559 4032301.206622
353875.158365 4032301.208453
353875.168171 4032301.210285
353875.178067 4032301.212115
353875.187872 4032301.213947
353875.197678 4032301.215779
353875.207484 4032301.217610
353875.217380 4032301.219441
353875.227186 4032301.221272
353875.236991 4032301.223104
353875.246797 4032301.224936
353875.256693 4032301.226766
353875.266499 4032301.228598
353875.276305 4032301.230430
353875.286200 4032301.232260
353875.296008 4032301.234202
353875.305814 4032301.236034
353875.315620 4032301.237866
353875.325515 4032301.239696
353875.335321 4032301.241528
353875.345127 4032301.243360
353875.354933 4032301.245191
353875.364828 4032301.247021
353875.374634 4032301.248853
353875.384440 4032301.250685
353875.394246 4032301.252517
353875.404141 4032301.254347
353875.413947 4032301.256179
353875.423753 4032301.258010
353875.433559 4032301.259842
353875.443455 4032301.261672
353875.453260 4032301.263504
353875.463066 4032301.265336
353875.472872 4032301.267167
353875.482768 4032301.268998
353875.492574 4032301.270829
353875.502379 4032301.272661
353875.512185 4032301.274493
353875.522081 4032301.276323
353875.531887 4032301.278155
353875.541693 4032301.279986
353875.551498 4032301.281818
353875.561394 4032301.283648
353875.571200 4032301.285480
353875.581006 4032301.287312
353875.590901 4032301.289142
353875.600707 4032301.290974
353875.610513 4032301.292806
353875.620319 4032301.294637
353875.630214 4032301.296467
353875.640020 4032301.298299
353875.649826 4032301.300131
353875.659632 4032301.301963
353875.669527 4032301.303793
353875.679333 4032301.305625
353875.689139 4032301.307456
353875.698945 4032301.309288
353875.708841 4032301.311118
353875.718647 4032301.312950
353875.728452 4032301.314782
353875.738260 4032301.316724
353875.748156 4032301.318555
353875.757962 4032301.320386
353875.767767 4032301.322218
353875.777573 4032301.324050
353875.787469 4032301.325880
353875.797275 4032301.327712
353875.807081 4032301.329543
353875.816886 4032301.331375
353875.826782 4032301.333205
353875.836588 4032301.335037
353875.846394 4032301.336869
353875.856200 4032301.338701
353875.866095 4032301.340531
353875.875901 4032301.342363
353875.885707 4032301.344194
353875.895513 4032301.346026
353875.905408 4032301.347856
353875.915214 4032301.349688
353875.925020 4032301.351520
353875.934915 4032301.353350
353875.944721 4032301.355182
353875.954527 4032301.357013
353875.964333 4032301.358845
353875.974229 4032301.360675
353875.984034 4032301.362507
353875.993840 4032301.364339
353876.003646 4032301.366170
353876.013542 4032301.368001
353876.023348 4032301.369832
353876.033153 4032301.371664
353876.042959 4032301.373496
353876.052855 4032301.375326
353876.062661 4032301.377158
353876.072467 4032301.378989
353876.082272 4032301.380821
353876.092168 4032301.382651
353876.101974 4032301.384483
353876.111780 4032301.386315
353876.121586 4032301.388147
353876.131481 4032301.389977
353876.141287 4032301.391809
353876.151093 4032301.393640
353876.160899 4032301.395472
353876.170794 4032301.397302
353876.180602 4032301.399245
353876.190408 4032301.401077
353876.200214 4032301.402908
353876.210109 4032301.404739
353876.219915 4032301.406570
353876.229721 4032301.408402
353876.239617 4032301.410232
353876.249422 4032301.412064
353876.259228 4032301.413896
353876.269034 4032301.415727
353876.278930 4032301.417558
353876.288736 4032301.419389
353876.298541 4032301.421221
353876.308347 4032301.423053
353876.318243 4032301.424883
353876.328049 4032301.426715
353876.337855 4032301.428546
353876.347660 4032301.430378
353876.357556 4032301.432208
353876.367362 4032301.434040
353876.377168 4032301.435872
353876.386974 4032301.437704
353876.396869 4032301.439534
353876.406675 4032301.441366
353876.416481 4032301.443197
353876.426287 4032301.445029
353876.436182 4032301.446859
353876.445988 4032301.448691
353876.455794 4032301.450523
353876.465600 4032301.452354
353876.475495 4032301.454185
353876.485301 4032301.456016
353876.495107 4032301.457848
353876.504913 4032301.459680
353876.514809 4032301.461510
353876.524614 4032301.463342
353876.534420 4032301.465173
353876.544316 4032301.467004
353876.554122 4032301.468835
353876.563928 4032301.470667
353876.573733 4032301.472499
353876.583629 4032301.474329
353876.593435 4032301.476161
353876.603241 4032301.477993
353876.613047 4032301.479824
353876.622944 4032301.481765
353876.632750 4032301.483597
353876.642556 4032301.485429
353876.652362 4032301.487261
353876.662257 4032301.489091
353876.672063 4032301.490923
353876.681869 4032301.492754
353876.691675 4032301.494586
353876.701570 4032301.496416
353876.711376 4032301.498248
353876.721182 4032301.500080
353876.730988 4032301.501911
353876.740883 4032301.503742
353876.750689 4032301.505573
353876.760495 4032301.507405
353876.770301 4032301.509237
353876.780196 4032301.511067
353876.790002 4032301.512899
353876.799808 4032301.514730
353876.809614 4032301.516562
353876.819510 4032301.518392
353876.829315 4032301.520224
353876.839121 4032301.522056
353876.849017 4032301.523886
353876.858823 4032301.525718
353876.868629 4032301.527550
353876.878434 4032301.529381
353876.888330 4032301.531211
353876.898136 4032301.533043
353876.907942 4032301.534875
353876.917748 4032301.536707
353876.927643 4032301.538537
353876.937449 4032301.540369
353876.947255 4032301.542200
353876.957061 4032301.544032
353876.966956 4032301.545862
353876.976762 4032301.547694
353876.986568 4032301.549526
353876.996374 4032301.551357
353877.006269 4032301.553188
353877.016075 4032301.555019
353877.025881 4032301.556851
353877.035687 4032301.558683
353877.045583 4032301.560513
353877.055388 4032301.562345
353877.065196 4032301.564287
353877.075002 4032301.566119
353877.084898 4032301.567949
353877.094703 4032301.569781
353877.104509 4032301.571613
353877.114315 4032301.573445
353877.124211 4032301.575275
353877.134017 4032301.577107
353877.143822 4032301.578938
353877.153628 4032301.580770
353877.163524 4032301.582600
353877.173333 4032301.584654
353877.183053 4032301.586709
353877.192863 4032301.588762
353877.202673 4032301.590816
353877.212393 4032301.592871
353877.222200 4032301.594814
353877.232010 4032301.596867
353877.241820 4032301.598921
353877.251540 4032301.600976
353877.261349 4032301.603030
353877.271159 4032301.605083
353877.280968 4032301.607137
353877.290688 4032301.609192
353877.300498 4032301.611246
353877.310308 4032301.613299
353877.320117 4032301.615353
353877.329837 4032301.617408
353877.339647 4032301.619462
353877.349456 4032301.621515
353877.359266 4032301.623569
353877.368986 4032301.625624
353877.378796 4032301.627678
353877.388605 4032301.629731
353877.398415 4032301.631785
353877.408135 4032301.633840
353877.417944 4032301.635893
353877.427754 4032301.637947
353877.437474 4032301.640002
353877.447284 4032301.642056
353877.457093 4032301.644109
353877.466903 4032301.646163
353877.476623 4032301.648218
353877.486433 4032301.650272
353877.496242 4032301.652325
353877.506052 4032301.654379
353877.515772 4032301.656434
353877.525579 4032301.658377
353877.535389 4032301.660430
353877.545199 4032301.662484
353877.554919 4032301.664539
353877.564728 4032301.666593
353877.574538 4032301.668646
353877.584348 4032301.670700
353877.594068 4032301.672755
353877.603877 4032301.674809
353877.613687 4032301.676862
353877.623407 4032301.678917
353877.633216 4032301.680971
353877.643026 4032301.683024
353877.652836 4032301.685078
353877.662556 4032301.687133
353877.672365 4032301.689187
353877.682175 4032301.691240
353877.691984 4032301.693294
353877.701704 4032301.695349
353877.711514 4032301.697403
353877.721324 4032301.699456
353877.731133 4032301.701510
353877.740853 4032301.703565
353877.750663 4032301.705619
353877.760472 4032301.707672
353877.770282 4032301.709726
353877.780002 4032301.711781
353877.789812 4032301.713835
353877.799621 4032301.715888
353877.809431 4032301.717942
353877.819151 4032301.719997
353877.828960 4032301.722050
353877.838768 4032301.723993
353877.848488 4032301.726048
353877.858298 4032301.728102
353877.868107 4032301.730155
353877.877917 4032301.732209
353877.887637 4032301.734264
353877.897447 4032301.736318
353877.907256 4032301.738371
353877.917066 4032301.740425
353877.926786 4032301.742480
353877.936595 4032301.744534
353877.946405 4032301.746587
353877.956215 4032301.748641
353877.965935 4032301.750696
353877.975744 4032301.752750
353877.985554 4032301.754803
353877.995363 4032301.756857
353878.005083 4032301.758912
353878.014893 4032301.760965
353878.024703 4032301.763019
353878.034512 4032301.765073
353878.044232 4032301.767128
353878.054042 4032301.769181
353878.063852 4032301.771235
353878.073571 4032301.773290
353878.083381 4032301.775344
353878.093191 4032301.777397
353878.103000 4032301.779451
353878.112720 4032301.781506
353878.122530 4032301.783560
353878.132340 4032301.785613
353878.142147 4032301.787556
353878.151867 4032301.789611
353878.161677 4032301.791665
353878.171487 4032301.793718
353878.181296 4032301.795772
353878.191016 4032301.797827
353878.200826 4032301.799881
353878.210635 4032301.801934
353878.220445 4032301.803988
353878.230165 4032301.806043
353878.239975 4032301.808096
353878.249784 4032301.810150
353878.259504 4032301.812205
353878.269314 4032301.814259
353878.279123 4032301.816312
353878.288933 4032301.818366
353878.298653 4032301.820421
353878.308463 4032301.822475
353878.318272 4032301.824528
353878.328082 4032301.826582
353878.337802 4032301.828637
353878.347611 4032301.830691
353878.357421 4032301.832744
353878.367231 4032301.834798
353878.376951 4032301.836853
353878.386760 4032301.838907
353878.396570 4032301.840960
353878.406379 4032301.843014
353878.416099 4032301.845069
353878.425909 4032301.847122
353878.435719 4032301.849176
353878.445528 4032301.851230
353878.455246 4032301.853174
353878.465056 4032301.855227
353878.474866 4032301.857281
353878.484586 4032301.859336
353878.494395 4032301.861390
353878.504205 4032301.863443
353878.514014 4032301.865497
353878.523734 4032301.867552
353878.533544 4032301.869606
353878.543354 4032301.871659
353878.553163 4032301.873713
353878.562883 4032301.875768
353878.572693 4032301.877822
353878.582502 4032301.879875
353878.592312 4032301.881929
353878.602032 4032301.883984
353878.611842 4032301.886038
353878.621651 4032301.888091
353878.631461 4032301.890145
353878.641181 4032301.892200
353878.650990 4032301.894253
353878.660800 4032301.896307
353878.670610 4032301.898361
353878.680330 4032301.900416
353878.690139 4032301.902469
353878.699949 4032301.904523
353878.709669 4032301.906578
353878.719478 4032301.908632
353878.729288 4032301.910685
353878.739098 4032301.912739
353878.748818 4032301.914794
353878.758625 4032301.916737
353878.768435 4032301.918790
353878.778245 4032301.920844
353878.787965 4032301.922899
353878.797774 4032301.924953
353878.807584 4032301.927006
353878.817394 4032301.929060
353878.827113 4032301.931115
353878.836923 4032301.933169
353878.846733 4032301.935222
353878.856542 4032301.937276
353878.866262 4032301.939331
353878.876072 4032301.941385
353878.885882 4032301.943438
353878.895691 4032301.945492
353878.905411 4032301.947547
353878.915221 4032301.949600
353878.925030 4032301.951654
353878.934750 4032301.953709
353878.944560 4032301.955763
353878.954370 4032301.957816
353878.964179 4032301.959870
353878.973899 4032301.961925
353878.983709 4032301.963979
353878.993518 4032301.966032
353879.003328 4032301.968086
353879.013048 4032301.970141
353879.022858 4032301.972195
353879.032667 4032301.974248
353879.042477 4032301.976302
353879.052197 4032301.978357
353879.062006 4032301.980411
353879.071814 4032301.982353
353879.081624 4032301.984407
353879.091344 4032301.986462
353879.101153 4032301.988516
353879.110963 4032301.990569
353879.120683 4032301.992624
353879.130493 4032301.994678
353879.140302 4032301.996731
353879.150112 4032301.998785
353879.159832 4032302.000840
353879.169641 4032302.002894
353879.179451 4032302.004947
353879.189261 4032302.007001
353879.198981 4032302.009056
353879.208790 4032302.011110
353879.218600 4032302.013163
353879.228409 4032302.015217
353879.238129 4032302.017272
353879.247939 4032302.019326
353879.257749 4032302.021379
353879.267558 4032302.023433
353879.277278 4032302.025488
353879.287088 4032302.027542
353879.296897 4032302.029595
353879.306707 4032302.031649
353879.316427 4032302.033704
353879.326237 4032302.035757
353879.336046 4032302.037811
353879.345766 4032302.039866
353879.355576 4032302.041920
353879.365385 4032302.043973
353879.375193 4032302.045916
353879.384913 4032302.047971
353879.394723 4032302.050025
353879.404532 4032302.052078
353879.414342 4032302.054132
353879.424062 4032302.056187
353879.433872 4032302.058241
353879.443681 4032302.060294
353879.453491 4032302.062348
353879.463211 4032302.064403
353879.473020 4032302.066457
353879.482830 4032302.068510
353879.492640 4032302.070564
353879.502360 4032302.072619
353879.512169 4032302.074673
353879.521979 4032302.076726
353879.531789 4032302.078780
353879.541508 4032302.080835
353879.551318 4032302.082888
353879.561128 4032302.084942
353879.570848 4032302.086997
353879.580657 4032302.089051
353879.590467 4032302.091104
353879.600277 4032302.093158
353879.609996 4032302.095213
353879.619806 4032302.097267
353879.629616 4032302.099320
353879.639425 4032302.101374
353879.649145 4032302.103429
353879.658955 4032302.105483
353879.668765 4032302.107536
353879.678574 4032302.109590
353879.688292 4032302.111534
353879.698102 4032302.113588
353879.707911 4032302.115641
353879.717721 4032302.117695
353879.727441 4032302.119750
353879.737251 4032302.121804
353879.747060 4032302.123857
353879.756780 4032302.125912
353879.766590 4032302.127966
353879.776400 4032302.130020
353879.786209 4032302.132073
353879.795929 4032302.134128
353879.805739 4032302.136182
353879.815548 4032302.138235
353879.825358 4032302.140289
353879.835078 4032302.142344
353879.844888 4032302.144398
353879.854697 4032302.146451
353879.864507 4032302.148505
353879.874227 4032302.150560
353879.884036 4032302.152614
353879.893846 4032302.154667
353879.903656 4032302.156721
353879.913376 4032302.158776
353879.923185 4032302.160830
353879.932995 4032302.162883
353879.942804 4032302.164937
353879.952524 4032302.166992
353879.962334 4032302.169046
353879.972144 4032302.171099
353879.981864 4032302.173154
353879.991671 4032302.175097
353880.001481 4032302.177151
353880.011291 4032302.179204
353880.021011 4032302.181259
353880.030820 4032302.183313
353880.040630 4032302.185366
353880.050439 4032302.187420
353880.060159 4032302.189475
353880.069969 4032302.191529
353880.079779 4032302.193582
353880.089588 4032302.195636
353880.099308 4032302.197691
353880.109118 4032302.199745
353880.118927 4032302.201798
353880.128737 4032302.203852
353880.138457 4032302.205907
353880.148267 4032302.207961
353880.158076 4032302.210014
353880.167886 4032302.212068
353880.177606 4032302.214123
353880.187415 4032302.216177
353880.197225 4032302.218230
353880.206945 4032302.220285
353880.216755 4032302.222339
353880.226564 4032302.224393
353880.236374 4032302.226446
353880.246094 4032302.228501
353880.255903 4032302.230555
353880.265713 4032302.232608
353880.275523 4032302.234662
353880.285243 4032302.236717
353880.295052 4032302.238771
353880.304860 4032302.240713
353880.314670 4032302.242767
353880.324390 4032302.244822
353880.334199 4032302.246876
353880.344009 4032302.248929
353880.353818 4032302.250983
353880.363538 4032302.253038
353880.373348 4032302.255092
353880.383158 4032302.257145
353880.392878 4032302.259200
353880.402687 4032302.261254
353880.412497 4032302.263308
353880.422306 4032302.265361
353880.432026 4032302.267416
353880.441836 4032302.269470
353880.451646 4032302.271524
353880.461455 4032302.273577
353880.471175 4032302.275632
353880.480985 4032302.277686
353880.490794 4032302.279740
353880.500604 4032302.281793
353880.510324 4032302.283848
353880.520134 4032302.285902
353880.529943 4032302.287955
353880.539753 4032302.290009
353880.549473 4032302.292064
353880.559283 4032302.294118
353880.569092 4032302.296171
353880.578902 4032302.298225
353880.588622 4032302.300280
353880.598431 4032302.302334
353880.608239 4032302.304276
353880.617959 4032302.306331
353880.627769 4032302.308385
353880.637578 4032302.310439
353880.647388 4032302.312492
353880.657108 4032302.314547
353880.666917 4032302.316601
353880.676727 4032302.318655
353880.686537 4032302.320708
353880.696257 4032302.322763
353880.706066 4032302.324817
353880.715876 4032302.326871
353880.725686 4032302.328924
353880.735405 4032302.330979
353880.745215 4032302.333033
353880.755025 4032302.335086
353880.764834 4032302.337140
353880.774554 4032302.339195
353880.784364 4032302.341249
353880.794174 4032302.343302
353880.803983 4032302.345356
353880.813703 4032302.347411
353880.823513 4032302.349465
353880.833322 4032302.351518
353880.843042 4032302.353573
353880.852852 4032302.355627
353880.862662 4032302.357681
353880.872471 4032302.359734
353880.882191 4032302.361789
353880.892001 4032302.363843
353880.901810 4032302.365897
353880.911620 4032302.367950
353880.921338 4032302.369894
353880.931148 4032302.371948
353880.940957 4032302.374002
353880.950767 4032302.376055
353880.960487 4032302.378110
353880.970297 4032302.380164
353880.980106 4032302.382218
353880.989916 4032302.384271
353880.999636 4032302.386326
353881.009445 4032302.388380
353881.019255 4032302.390433
353881.029065 4032302.392487
353881.038785 4032302.394542
353881.048594 4032302.396596
353881.058404 4032302.398649
353881.068124 4032302.400705
353881.077933 4032302.402758
353881.087743 4032302.404812
353881.097553 4032302.406865
353881.107273 4032302.408920
353881.117082 4032302.410974
353881.126892 4032302.413028
353881.136701 4032302.415081
353881.146421 4032302.417136
353881.156231 4032302.419190
353881.166041 4032302.421244
353881.175850 4032302.423297
353881.185570 4032302.425352
353881.195380 4032302.427406
353881.205189 4032302.429460
353881.214999 4032302.431513
353881.224719 4032302.433568
353881.234527 4032302.435511
353881.244336 4032302.437565
353881.254056 4032302.439620
353881.263866 4032302.441673
353881.273676 4032302.443727
353881.283485 4032302.445780
353881.293205 4032302.447836
353881.303015 4032302.449889
353881.312824 4032302.451943
353881.322634 4032302.453996
353881.332354 4032302.456052
353881.342164 4032302.458105
353881.351973 4032302.460159
353881.361783 4032302.462212
353881.371503 4032302.464267
353881.381312 4032302.466321
353881.391122 4032302.468375
353881.400932 4032302.470428
353881.410652 4032302.472483
353881.420461 4032302.474537
353881.430271 4032302.476591
353881.440080 4032302.478644
353881.449800 4032302.480699
353881.459610 4032302.482753
353881.469420 4032302.484807
353881.479140 4032302.486862
353881.488949 4032302.488915
353881.498759 4032302.490969
353881.508568 4032302.493023
353881.518288 4032302.495078
353881.528098 4032302.497131
353881.537906 4032302.499074
353881.547715 4032302.501128
353881.557435 4032302.503183
353881.567245 4032302.505236
353881.577055 4032302.507290
353881.586864 4032302.509343
353881.596584 4032302.511399
353881.606394 4032302.513452
353881.616203 4032302.515506
353881.626013 4032302.517559
353881.635733 4032302.519614
353881.645543 4032302.521668
353881.655352 4032302.523722
353881.665162 4032302.525775
353881.674882 4032302.527830
353881.684691 4032302.529884
353881.694501 4032302.531938
353881.704221 4032302.533993
353881.714031 4032302.536046
353881.723840 4032302.538100
353881.733650 4032302.540154
353881.743370 4032302.542209
353881.753179 4032302.544262
353881.762989 4032302.546316
353881.772799 4032302.548370
353881.782519 4032302.550425
353881.792328 4032302.552478
353881.802138 4032302.554532
353881.811947 4032302.556585
353881.821667 4032302.558641
353881.831477 4032302.560694
353881.841287 4032302.562748
353881.851094 4032302.564690
353881.860814 4032302.566746
353881.870624 4032302.568799
353881.880434 4032302.570853
353881.890154 4032302.572908
353881.899963 4032302.574962
353881.909773 4032302.577015
353881.919582 4032302.579069
353881.929302 4032302.581124
353881.939112 4032302.583177
353881.948922 4032302.585231
353881.958731 4032302.587285
353881.968451 4032302.589340
353881.978261 4032302.591393
353881.988070 4032302.593447
353881.997880 4032302.595501
353882.007600 4032302.597556
353882.017410 4032302.599609
353882.027219 4032302.601663
353882.037029 4032302.603717
353882.046749 4032302.605772
353882.056558 4032302.607825
353882.066368 4032302.609879
353882.076178 4032302.611932
353882.085898 4032302.613988
353882.095707 4032302.616041
353882.105517 4032302.618095
353882.115237 4032302.620150
353882.125046 4032302.622204
353882.134856 4032302.624257
353882.144666 4032302.626311
353882.154384 4032302.628255
353882.164193 4032302.630309
353882.174003 4032302.632362
353882.183813 4032302.634416
353882.193533 4032302.636471
353882.203342 4032302.638524
353882.213152 4032302.640578
353882.222961 4032302.642632
353882.232681 4032302.644687
353882.242491 4032302.646740
353882.252301 4032302.648794
353882.262110 4032302.650848
353882.271830 4032302.652903
353882.281640 4032302.654956
353882.291449 4032302.657010
353882.301259 4032302.659064
353882.310979 4032302.661119
353882.320789 4032302.663172
353882.330598 4032302.665226
353882.340318 4032302.667281
353882.350128 4032302.669335
353882.359938 4032302.671388
353882.369747 4032302.673442
353882.379467 4032302.675497
353882.389277 4032302.677551
353882.399086 4032302.679604
353882.408896 4032302.681658
353882.418616 4032302.683713
353882.428426 4032302.685767
353882.438235 4032302.687820
353882.448045 4032302.689874
353882.457765 4032302.691929
353882.467572 4032302.693872
353882.477382 4032302.695925
353882.487192 4032302.697979
353882.496912 4032302.700034
353882.506721 4032302.702087
353882.516531 4032302.704141
353882.526341 4032302.706195
353882.536060 4032302.708250
353882.545870 4032302.710303
353882.555680 4032302.712357
353882.565400 4032302.714412
353882.575209 4032302.716466
353882.585019 4032302.718519
353882.594829 4032302.720573
353882.604548 4032302.722628
353882.614358 4032302.724682
353882.624168 4032302.726735
353882.633977 4032302.728789
353882.643697 4032302.730844
353882.653507 4032302.732898
353882.663317 4032302.734951
353882.673126 4032302.737005
353882.682846 4032302.739060
353882.692656 4032302.741114
353882.702465 4032302.743167
353882.712275 4032302.745221
353882.721995 4032302.747276
353882.731805 4032302.749330
353882.741614 4032302.751383
353882.751334 4032302.753438
353882.761144 4032302.755492
353882.770951 4032302.757435
353882.780761 4032302.759488
353882.790481 4032302.761543
353882.800291 4032302.763597
353882.810100 4032302.765650
353882.819910 4032302.767704
353882.829630 4032302.769759
353882.839439 4032302.771813
353882.849249 4032302.773866
353882.859059 4032302.775920
353882.868779 4032302.777975
353882.878588 4032302.780029
353882.888398 4032302.782082
353882.898208 4032302.784136
353882.907928 4032302.786191
353882.917737 4032302.788245
353882.927547 4032302.790298
353882.937356 4032302.792352
353882.947076 4032302.794407
353882.956886 4032302.796461
353882.966696 4032302.798514
353882.976416 4032302.800569
353882.986225 4032302.802623
353882.996035 4032302.804677
353883.005844 4032302.806730
353883.015564 4032302.808785
353883.025374 4032302.810839
353883.035184 4032302.812892
353883.044993 4032302.814946
353883.054713 4032302.817001
353883.064523 4032302.819055
353883.074332 4032302.821108
353883.084140 4032302.823051
353883.094030 4032302.824549
353883.103832 4032302.826158
353883.113722 4032302.827656
353883.123614 4032302.829264
353883.133504 4032302.830762
353883.143395 4032302.832370
353883.153285 4032302.833867
353883.163177 4032302.835476
353883.172977 4032302.836975
353883.182869 4032302.838583
353883.192759 4032302.840080
353883.202651 4032302.841689
353883.212541 4032302.843186
353883.222432 4032302.844794
353883.232322 4032302.846292
353883.242125 4032302.847902
353883.252014 4032302.849399
353883.261906 4032302.851008
353883.271796 4032302.852505
353883.281688 4032302.854113
353883.291578 4032302.855611
353883.301470 4032302.857219
353883.311270 4032302.858718
353883.321160 4032302.860215
353883.331051 4032302.861824
353883.340941 4032302.863321
353883.350833 4032302.864929
353883.360723 4032302.866427
353883.370525 4032302.868037
353883.380415 4032302.869534
353883.390307 4032302.871143
353883.400197 4032302.872640
353883.410088 4032302.874248
353883.419978 4032302.875746
353883.429870 4032302.877354
353883.439670 4032302.878853
353883.449562 4032302.880461
353883.459452 4032302.881959
353883.469344 4032302.883567
353883.479234 4032302.885065
353883.489125 4032302.886673
353883.499015 4032302.888170
353883.508817 4032302.889780
353883.518707 4032302.891278
353883.528599 4032302.892886
353883.538489 4032302.894383
353883.548379 4032302.895881
353883.558271 4032302.897489
353883.568161 4032302.898986
353883.577963 4032302.900596
353883.587853 4032302.902094
353883.597744 4032302.903702
353883.607634 4032302.905200
353883.617526 4032302.906808
353883.627416 4032302.908305
353883.637308 4032302.909914
353883.647108 4032302.911413
353883.657000 4032302.913021
353883.666890 4032302.914518
353883.676781 4032302.916127
353883.686671 4032302.917624
353883.696563 4032302.919232
353883.706363 4032302.920731
353883.716255 4032302.922340
353883.726145 4032302.923837
353883.736037 4032302.925445
353883.745927 4032302.926943
353883.755818 4032302.928551
353883.765708 4032302.930049
353883.775509 4032302.931548
353883.785400 4032302.933156
353883.795290 4032302.934653
353883.805182 4032302.936262
353883.815072 4032302.937759
353883.824964 4032302.939367
353883.834854 4032302.940865
353883.844656 4032302.942475
353883.854546 4032302.943972
353883.864437 4032302.945581
353883.874327 4032302.947078
353883.884219 4032302.948686
353883.894109 4032302.950184
353883.904001 4032302.951792
353883.913801 4032302.953291
353883.923693 4032302.954899
353883.933583 4032302.956397
353883.943474 4032302.958005
353883.953364 4032302.959503
353883.963256 4032302.961111
353883.973146 4032302.962608
353883.982948 4032302.964218
353883.992838 4032302.965716
353884.002728 4032302.967213
353884.012620 4032302.968821
353884.022510 4032302.970319
353884.032401 4032302.971927
353884.042291 4032302.973424
353884.052093 4032302.975034
353884.061983 4032302.976532
353884.071875 4032302.978140
353884.081765 4032302.979638
353884.091657 4032302.981246
353884.101547 4032302.982743
353884.111349 4032302.984353
353884.121239 4032302.985851
353884.131130 4032302.987459
353884.141020 4032302.988956
353884.150912 4032302.990565
353884.160802 4032302.992062
353884.170694 4032302.993670
353884.180494 4032302.995169
353884.190386 4032302.996778
353884.200276 4032302.998275
353884.210167 4032302.999883
353884.220057 4032303.001381
353884.229947 4032303.002878
353884.239839 4032303.004487
353884.249639 4032303.005986
353884.259531 4032303.007594
353884.269421 4032303.009091
353884.279313 4032303.010700
353884.289203 4032303.012197
353884.299094 4032303.013805
353884.308984 4032303.015303
353884.318786 4032303.016913
353884.328676 4032303.018410
353884.338568 4032303.020019
353884.348458 4032303.021516
353884.358350 4032303.023124
353884.368240 4032303.024622
353884.378131 4032303.026230
353884.387932 4032303.027729
353884.397823 4032303.029337
353884.407713 4032303.030835
353884.417605 4032303.032443
353884.427495 4032303.033941
353884.437387 4032303.035549
353884.447187 4032303.037048
353884.457077 4032303.038545
353884.466969 4032303.040154
353884.476858 4032303.041651
353884.486750 4032303.043259
353884.496640 4032303.044757
353884.506532 4032303.046365
353884.516332 4032303.047864
353884.526224 4032303.049472
353884.536114 4032303.050970
353884.546006 4032303.052578
353884.555895 4032303.054076
353884.565787 4032303.055684
353884.575677 4032303.057181
353884.585479 4032303.058791
353884.595369 4032303.060289
353884.605261 4032303.061897
353884.615151 4032303.063394
353884.625043 4032303.065003
353884.634932 4032303.066500
353884.644824 4032303.068108
353884.654624 4032303.069607
353884.664516 4032303.071216
353884.674406 4032303.072713
353884.684296 4032303.074211
353884.694188 4032303.075819
353884.704078 4032303.077316
353884.713969 4032303.078925
353884.723770 4032303.080424
353884.733662 4032303.082032
353884.743551 4032303.083529
353884.753443 4032303.085138
353884.763333 4032303.086635
353884.773225 4032303.088244
353884.783115 4032303.089741
353884.792917 4032303.091351
353884.802807 4032303.092848
353884.812699 4032303.094457
353884.822588 4032303.095954
353884.832480 4032303.097562
353884.842370 4032303.099060
353884.852172 4032303.100670
353884.862062 4032303.102167
353884.871954 4032303.103775
353884.881844 4032303.105273
353884.891736 4032303.106881
353884.901625 4032303.108379
353884.911515 4032303.109876
353884.921317 4032303.111486
353884.931207 4032303.112983
353884.941099 4032303.114592
353884.950989 4032303.116089
353884.960881 4032303.117697
353884.970771 4032303.119195
353884.980662 4032303.120803
353884.990463 4032303.122302
353885.000354 4032303.123910
353885.010244 4032303.125408
353885.020136 4032303.127016
353885.030026 4032303.128514
353885.039918 4032303.130122
353885.049808 4032303.131619
353885.059610 4032303.133229
353885.069500 4032303.134727
353885.079391 4032303.136335
353885.089281 4032303.137832
353885.099173 4032303.139441
353885.109063 4032303.140938
353885.118955 4032303.142547
353885.128755 4032303.144045
353885.138647 4032303.145654
353885.148537 4032303.147151
353885.158427 4032303.148649
353885.168318 4032303.150257
353885.178208 4032303.151754
353885.188010 4032303.153364
353885.197900 4032303.154862
353885.207792 4032303.156470
353885.217682 4032303.157967
353885.227574 4032303.159576
353885.237464 4032303.161073
353885.247355 4032303.162682
353885.257156 4032303.164181
353885.267047 4032303.165789
353885.276937 4032303.167286
353885.286829 4032303.168895
353885.296719 4032303.170392
353885.306611 4032303.172000
353885.316501 4032303.173498
353885.326303 4032303.175108
353885.336193 4032303.176605
353885.346084 4032303.178213
353885.355974 4032303.179711
353885.365866 4032303.181319
353885.375756 4032303.182817
353885.385646 4032303.184314
353885.395448 4032303.185924
353885.405338 4032303.187421
353885.415230 4032303.189030
353885.425120 4032303.190527
353885.435011 4032303.192135
353885.444901 4032303.193633
353885.454793 4032303.195241
353885.464593 4032303.196740
353885.474485 4032303.198348
353885.484375 4032303.199846
353885.494267 4032303.201454
353885.504157 4032303.202952
353885.514048 4032303.204560
353885.523938 4032303.206057
353885.533740 4032303.207667
353885.543630 4032303.209165
353885.553522 4032303.210773
353885.563412 4032303.212270
353885.573304 4032303.213879
353885.583194 4032303.215376
353885.592996 4032303.216986
353885.602886 4032303.218484
353885.612776 4032303.219981
353885.622667 4032303.221589
353885.632557 4032303.223087
353885.642449 4032303.224695
353885.652339 4032303.226192
353885.662141 4032303.227802
353885.672031 4032303.229300
353885.681923 4032303.230908
353885.691813 4032303.232406
353885.701704 4032303.234014
353885.711594 4032303.235511
353885.721486 4032303.237120
353885.731286 4032303.238619
353885.741178 4032303.240227
353885.751068 4032303.241724
353885.760960 4032303.243333
353885.770850 4032303.244830
353885.780741 4032303.246438
353885.790631 4032303.247936
353885.800433 4032303.249546
353885.810323 4032303.251043
353885.820215 4032303.252652
353885.830105 4032303.254149
353885.839995 4032303.255646
353885.849887 4032303.257255
353885.859776 4032303.258752
353885.869579 4032303.260362
353885.879468 4032303.261859
353885.889360 4032303.263468
353885.899250 4032303.264965
353885.909142 4032303.266574
353885.919032 4032303.268071
353885.928834 4032303.269681
353885.938724 4032303.271178
353885.948616 4032303.272787
353885.958505 4032303.274284
353885.968397 4032303.275892
353885.978287 4032303.277390
353885.988179 4032303.278998
353885.997979 4032303.280497
353886.007871 4032303.282105
353886.017761 4032303.283603
353886.027653 4032303.285211
353886.037542 4032303.286709
353886.047434 4032303.288317
353886.057324 4032303.289814
353886.067124 4032303.291313
353886.077016 4032303.292922
353886.086906 4032303.294419
353886.096798 4032303.296027
353886.106688 4032303.297525
353886.116580 4032303.299133
353886.126469 4032303.300631
353886.136272 4032303.302240
353886.146161 4032303.303738
353886.156053 4032303.305346
353886.165943 4032303.306844
353886.175835 4032303.308452
353886.185725 4032303.309949
353886.195617 4032303.311558
353886.205417 4032303.313057
353886.215309 4032303.314665
353886.225198 4032303.316162
353886.235090 4032303.317771
353886.244980 4032303.319268
353886.254872 4032303.320877
353886.264762 4032303.322374
353886.274564 4032303.323984
353886.284454 4032303.325481
353886.294344 4032303.326979
353886.304235 4032303.328587
353886.314125 4032303.330084
353886.324017 4032303.331693
353886.333817 4032303.333192
353886.343709 4032303.334800
353886.353599 4032303.336298
353886.363491 4032303.337906
353886.373381 4032303.339403
353886.383272 4032303.341012
353886.393162 4032303.342509
353886.402964 4032303.344119
353886.412854 4032303.345616
353886.422746 4032303.347225
353886.432636 4032303.348722
353886.442528 4032303.350330
353886.452418 4032303.351828
353886.462309 4032303.353436
353886.472110 4032303.354935
353886.482001 4032303.356544
353886.491891 4032303.358041
353886.501783 4032303.359649
353886.511673 4032303.361147
353886.521563 4032303.362644
353886.531455 4032303.364252
353886.541255 4032303.365751
353886.551147 4032303.367360
353886.561037 4032303.368857
353886.570928 4032303.370466
353886.580818 4032303.371963
353886.590710 4032303.373571
353886.600600 4032303.375069
353886.610402 4032303.376679
353886.620292 4032303.378176
353886.630184 4032303.379784
353886.640074 4032303.381282
353886.649965 4032303.382890
353886.659855 4032303.384388
353886.669657 4032303.385997
353886.679547 4032303.387495
353886.689439 4032303.389103
353886.699329 4032303.390601
353886.709221 4032303.392209
353886.719111 4032303.393706
353886.729002 4032303.395315
353886.738803 4032303.396814
353886.748693 4032303.398311
353886.758584 4032303.399919
353886.768474 4032303.401417
353886.778366 4032303.403025
353886.788256 4032303.404523
353886.798148 4032303.406131
353886.807948 4032303.407630
353886.817840 4032303.409238
353886.827730 4032303.410736
353886.837621 4032303.412344
353886.847511 4032303.413841
353886.857403 4032303.415450
353886.867293 4032303.416947
353886.877095 4032303.418557
353886.886985 4032303.420055
353886.896877 4032303.421663
353886.906767 4032303.423160
353886.916658 4032303.424769
353886.926548 4032303.426266
353886.936440 4032303.427874
353886.946240 4032303.429373
353886.956132 4032303.430982
353886.966022 4032303.432479
353886.975912 4032303.433977
353886.985804 4032303.435585
353886.995693 4032303.437082
353887.005585 4032303.438691
353887.015385 4032303.440190
353887.025277 4032303.441798
353887.035167 4032303.443295
353887.045059 4032303.444904
353887.054949 4032303.446401
353887.064841 4032303.448009
353887.074641 4032303.449508
353887.084533 4032303.451117
353887.094422 4032303.452614
353887.104314 4032303.454223
353887.114204 4032303.455720
353887.124096 4032303.457328
353887.133986 4032303.458826
353887.143788 4032303.460436
353887.153678 4032303.461933
353887.163570 4032303.463541
353887.173459 4032303.465039
353887.183351 4032303.466647
353887.193241 4032303.468145
353887.203131 4032303.469642
353887.212933 4032303.471252
353887.222823 4032303.472749
353887.232715 4032303.474358
353887.242605 4032303.475855
353887.252496 4032303.477463
353887.262386 4032303.478961
353887.272278 4032303.480569
353887.282078 4032303.482068
353887.291970 4032303.483676
353887.301860 4032303.485174
353887.311752 4032303.486782
353887.321642 4032303.488280
353887.331534 4032303.489888
353887.341423 4032303.491385
353887.351226 4032303.492995
353887.361115 4032303.494493
353887.371007 4032303.496101
353887.380897 4032303.497598
353887.390789 4032303.499207
353887.400679 4032303.500704
353887.410481 4032303.502314
353887.420371 4032303.503812
353887.430263 4032303.505420
353887.440152 4032303.506917
353887.450042 4032303.508415
353887.459934 4032303.510023
353887.469824 4032303.511520
353887.479626 4032303.513130
353887.489516 4032303.514628
353887.499408 4032303.516236
353887.509298 4032303.517734
353887.519189 4032303.519342
353887.529079 4032303.520839
353887.538971 4032303.522448
353887.548771 4032303.523947
353887.558663 4032303.525555
353887.568553 4032303.527052
353887.578445 4032303.528661
353887.588335 4032303.530158
353887.598226 4032303.531766
353887.608116 4032303.533264
353887.617918 4032303.534874
353887.627808 4032303.536371
353887.637700 4032303.537980
353887.647590 4032303.539477
353887.657482 4032303.541085
353887.667372 4032303.542583
353887.677262 4032303.544080
353887.687064 4032303.545690
353887.696954 4032303.547187
353887.706845 4032303.548796
353887.716735 4032303.550293
353887.726627 4032303.551902
353887.736517 4032303.553399
353887.746409 4032303.555007
353887.756209 4032303.556506
353887.766101 4032303.558115
353887.775991 4032303.559612
353887.785882 4032303.561220
353887.795772 4032303.562718
353887.805664 4032303.564326
353887.815464 4032303.565825
353887.825356 4032303.567433
353887.835246 4032303.568931
353887.845138 4032303.570539
353887.855028 4032303.572037
353887.864919 4032303.573645
353887.874809 4032303.575142
353887.884611 4032303.576752
353887.894501 4032303.578250
353887.904391 4032303.579747
353887.914283 4032303.581355
353887.924173 4032303.582853
353887.934065 4032303.584461
353887.943954 4032303.585959
353887.953757 4032303.587569
353887.963647 4032303.589066
353887.973538 4032303.590674
353887.983428 4032303.592172
353887.993320 4032303.593780
353888.003210 4032303.595278
353888.013102 4032303.596886
353888.022902 4032303.598385
353888.032794 4032303.599993
353888.042684 4032303.601491
353888.052575 4032303.603099
353888.062465 4032303.604596
353888.072357 4032303.606205
353888.082247 4032303.607702
353888.092049 4032303.609312
353888.101939 4032303.610809
353888.111831 4032303.612418
353888.121721 4032303.613915
353888.131610 4032303.615413
353888.141502 4032303.617021
353888.151392 4032303.618518
353888.161194 4032303.620128
353888.171084 4032303.621626
353888.180976 4032303.623234
353888.190866 4032303.624731
353888.200758 4032303.626340
353888.210647 4032303.627837
353888.220450 4032303.629447
353888.230339 4032303.630944
353888.240231 4032303.632553
353888.250121 4032303.634050
353888.260013 4032303.635659
353888.269903 4032303.637156
353888.279795 4032303.638764
353888.289595 4032303.640263
353888.299487 4032303.641872
353888.309376 4032303.643369
353888.319268 4032303.644977
353888.329158 4032303.646475
353888.339050 4032303.648083
353888.348940 4032303.649581
353888.358740 4032303.651080
353888.368632 4032303.652688
353888.378522 4032303.654185
353888.388413 4032303.655794
353888.398303 4032303.657291
353888.408195 4032303.658899
353888.418085 4032303.660397
353888.427887 4032303.662007
353888.437777 4032303.663504
353888.447669 4032303.665113
353888.457559 4032303.666610
353888.467450 4032303.668218
353888.477340 4032303.669716
353888.487232 4032303.671324
353888.497032 4032303.672823
353888.506924 4032303.674431
353888.516814 4032303.675929
353888.526706 4032303.677537
353888.536596 4032303.679035
353888.546487 4032303.680643
353888.556288 4032303.682142
353888.566179 4032303.683750
353888.576069 4032303.685248
353888.585959 4032303.686745
353888.595851 4032303.688353
353888.605741 4032303.689851
353888.615633 4032303.691459
353888.625433 4032303.692958
353888.635325 4032303.694566
353888.645215 4032303.696064
353888.655106 4032303.697672
353888.664996 4032303.699170
353888.674888 4032303.700778
353888.684778 4032303.702275
353888.694580 4032303.703885
353888.704470 4032303.705383
353888.714362 4032303.706991
353888.724252 4032303.708489
353888.734143 4032303.710097
353888.744033 4032303.711594
353888.753925 4032303.713203
353888.763725 4032303.714702
353888.773617 4032303.716310
353888.783507 4032303.717807
353888.793399 4032303.719416
353888.803289 4032303.720913
353888.813178 4032303.722411
353888.823070 4032303.724019
353888.832870 4032303.725518
353888.842762 4032303.727126
353888.852652 4032303.728624
353888.862544 4032303.730232
353888.872434 4032303.731729
353888.882326 4032303.733338
353888.892215 4032303.734835
353888.902018 4032303.736445
353888.911908 4032303.737942
353888.921799 4032303.739551
353888.931689 4032303.741048
353888.941581 4032303.742657
353888.951471 4032303.744154
353888.961273 4032303.745764
353888.971163 4032303.747261
353888.981055 4032303.748870
353888.990945 4032303.750367
353889.000836 4032303.751975
353889.010726 4032303.753473
353889.020618 4032303.755081
353889.030418 4032303.756580
353889.040308 4032303.758078
353889.050200 4032303.759686
353889.060090 4032303.761183
353889.069982 4032303.762792
353889.079871 4032303.764289
353889.089763 4032303.765897
353889.099563 4032303.767396
353889.109455 4032303.769005
353889.119345 4032303.770502
353889.129237 4032303.772111
353889.139127 4032303.773608
353889.149019 4032303.775216
353889.158908 4032303.776714
353889.168711 4032303.778324
353889.178600 4032303.779821
353889.188492 4032303.781429
353889.198382 4032303.782927
353889.208274 4032303.784535
353889.218164 4032303.786033
353889.228056 4032303.787641
353889.237856 4032303.789140
353889.247748 4032303.790748
353889.257637 4032303.792246
353889.267527 4032303.793743
353889.277419 4032303.795351
353889.287309 4032303.796849
353889.297111 4032303.798459
353889.307001 4032303.799956
353889.316893 4032303.801564
353889.326783 4032303.803062
353889.336674 4032303.804670
353889.346564 4032303.806168
353889.356456 4032303.807776
353889.366256 4032303.809275
353889.376148 4032303.810883
353889.386038 4032303.812381
353889.395930 4032303.813989
353889.405820 4032303.815487
353889.415711 4032303.817095
353889.425601 4032303.818592
353889.435403 4032303.820202
353889.445293 4032303.821700
353889.455185 4032303.823308
353889.465075 4032303.824805
353889.474967 4032303.826414
353889.484857 4032303.827911
353889.494747 4032303.829409
353889.504549 4032303.831018
353889.514439 4032303.832516
353889.524330 4032303.834124
353889.534220 4032303.835622
353889.544112 4032303.837230
353889.554002 4032303.838727
353889.563894 4032303.840336
353889.573694 4032303.841835
353889.583588 4032303.843554
353889.593481 4032303.845273
353889.603285 4032303.846994
353889.613179 4032303.848713
353889.622983 4032303.850434
353889.632876 4032303.852153
353889.642679 4032303.853763
353889.652572 4032303.855483
353889.662376 4032303.857203
353889.672270 4032303.858923
353889.682074 4032303.860644
353889.691967 4032303.862363
353889.701771 4032303.864084
353889.711665 4032303.865803
353889.721469 4032303.867524
353889.731363 4032303.869243
353889.741167 4032303.870964
353889.751060 4032303.872683
353889.760864 4032303.874404
353889.770758 4032303.876123
353889.780562 4032303.877844
353889.790456 4032303.879563
353889.800260 4032303.881284
353889.810153 4032303.883003
353889.820047 4032303.884723
353889.829851 4032303.886444
353889.839743 4032303.888052
353889.849547 4032303.889773
353889.859440 4032303.891492
353889.869244 4032303.893213
353889.879138 4032303.894932
353889.888942 4032303.896653
353889.898836 4032303.898372
353889.908640 4032303.900093
353889.918533 4032303.901812
353889.928337 4032303.903533
353889.938231 4032303.905252
353889.948035 4032303.906973
353889.957928 4032303.908692
353889.967732 4032303.910413
353889.977626 4032303.912133
353889.987430 4032303.913853
353889.997324 4032303.915573
353890.007128 4032303.917293
353890.017021 4032303.919013
353890.026825 4032303.920734
353890.036719 4032303.922453
353890.046521 4032303.924063
353890.056415 4032303.925782
353890.066308 4032303.927501
353890.076112 4032303.929222
353890.086006 4032303.930941
353890.095810 4032303.932662
353890.105704 4032303.934382
353890.115508 4032303.936102
353890.125401 4032303.937822
353890.135205 4032303.939542
353890.145099 4032303.941262
353890.154903 4032303.942983
353890.164797 4032303.944702
353890.174601 4032303.946423
353890.184494 4032303.948142
353890.194298 4032303.949863
353890.204192 4032303.951582
353890.213996 4032303.953303
353890.223889 4032303.955022
353890.233693 4032303.956743
353890.243585 4032303.958351
353890.253389 4032303.960072
353890.263283 4032303.961791
353890.273087 4032303.963512
353890.282980 4032303.965232
353890.292784 4032303.966952
353890.302678 4032303.968672
353890.312572 4032303.970391
353890.322376 4032303.972112
353890.332269 4032303.973831
353890.342073 4032303.975552
353890.351967 4032303.977271
353890.361771 4032303.978992
353890.371665 4032303.980711
353890.381469 4032303.982432
353890.391362 4032303.984151
353890.401166 4032303.985872
353890.411060 4032303.987591
353890.420864 4032303.989312
353890.430758 4032303.991031
353890.440562 4032303.992752
353890.450453 4032303.994361
353890.460257 4032303.996081
353890.470151 4032303.997801
353890.479955 4032303.999522
353890.489849 4032304.001241
353890.499653 4032304.002962
353890.509546 4032304.004681
353890.519350 4032304.006402
353890.529244 4032304.008121
353890.539048 4032304.009842
353890.548941 4032304.011561
353890.558835 4032304.013280
353890.568639 4032304.015001
353890.578533 4032304.016721
353890.588337 4032304.018441
353890.598230 4032304.020161
353890.608034 4032304.021881
353890.617928 4032304.023601
353890.627732 4032304.025322
353890.637626 4032304.027041
353890.647428 4032304.028651
353890.657321 4032304.030370
353890.667125 4032304.032091
353890.677019 4032304.033810
353890.686823 4032304.035531
353890.696717 4032304.037250
353890.706521 4032304.038971
353890.716414 4032304.040690
353890.726218 4032304.042411
353890.736112 4032304.044130
353890.745916 4032304.045851
353890.755810 4032304.047571
353890.765614 4032304.049291
353890.775507 4032304.051011
353890.785311 4032304.052731
353890.795205 4032304.054451
353890.805098 4032304.056170
353890.814902 4032304.057891
353890.824796 4032304.059610
353890.834600 4032304.061331
353890.844494 4032304.063050
353890.854296 4032304.064660
353890.864190 4032304.066379
353890.873994 4032304.068100
353890.883887 4032304.069820
353890.893691 4032304.071540
353890.903585 4032304.073260
353890.913389 4032304.074980
353890.923282 4032304.076700
353890.933086 4032304.078421
353890.942980 4032304.080140
353890.952784 4032304.081861
353890.962678 4032304.083580
353890.972482 4032304.085301
353890.982375 4032304.087020
353890.992179 4032304.088741
353891.002073 4032304.090460
353891.011877 4032304.092181
353891.021771 4032304.093900
353891.031575 4032304.095621
353891.041468 4032304.097340
353891.051362 4032304.099060
353891.061164 4032304.100669
353891.071058 4032304.102389
353891.080862 4032304.104110
353891.090755 4032304.105829
353891.100559 4032304.107550
353891.110453 4032304.109269
353891.120257 4032304.110990
353891.130151 4032304.112709
353891.139954 4032304.114430
353891.149848 4032304.116149
353891.159652 4032304.117870
353891.169546 4032304.119589
353891.179350 4032304.121310
353891.189243 4032304.123029
353891.199047 4032304.124750
353891.208941 4032304.126470
353891.218745 4032304.128190
353891.228639 4032304.129910
353891.238443 4032304.131630
353891.248336 4032304.133350
353891.258138 4032304.134960
353891.268032 4032304.136679
353891.277836 4032304.138400
353891.287730 4032304.140119
353891.297534 4032304.141840
353891.307427 4032304.143559
353891.317321 4032304.145278
353891.327125 4032304.146999
353891.337019 4032304.148718
353891.346823 4032304.150439
353891.356716 4032304.152159
353891.366520 4032304.153879
353891.376414 4032304.155599
353891.386218 4032304.157319
353891.396111 4032304.159039
353891.405915 4032304.160760
353891.415809 4032304.162479
353891.425613 4032304.164200
353891.435507 4032304.165919
353891.445311 4032304.167640
353891.455204 4032304.169359
353891.465006 4032304.170969
353891.474900 4032304.172688
353891.484704 4032304.174409
353891.494598 4032304.176128
353891.504402 4032304.177849
353891.514295 4032304.179568
353891.524099 4032304.181289
353891.533993 4032304.183009
353891.543797 4032304.184729
353891.553691 4032304.186449
353891.563584 4032304.188168
353891.573388 4032304.189889
353891.583282 4032304.191608
353891.593086 4032304.193329
353891.602980 4032304.195048
353891.612784 4032304.196769
353891.622677 4032304.198488
353891.632481 4032304.200209
353891.642375 4032304.201928
353891.652179 4032304.203649
353891.662071 4032304.205258
353891.671875 4032304.206978
353891.681768 4032304.208698
353891.691572 4032304.210418
353891.701466 4032304.212138
353891.711270 4032304.213859
353891.721163 4032304.215578
353891.730967 4032304.217299
353891.740861 4032304.219018
353891.750665 4032304.220739
353891.760559 4032304.222458
353891.770363 4032304.224179
353891.780256 4032304.225898
353891.790060 4032304.227619
353891.799954 4032304.229338
353891.809848 4032304.231058
353891.819652 4032304.232778
353891.829545 4032304.234498
353891.839349 4032304.236218
353891.849243 4032304.237938
353891.859047 4032304.239659
353891.868939 4032304.241267
353891.878743 4032304.242988
353891.888636 4032304.244707
353891.898440 4032304.246428
353891.908334 4032304.248147
353891.918138 4032304.249868
353891.928032 4032304.251587
353891.937836 4032304.253308
353891.947729 4032304.255027
353891.957533 4032304.256748
353891.967427 4032304.258467
353891.977231 4032304.260188
353891.987124 4032304.261908
353891.996928 4032304.263628
353892.006822 4032304.265348
353892.016626 4032304.267068
353892.026520 4032304.268788
353892.036324 4032304.270509
353892.046217 4032304.272228
353892.056111 4032304.273947
353892.065915 4032304.275668
353892.075807 4032304.277276
353892.085611 4032304.278997
353892.095504 4032304.280716
353892.105308 4032304.282437
353892.115202 4032304.284157
353892.125006 4032304.285877
353892.134900 4032304.287597
353892.144704 4032304.289317
353892.154597 4032304.291037
353892.164401 4032304.292758
353892.174295 4032304.294477
353892.184099 4032304.296198
353892.193993 4032304.297917
353892.203797 4032304.299638
353892.213690 4032304.301357
353892.223494 4032304.303078
353892.233388 4032304.304797
353892.243192 4032304.306518
353892.253085 4032304.308237
353892.262889 4032304.309958
353892.272781 4032304.311566
353892.282585 4032304.313287
353892.292479 4032304.315007
353892.302372 4032304.316726
353892.312176 4032304.318447
353892.322070 4032304.320166
353892.331874 4032304.321887
353892.341768 4032304.323606
353892.351572 4032304.325327
353892.361465 4032304.327046
353892.371269 4032304.328767
353892.381163 4032304.330486
353892.390967 4032304.332207
353892.400861 4032304.333926
353892.410665 4032304.335647
353892.420558 4032304.337366
353892.430362 4032304.339087
353892.440256 4032304.340807
353892.450060 4032304.342527
353892.459954 4032304.344247
353892.469758 4032304.345968
353892.479649 4032304.347576
353892.489453 4032304.349297
353892.499347 4032304.351016
353892.509151 4032304.352737
353892.519045 4032304.354456
353892.528849 4032304.356177
353892.538742 4032304.357896
353892.548636 4032304.359615
353892.558440 4032304.361336
353892.568333 4032304.363056
353892.578137 4032304.364776
353892.588031 4032304.366496
353892.597835 4032304.368217
353892.607729 4032304.369936
353892.617533 4032304.371657
353892.627426 4032304.373376
353892.637230 4032304.375097
353892.647124 4032304.376816
353892.656928 4032304.378537
353892.666822 4032304.380256
353892.676624 4032304.381866
353892.686517 4032304.383585
353892.696321 4032304.385306
353892.706215 4032304.387025
353892.716019 4032304.388746
353892.725913 4032304.390466
353892.735717 4032304.392186
353892.745610 4032304.393906
353892.755414 4032304.395626
353892.765308 4032304.397346
353892.775112 4032304.399067
353892.785006 4032304.400786
353892.794899 4032304.402505
353892.804703 4032304.404226
353892.814597 4032304.405945
353892.824401 4032304.407666
353892.834294 4032304.409385
353892.844098 4032304.411106
353892.853992 4032304.412825
353892.863796 4032304.414546
353892.873690 4032304.416266
353892.883492 4032304.417875
353892.893385 4032304.419595
353892.903189 4032304.421316
353892.913083 4032304.423035
353892.922887 4032304.424756
353892.932781 4032304.426475
353892.942585 4032304.428196
353892.952478 4032304.429915
353892.962282 4032304.431636
353892.972176 4032304.433355
353892.981980 4032304.435076
353892.991874 4032304.436795
353893.001678 4032304.438516
353893.011571 4032304.440235
353893.021375 4032304.441956
353893.031269 4032304.443675
353893.041162 4032304.445395
353893.050966 4032304.447116
353893.060860 4032304.448835
353893.070664 4032304.450556
353893.080556 4032304.452164
353893.090360 4032304.453885
353893.100254 4032304.455604
353893.110057 4032304.457325
353893.119951 4032304.459044
353893.129755 4032304.460765
353893.139649 4032304.462484
353893.149453 4032304.464205
353893.159346 4032304.465924
353893.169150 4032304.467645
353893.179044 4032304.469365
353893.188848 4032304.471085
353893.198742 4032304.472805
353893.208546 4032304.474525
353893.218439 4032304.476245
353893.228243 4032304.477966
353893.238137 4032304.479685
353893.247941 4032304.481406
353893.257835 4032304.483125
353893.267639 4032304.484846
353893.277532 4032304.486565
353893.287424 4032304.488173
353893.297228 4032304.489894
353893.307122 4032304.491614
353893.316926 4032304.493334
353893.326819 4032304.495054
353893.336623 4032304.496774
353893.346517 4032304.498494
353893.356321 4032304.500215
353893.366214 4032304.501934
353893.376018 4032304.503655
353893.385912 4032304.505374
353893.395716 4032304.507095
353893.405610 4032304.508814
353893.415414 4032304.510535
353893.425307 4032304.512254
353893.435111 4032304.513975
353893.445005 4032304.515694
353893.454809 4032304.517415
353893.464703 4032304.519134
353893.474507 4032304.520855
353893.484400 4032304.522575
353893.494202 4032304.524184
353893.504096 4032304.525904
353893.513900 4032304.527625
353893.523794 4032304.529344
353893.533687 4032304.531063
353893.543491 4032304.532784
353893.553385 4032304.534503
353893.563189 4032304.536224
353893.573083 4032304.537943
353893.582887 4032304.539664
353893.592780 4032304.541383
353893.602584 4032304.543104
353893.612478 4032304.544824
353893.622282 4032304.546544
353893.632175 4032304.548264
353893.641979 4032304.549984
353893.651873 4032304.551704
353893.661677 4032304.553425
353893.671571 4032304.555144
353893.681375 4032304.556865
353893.691266 4032304.558473
353893.701070 4032304.560194
353893.710964 4032304.561913
353893.720768 4032304.563634
353893.730662 4032304.565353
353893.740466 4032304.567074
353893.750359 4032304.568793
353893.760163 4032304.570514
353893.770057 4032304.572233
353893.779951 4032304.573953
353893.789755 4032304.575674
353893.799648 4032304.577393
353893.809452 4032304.579114
353893.819346 4032304.580833
353893.829150 4032304.582554
353893.839043 4032304.584273
353893.848847 4032304.585994
353893.858741 4032304.587713
353893.868545 4032304.589434
353893.878439 4032304.591153
353893.888243 4032304.592874
353893.898134 4032304.594482
353893.907938 4032304.596203
353893.917832 4032304.597923
353893.927636 4032304.599643
353893.937530 4032304.601363
353893.947334 4032304.603084
353893.957227 4032304.604803
353893.967031 4032304.606524
353893.976925 4032304.608243
353893.986729 4032304.609964
353893.996623 4032304.611683
353894.006427 4032304.613404
353894.016320 4032304.615123
353894.026214 4032304.616842
353894.036018 4032304.618563
353894.045912 4032304.620283
353894.055716 4032304.622003
353894.065609 4032304.623723
353894.075413 4032304.625443
353894.085307 4032304.627163
353894.095109 4032304.628773
353894.105003 4032304.630492
353894.114807 4032304.632213
353894.124700 4032304.633932
353894.134504 4032304.635653
353894.144398 4032304.637372
353894.154202 4032304.639093
353894.164095 4032304.640812
353894.173899 4032304.642533
353894.183793 4032304.644252
353894.193597 4032304.645973
353894.203491 4032304.647692
353894.213295 4032304.649413
353894.223188 4032304.651133
353894.232992 4032304.652853
353894.242886 4032304.654573
353894.252690 4032304.656294
353894.262584 4032304.658013
353894.272477 4032304.659732
353894.282281 4032304.661453
353894.292175 4032304.663172
353894.301977 4032304.664782
353894.311871 4032304.666501
353894.321675 4032304.668222
353894.331568 4032304.669942
353894.341372 4032304.671662
353894.351266 4032304.673382
353894.361070 4032304.675102
353894.370964 4032304.676822
353894.380767 4032304.678543
353894.390661 4032304.680262
353894.400465 4032304.681983
353894.410359 4032304.683702
353894.420163 4032304.685423
353894.430056 4032304.687142
353894.439860 4032304.688863
353894.449754 4032304.690582
353894.459558 4032304.692303
353894.469452 4032304.694022
353894.479256 4032304.695743
353894.489149 4032304.697462
353894.498951 4032304.699072
353894.508845 4032304.700792
353894.518739 4032304.702511
353894.528543 4032304.704232
353894.538436 4032304.705951
353894.548240 4032304.707672
353894.558134 4032304.709391
353894.567938 4032304.711112
353894.577832 4032304.712831
353894.587636 4032304.714552
353894.597529 4032304.716271
353894.607333 4032304.717992
353894.617227 4032304.719711
353894.627031 4032304.721432
353894.636924 4032304.723152
353894.646728 4032304.724872
353894.656622 4032304.726592
353894.666426 4032304.728312
353894.676320 4032304.730032
353894.686124 4032304.731753
353894.696017 4032304.733472
353894.705819 4032304.735082
353894.715713 4032304.736801
353894.725517 4032304.738522
353894.735411 4032304.740241
353894.745215 4032304.741962
353894.755108 4032304.743681
353894.765002 4032304.745401
353894.774806 4032304.747121
353894.784700 4032304.748841
353894.794504 4032304.750561
353894.804397 4032304.752281
353894.814201 4032304.754002
353894.824095 4032304.755721
353894.833899 4032304.757442
353894.843793 4032304.759161
353894.853596 4032304.760882
353894.863490 4032304.762601
353894.873294 4032304.764322
353894.883188 4032304.766041
353894.892992 4032304.767762
353894.902885 4032304.769481
353894.912688 4032304.771091
353894.922581 4032304.772810
353894.932385 4032304.774531
353894.942279 4032304.776251
353894.952083 4032304.777971
353894.961976 4032304.779691
353894.971780 4032304.781412
353894.981674 4032304.783131
353894.991478 4032304.784852
353895.001372 4032304.786571
353895.011265 4032304.788290
353895.021069 4032304.790011
353895.030963 4032304.791730
353895.040767 4032304.793451
353895.050661 4032304.795170
353895.060465 4032304.796891
353895.070358 4032304.798611
353895.080162 4032304.800331
353895.090056 4032304.802051
353895.099860 4032304.803771
353895.109752 4032304.805380
353895.119556 4032304.807101
353895.129449 4032304.808820
353895.139253 4032304.810541
353895.149147 4032304.812260
353895.158951 4032304.813981
353895.168844 4032304.815700
353895.178648 4032304.817421
353895.188542 4032304.819140
353895.198346 4032304.820861
353895.208240 4032304.822580
353895.218044 4032304.824301
353895.227937 4032304.826021
353895.237741 4032304.827741
353895.247635 4032304.829461
353895.257529 4032304.831180
353895.267333 4032304.832901
353895.277226 4032304.834620
353895.287030 4032304.836341
353895.296924 4032304.838060
353895.306728 4032304.839781
353895.316620 4032304.841389
353895.326424 4032304.843110
353895.336317 4032304.844829
353895.346121 4032304.846550
353895.356015 4032304.848270
353895.365819 4032304.849990
353895.375713 4032304.851710
353895.385517 4032304.853430
353895.395410 4032304.855150
353895.405214 4032304.856871
353895.415108 4032304.858590
353895.424912 4032304.860311
353895.434805 4032304.862030
353895.444609 4032304.863751
353895.454503 4032304.865470
353895.464307 4032304.867191
353895.474203 4032304.869021
353895.484008 4032304.870853
353895.493814 4032304.872685
353895.503620 4032304.874516
353895.513516 4032304.876347
353895.523321 4032304.878178
353895.533125 4032304.879899
353895.543021 4032304.881729
353895.552827 4032304.883561
353895.562633 4032304.885393
353895.572528 4032304.887223
353895.582334 4032304.889055
353895.592140 4032304.890887
353895.601946 4032304.892718
353895.611841 4032304.894549
353895.621645 4032304.896269
353895.631451 4032304.898101
353895.641347 4032304.899931
353895.651153 4032304.901763
353895.660958 4032304.903595
353895.670764 4032304.905427
353895.680660 4032304.907257
353895.690466 4032304.909089
353895.700272 4032304.910920
353895.710165 4032304.912640
353895.719971 4032304.914471
353895.729777 4032304.916303
353895.739583 4032304.918135
353895.749478 4032304.919965
353895.759284 4032304.921797
353895.769090 4032304.923629
353895.778986 4032304.925459
353895.788791 4032304.927291
353895.798595 4032304.929012
353895.808491 4032304.930842
353895.818297 4032304.932674
353895.828103 4032304.934505
353895.837908 4032304.936337
353895.847804 4032304.938167
353895.857610 4032304.939999
353895.867416 4032304.941831
353895.877311 4032304.943661
353895.887115 4032304.945382
353895.896921 4032304.947214
353895.906727 4032304.949045
353895.916622 4032304.950876
353895.926428 4032304.952707
353895.936234 4032304.954539
353895.946130 4032304.956369
353895.955936 4032304.958201
353895.965741 4032304.960033
353895.975545 4032304.961754
353895.985441 4032304.963584
353895.995247 4032304.965416
353896.005053 4032304.967247
353896.014948 4032304.969078
353896.024754 4032304.970909
353896.034560 4032304.972741
353896.044455 4032304.974571
353896.054261 4032304.976403
353896.064065 4032304.978124
353896.073871 4032304.979956
353896.083767 4032304.981786
353896.093572 4032304.983618
353896.103378 4032304.985449
353896.113274 4032304.987280
353896.123080 4032304.989111
353896.132886 4032304.990943
353896.142691 4032304.992775
353896.152585 4032304.994494
353896.162391 4032304.996326
353896.172197 4032304.998158
353896.182092 4032304.999988
353896.191898 4032305.001820
353896.201704 4032305.003651
353896.211510 4032305.005483
353896.221405 4032305.007313
353896.231211 4032305.009145
353896.241015 4032305.010866
353896.250911 4032305.012696
353896.260717 4032305.014528
353896.270522 4032305.016360
353896.280418 4032305.018190
353896.290224 4032305.020022
353896.300030 4032305.021853
353896.309836 4032305.023685
353896.319731 4032305.025515
353896.329535 4032305.027236
353896.339341 4032305.029068
353896.349236 4032305.030898
353896.359042 4032305.032730
353896.368848 4032305.034562
353896.378654 4032305.036393
353896.388550 4032305.038224
353896.398355 4032305.040055
353896.408161 4032305.041887
353896.418055 4032305.043606
353896.427861 4032305.045438
353896.437667 4032305.047270
353896.447473 4032305.049102
353896.457368 4032305.050932
353896.467174 4032305.052764
353896.476980 4032305.054595
353896.486875 4032305.056426
353896.496681 4032305.058257
353896.506485 4032305.059978
353896.516381 4032305.061808
353896.526186 4032305.063640
353896.535992 4032305.065472
353896.545798 4032305.067304
353896.555694 4032305.069134
353896.565500 4032305.070966
353896.575305 4032305.072797
353896.585201 4032305.074628
353896.595005 4032305.076349
353896.604811 4032305.078180
353896.614617 4032305.080012
353896.624512 4032305.081842
353896.634318 4032305.083674
353896.644124 4032305.085506
353896.654019 4032305.087336
353896.663825 4032305.089168
353896.673631 4032305.090999
353896.683435 4032305.092720
353896.693331 4032305.094551
353896.703137 4032305.096382
353896.712942 4032305.098214
353896.722838 4032305.100044
353896.732644 4032305.101876
353896.742450 4032305.103708
353896.752255 4032305.105540
353896.762151 4032305.107370
353896.771955 4032305.109091
353896.781761 4032305.110922
353896.791656 4032305.112753
353896.801462 4032305.114584
353896.811268 4032305.116416
353896.821164 4032305.118246
353896.830969 4032305.120078
353896.840775 4032305.121910
353896.850581 4032305.123742
353896.860475 4032305.125461
353896.870281 4032305.127293
353896.880087 4032305.129124
353896.889982 4032305.130955
353896.899788 4032305.132786
353896.909594 4032305.134618
353896.919400 4032305.136450
353896.929295 4032305.138280
353896.939101 4032305.140112
353896.948905 4032305.141833
353896.958801 4032305.143663
353896.968606 4032305.145495
353896.978412 4032305.147326
353896.988218 4032305.149158
353896.998114 4032305.150988
353897.007919 4032305.152820
353897.017725 4032305.154652
353897.027621 4032305.156482
353897.037425 4032305.158203
353897.047231 4032305.160035
353897.057126 4032305.161865
353897.066932 4032305.163697
353897.076738 4032305.165528
353897.086544 4032305.167360
353897.096439 4032305.169190
353897.106245 4032305.171022
353897.116051 4032305.172854
353897.125945 4032305.174573
353897.135751 4032305.176405
353897.145556 4032305.178237
353897.155362 4032305.180068
353897.165258 4032305.181899
353897.175064 4032305.183730
353897.184869 4032305.185562
353897.194765 4032305.187392
353897.204571 4032305.189224
353897.214375 4032305.190945
353897.224181 4032305.192777
353897.234076 4032305.194607
353897.243882 4032305.196439
353897.253688 4032305.198270
353897.263583 4032305.200101
353897.273389 4032305.201932
353897.283195 4032305.203764
353897.293091 4032305.205594
353897.302895 4032305.207315
353897.312701 4032305.209147
353897.322506 4032305.210979
353897.332402 4032305.212809
353897.342208 4032305.214641
353897.352014 4032305.216473
353897.361909 4032305.218303
353897.371715 4032305.220135
353897.381521 4032305.221966
353897.391325 4032305.223687
353897.401220 4032305.225517
353897.411026 4032305.227349
353897.420832 4032305.229181
353897.430728 4032305.231011
353897.440533 4032305.232843
353897.450339 4032305.234675
353897.460145 4032305.236506
353897.470041 4032305.238337
353897.479847 4032305.240168
353897.489651 4032305.241889
353897.499546 4032305.243719
353897.509352 4032305.245551
353897.519158 4032305.247383
353897.529053 4032305.249213
353897.538859 4032305.251045
353897.548665 4032305.252877
353897.558471 4032305.254708
353897.568366 4032305.256539
353897.578170 4032305.258259
353897.587976 4032305.260091
353897.597872 4032305.261921
353897.607678 4032305.263753
353897.617483 4032305.265585
353897.627289 4032305.267417
353897.637185 4032305.269247
353897.646991 4032305.271079
353897.656797 4032305.272910
353897.666690 4032305.274630
353897.676496 4032305.276461
353897.686302 4032305.278293
353897.696108 4032305.280125
353897.706003 4032305.281955
353897.715809 4032305.283787
353897.725615 4032305.285619
353897.735511 4032305.287449
353897.745316 4032305.289281
353897.755120 4032305.291001
353897.765016 4032305.292832
353897.774822 4032305.294663
353897.784628 4032305.296495
353897.794433 4032305.298327
353897.804329 4032305.300157
353897.814135 4032305.301989
353897.823941 4032305.303821
353897.833836 4032305.305651
353897.843640 4032305.307372
353897.853446 4032305.309204
353897.863252 4032305.311035
353897.873147 4032305.312866
353897.882953 4032305.314697
353897.892759 4032305.316529
353897.902655 4032305.318359
353897.912461 4032305.320191
353897.922266 4032305.322023
353897.932070 4032305.323744
353897.941966 4032305.325574
353897.951772 4032305.327406
353897.961578 4032305.329237
353897.971473 4032305.331068
353897.981279 4032305.332899
353897.991085 4032305.334731
353898.000980 4032305.336561
353898.010786 4032305.338393
353898.020590 4032305.340114
353898.030396 4032305.341946
353898.040292 4032305.343776
353898.050097 4032305.345608
353898.059903 4032305.347439
353898.069799 4032305.349270
353898.079605 4032305.351101
353898.089411 4032305.352933
353898.099216 4032305.354765
353898.109110 4032305.356484
353898.118916 4032305.358316
353898.128722 4032305.360148
353898.138617 4032305.361978
353898.148423 4032305.363810
353898.158229 4032305.365641
353898.168035 4032305.367473
353898.177930 4032305.369303
353898.187736 4032305.371135
353898.197540 4032305.372856
353898.207436 4032305.374686
353898.217242 4032305.376518
353898.227047 4032305.378350
353898.236853 4032305.380181
353898.246749 4032305.382012
353898.256555 4032305.383843
353898.266361 4032305.385675
353898.276256 4032305.387505
353898.286060 4032305.389226
353898.295866 4032305.391058
353898.305761 4032305.392888
353898.315567 4032305.394720
353898.325373 4032305.396552
353898.335179 4032305.398384
353898.345075 4032305.400214
353898.354880 4032305.402045
353898.364686 4032305.403877
353898.374580 4032305.405597
353898.384386 4032305.407428
353898.394192 4032305.409260
353898.403997 4032305.411092
353898.413893 4032305.412922
353898.423699 4032305.414754
353898.433505 4032305.416586
353898.443400 4032305.418416
353898.453206 4032305.420248
353898.463010 4032305.421968
353898.472816 4032305.423800
353898.482711 4032305.425630
353898.492517 4032305.427462
353898.502323 4032305.429294
353898.512219 4032305.431124
353898.522025 4032305.432956
353898.531830 4032305.434788
353898.541726 4032305.436618
353898.551530 4032305.438339
353898.561336 4032305.440170
353898.571142 4032305.442002
353898.581037 4032305.443832
353898.590843 4032305.445664
353898.600649 4032305.447496
353898.610544 4032305.449326
353898.620350 4032305.451158
353898.630156 4032305.452990
353898.639960 4032305.454710
353898.649856 4032305.456541
353898.659661 4032305.458372
353898.669467 4032305.460204
353898.679363 4032305.462034
353898.689169 4032305.463866
353898.698975 4032305.465698
353898.708780 4032305.467530
353898.718676 4032305.469360
353898.728480 4032305.471081
353898.738286 4032305.472913
353898.748181 4032305.474743
353898.757987 4032305.476575
353898.767793 4032305.478406
353898.777689 4032305.480236
353898.787494 4032305.482068
353898.797300 4032305.483900
353898.807106 4032305.485732
353898.817000 4032305.487451
353898.826806 4032305.489283
353898.836611 4032305.491115
353898.846507 4032305.492945
353898.856313 4032305.494777
353898.866119 4032305.496608
353898.875925 4032305.498440
353898.885820 4032305.500270
353898.895626 4032305.502102
353898.905430 4032305.503823
353898.915325 4032305.505653
353898.925131 4032305.507485
353898.934937 4032305.509317
353898.944743 4032305.511148
353898.954639 4032305.512979
353898.964444 4032305.514810
353898.974250 4032305.516642
353898.984146 4032305.518472
353898.993950 4032305.520193
353899.003756 4032305.522025
353899.013651 4032305.523855
353899.023457 4032305.525687
353899.033263 4032305.527519
353899.043069 4032305.529350
353899.052964 4032305.531181
353899.062770 4032305.533012
353899.072576 4032305.534844
353899.082470 4032305.536563
353899.092275 4032305.538395
353899.102081 4032305.540227
353899.111887 4032305.542059
353899.121783 4032305.543889
353899.131589 4032305.545721
353899.141394 4032305.547552
353899.151290 4032305.549383
353899.161096 4032305.551214
353899.170900 4032305.552935
353899.180706 4032305.554767
353899.190601 4032305.556597
353899.200407 4032305.558429
353899.210213 4032305.560261
353899.220108 4032305.562091
353899.229914 4032305.563923
353899.239720 4032305.565755
353899.249616 4032305.567585
353899.259420 4032305.569306
353899.269225 4032305.571137
353899.279031 4032305.572969
353899.288927 4032305.574799
353899.298733 4032305.576631
353899.308539 4032305.578463
353899.318434 4032305.580293
353899.328240 4032305.582125
353899.338046 4032305.583957
353899.347850 4032305.585677
353899.357745 4032305.587508
353899.367551 4032305.589339
353899.377357 4032305.591171
353899.387252 4032305.593001
353899.397058 4032305.594833
353899.406864 4032305.596665
353899.416670 4032305.598497
353899.426566 4032305.600327
353899.436370 4032305.602048
353899.446175 4032305.603879
353899.456071 4032305.605710
353899.465877 4032305.607541
353899.475683 4032305.609373
353899.485489 4032305.611205
353899.495384 4032305.613035
353899.505190 4032305.614867
353899.514996 4032305.616699
353899.524889 4032305.618418
353899.534695 4032305.620250
353899.544501 4032305.622082
353899.554397 4032305.623912
353899.564202 4032305.625744
353899.574008 4032305.627575
353899.583814 4032305.629407
353899.593710 4032305.631237
353899.603516 4032305.633069
353899.613320 4032305.634790
353899.623215 4032305.636620
353899.633021 4032305.638452
353899.642827 4032305.640284
353899.652633 4032305.642115
353899.662528 4032305.643946
353899.672334 4032305.645777
353899.682140 4032305.647609
353899.692035 4032305.649439
353899.701839 4032305.651160
353899.711645 4032305.652992
353899.721451 4032305.654824
353899.731347 4032305.656654
353899.741152 4032305.658486
353899.750958 4032305.660317
353899.760854 4032305.662148
353899.770660 4032305.663979
353899.780466 4032305.665811
353899.790359 4032305.667530
353899.800165 4032305.669362
353899.809971 4032305.671194
353899.819777 4032305.673026
353899.829672 4032305.674856
353899.839478 4032305.676688
353899.849284 4032305.678519
353899.859180 4032305.680350
353899.868985 4032305.682181
353899.878789 4032305.683902
353899.888595 4032305.685734
353899.898491 4032305.687564
353899.908297 4032305.689396
353899.918102 4032305.691228
353899.927998 4032305.693058
353899.937804 4032305.694890
353899.947610 4032305.696722
353899.957416 4032305.698553
353899.967309 4032305.700273
353899.977115 4032305.702104
353899.986921 4032305.703936
353899.996816 4032305.705766
353900.006622 4032305.707598
353900.016428 4032305.709430
353900.026324 4032305.711260
353900.036130 4032305.713092
353900.045935 4032305.714924
353900.055739 4032305.716644
353900.065635 4032305.718475
353900.075441 4032305.720306
353900.085247 4032305.722138
353900.095142 4032305.723968
353900.104948 4032305.725800
353900.114754 4032305.727632
353900.124560 4032305.729464
353900.134455 4032305.731294
353900.144259 4032305.733015
353900.154065 4032305.734846
353900.163961 4032305.736677
353900.173766 4032305.738508
353900.183572 4032305.740340
353900.193378 4032305.742172
353900.203274 4032305.744002
353900.213080 4032305.745834
353900.222885 4032305.747666
353900.232779 4032305.749385
353900.242585 4032305.751217
353900.252391 4032305.753049
353900.262286 4032305.754879
353900.272092 4032305.756711
353900.281898 4032305.758542
353900.291704 4032305.760374
353900.301599 4032305.762204
353900.311405 4032305.764036
353900.321209 4032305.765757
353900.331105 4032305.767587
353900.340911 4032305.769419
353900.350716 4032305.771251
353900.360522 4032305.773082
353900.370418 4032305.774913
353900.380224 4032305.776744
353900.390030 4032305.778576
353900.399925 4032305.780406
353900.409729 4032305.782127
353900.419535 4032305.783959
353900.429341 4032305.785791
353900.439236 4032305.787621
353900.449042 4032305.789453
353900.458848 4032305.791284
353900.468743 4032305.793115
353900.478549 4032305.794946
353900.488355 4032305.796778
353900.498249 4032305.798497
353900.508055 4032305.800329
353900.517861 4032305.802161
353900.527666 4032305.803993
353900.537562 4032305.805823
353900.547368 4032305.807655
353900.557174 4032305.809486
353900.567069 4032305.811317
353900.576875 4032305.813148
353900.586679 4032305.814869
353900.596485 4032305.816701
353900.606380 4032305.818531
353900.616186 4032305.820363
353900.625992 4032305.822195
353900.635888 4032305.824025
353900.645693 4032305.825857
353900.655499 4032305.827689
353900.665305 4032305.829520
353900.675199 4032305.831240
353900.685005 4032305.833071
353900.694811 4032305.834903
353900.704706 4032305.836733
353900.714512 4032305.838565
353900.724318 4032305.840397
353900.734213 4032305.842227
353900.744019 4032305.844059
353900.753825 4032305.845891
353900.763629 4032305.847611
353900.773525 4032305.849442
353900.783330 4032305.851273
353900.793136 4032305.853105
353900.803032 4032305.854935
353900.812838 4032305.856767
353900.822643 4032305.858599
353900.832449 4032305.860431
353900.842345 4032305.862261
353900.852149 4032305.863982
353900.861955 4032305.865814
353900.871850 4032305.867644
353900.881656 4032305.869476
353900.891462 4032305.871307
353900.901268 4032305.873139
353900.911163 4032305.874969
353900.920969 4032305.876801
353900.930775 4032305.878633
353900.940669 4032305.880352
353900.950474 4032305.882184
353900.960280 4032305.884016
353900.970086 4032305.885847
353900.979982 4032305.887678
353900.989788 4032305.889509
353900.999593 4032305.891341
353901.009489 4032305.893171
353901.019295 4032305.895003
353901.029099 4032305.896724
353901.038994 4032305.898554
353901.048800 4032305.900386
353901.058606 4032305.902218
353901.068412 4032305.904049
353901.078307 4032305.905880
353901.088113 4032305.907711
353901.097919 4032305.909543
353901.107815 4032305.911373
353901.117619 4032305.913094
353901.127424 4032305.914926
353901.137230 4032305.916758
353901.147126 4032305.918588
353901.156932 4032305.920420
353901.166738 4032305.922252
353901.176633 4032305.924082
353901.186439 4032305.925914
353901.196331 4032305.927522
353901.206217 4032305.928797
353901.216105 4032305.930184
353901.225991 4032305.931459
353901.235967 4032305.932734
353901.245855 4032305.934120
353901.255741 4032305.935396
353901.265717 4032305.936670
353901.275605 4032305.938056
353901.285491 4032305.939332
353901.295377 4032305.940607
353901.305355 4032305.941992
353901.315241 4032305.943268
353901.325127 4032305.944543
353901.335105 4032305.945928
353901.344991 4032305.947204
353901.354877 4032305.948479
353901.364765 4032305.949866
353901.374741 4032305.951140
353901.384627 4032305.952416
353901.394515 4032305.953802
353901.404401 4032305.955078
353901.414377 4032305.956352
353901.424265 4032305.957738
353901.434151 4032305.959014
353901.444127 4032305.960288
353901.454015 4032305.961674
353901.463901 4032305.962950
353901.473787 4032305.964225
353901.483765 4032305.965610
353901.493651 4032305.966886
353901.503537 4032305.968162
353901.513515 4032305.969547
353901.523401 4032305.970822
353901.533287 4032305.972098
353901.543175 4032305.973484
353901.553151 4032305.974758
353901.563037 4032305.976034
353901.572925 4032305.977420
353901.582901 4032305.978694
353901.592787 4032305.979970
353901.602675 4032305.981356
353901.612561 4032305.982632
353901.622537 4032305.983906
353901.632425 4032305.985292
353901.642311 4032305.986568
353901.652287 4032305.987842
353901.662175 4032305.989229
353901.672061 4032305.990504
353901.681947 4032305.991780
353901.691925 4032305.993165
353901.701811 4032305.994440
353901.711699 4032305.995827
353901.721675 4032305.997101
353901.731561 4032305.998376
353901.741449 4032305.999763
353901.751335 4032306.001038
353901.761311 4032306.002312
353901.771199 4032306.003699
353901.781085 4032306.004975
353901.791061 4032306.006249
353901.800949 4032306.007635
353901.810835 4032306.008911
353901.820721 4032306.010186
353901.830699 4032306.011571
353901.840585 4032306.012847
353901.850471 4032306.014122
353901.860359 4032306.015509
353901.870335 4032306.016783
353901.880221 4032306.018058
353901.890109 4032306.019445
353901.900085 4032306.020719
353901.909971 4032306.021995
353901.919859 4032306.023381
353901.929745 4032306.024657
353901.939721 4032306.025931
353901.949609 4032306.027317
353901.959495 4032306.028593
353901.969471 4032306.029867
353901.979359 4032306.031253
353901.989245 4032306.032529
353901.999131 4032306.033804
353902.009109 4032306.035189
353902.018995 4032306.036465
353902.028881 4032306.037740
353902.038859 4032306.039125
353902.048745 4032306.040401
353902.058631 4032306.041677
353902.068519 4032306.043063
353902.078495 4032306.044337
353902.088381 4032306.045613
353902.098269 4032306.046999
353902.108245 4032306.048273
353902.118131 4032306.049549
353902.128019 4032306.050935
353902.137905 4032306.052211
353902.147881 4032306.053485
353902.157769 4032306.054871
353902.167655 4032306.056147
353902.177631 4032306.057421
353902.187519 4032306.058808
353902.197405 4032306.060083
353902.207291 4032306.061359
353902.217269 4032306.062744
353902.227155 4032306.064019
353902.237041 4032306.065295
353902.246929 4032306.066681
353902.256905 4032306.067955
353902.266791 4032306.069231
353902.276679 4032306.070617
353902.286655 4032306.071891
353902.296543 4032306.073278
353902.306429 4032306.074553
353902.316315 4032306.075829
353902.326293 4032306.077214
353902.336179 4032306.078490
353902.346065 4032306.079765
353902.356043 4032306.081150
353902.365929 4032306.082426
353902.375815 4032306.083701
353902.385703 4032306.085088
353902.395679 4032306.086362
353902.405565 4032306.087637
353902.415453 4032306.089024
353902.425429 4032306.090298
353902.435315 4032306.091573
353902.445203 4032306.092960
353902.455089 4032306.094236
353902.465065 4032306.095510
353902.474953 4032306.096896
353902.484839 4032306.098172
353902.494815 4032306.099446
353902.504703 4032306.100832
353902.514589 4032306.102108
353902.524475 4032306.103383
353902.534453 4032306.104768
353902.544339 4032306.106044
353902.554225 4032306.107319
353902.564203 4032306.108704
353902.574089 4032306.109980
353902.583975 4032306.111256
353902.593863 4032306.112642
353902.603839 4032306.113916
353902.613725 4032306.115192
353902.623613 4032306.116578
353902.633499 4032306.117854
353902.643475 4032306.119128
353902.653363 4032306.120514
353902.663249 4032306.121790
353902.673225 4032306.123064
353902.683113 4032306.124450
353902.692999 4032306.125726
353902.702885 4032306.127002
353902.712863 4032306.128387
353902.722749 4032306.129662
353902.732635 4032306.130938
353902.742613 4032306.132323
353902.752499 4032306.133598
353902.762385 4032306.134874
353902.772273 4032306.136260
353902.782249 4032306.137534
353902.792135 4032306.138810
353902.802023 4032306.140196
353902.811999 4032306.141470
353902.821885 4032306.142746
353902.831773 4032306.144132
353902.841659 4032306.145408
353902.851635 4032306.146682
353902.861523 4032306.148069
353902.871409 4032306.149344
353902.881387 4032306.150729
353902.891273 4032306.152005
353902.901159 4032306.153280
353902.911047 4032306.154667
353902.921023 4032306.155941
353902.930909 4032306.157216
353902.940797 4032306.158603
353902.950773 4032306.159877
353902.960659 4032306.161152
353902.970547 4032306.162539
353902.980433 4032306.163815
353902.990409 4032306.165089
353903.000297 4032306.166475
353903.010183 4032306.167751
353903.020159 4032306.169025
353903.030047 4032306.170411
353903.039933 4032306.171687
353903.049819 4032306.172962
353903.059797 4032306.174347
353903.069683 4032306.175623
353903.079569 4032306.176898
353903.089457 4032306.178285
353903.099433 4032306.179559
353903.109319 4032306.180835
353903.119207 4032306.182221
353903.129183 4032306.183495
353903.139069 4032306.184771
353903.148957 4032306.186157
353903.158843 4032306.187433
353903.168819 4032306.188707
353903.178707 4032306.190093
353903.188593 4032306.191369
353903.198569 4032306.192643
353903.208457 4032306.194029
353903.218343 4032306.195305
353903.228229 4032306.196581
353903.238207 4032306.197966
353903.248093 4032306.199241
353903.257979 4032306.200517
353903.267957 4032306.201902
353903.277843 4032306.203177
353903.287729 4032306.204453
353903.297617 4032306.205839
353903.307593 4032306.207113
353903.317479 4032306.208389
353903.327367 4032306.209775
353903.337343 4032306.211049
353903.347229 4032306.212325
353903.357117 4032306.213711
353903.367003 4032306.214987
353903.376979 4032306.216261
353903.386867 4032306.217648
353903.396753 4032306.218923
353903.406729 4032306.220197
353903.416617 4032306.221584
353903.426503 4032306.222859
353903.436389 4032306.224135
353903.446367 4032306.225520
353903.456253 4032306.226795
353903.466141 4032306.228182
353903.476027 4032306.229457
353903.486003 4032306.230732
353903.495891 4032306.232118
353903.505777 4032306.233394
353903.515753 4032306.234668
353903.525641 4032306.236054
353903.535527 4032306.237330
353903.545413 4032306.238605
353903.555391 4032306.239990
353903.565277 4032306.241266
353903.575163 4032306.242541
353903.585141 4032306.243926
353903.595027 4032306.245202
353903.604913 4032306.246477
353903.614801 4032306.247864
353903.624777 4032306.249138
353903.634663 4032306.250414
353903.644551 4032306.251800
353903.654527 4032306.253074
353903.664413 4032306.254350
353903.674301 4032306.255736
353903.684187 4032306.257012
353903.694163 4032306.258286
353903.704051 4032306.259672
353903.713937 4032306.260948
353903.723913 4032306.262222
353903.733801 4032306.263608
353903.743687 4032306.264884
353903.753573 4032306.266160
353903.763551 4032306.267545
353903.773437 4032306.268820
353903.783323 4032306.270096
353903.793301 4032306.271481
353903.803187 4032306.272756
353903.813073 4032306.274032
353903.822961 4032306.275418
353903.832937 4032306.276692
353903.842823 4032306.277968
353903.852711 4032306.279354
353903.862597 4032306.280630
353903.872573 4032306.281904
353903.882461 4032306.283291
353903.892347 4032306.284566
353903.902323 4032306.285840
353903.912211 4032306.287227
353903.922097 4032306.288502
353903.931983 4032306.289778
353903.941961 4032306.291163
353903.951847 4032306.292438
353903.961733 4032306.293714
353903.971711 4032306.295099
353903.981597 4032306.296374
353903.991483 4032306.297650
353904.001371 4032306.299037
353904.011347 4032306.300311
353904.021233 4032306.301586
353904.031121 4032306.302973
353904.041097 4032306.304247
353904.050985 4032306.305633
353904.060871 4032306.306909
353904.070757 4032306.308184
353904.080735 4032306.309569
353904.090621 4032306.310845
353904.100507 4032306.312120
353904.110485 4032306.313505
353904.120371 4032306.314781
353904.130257 4032306.316057
353904.140145 4032306.317443
353904.150121 4032306.318717
353904.160007 4032306.319993
353904.169895 4032306.321379
353904.179871 4032306.322653
353904.189757 4032306.323929
353904.199645 4032306.325315
353904.209531 4032306.326591
353904.219507 4032306.327865
353904.229395 4032306.329251
353904.239281 4032306.330527
353904.249167 4032306.331803
353904.259145 4032306.333188
353904.269031 4032306.334463
353904.278917 4032306.335739
353904.288895 4032306.337124
353904.298781 4032306.338399
353904.308667 4032306.339675
353904.318555 4032306.341061
353904.328531 4032306.342335
353904.338417 4032306.343611
353904.348305 4032306.344997
353904.358281 4032306.346271
353904.368167 4032306.347547
353904.378055 4032306.348933
353904.387941 4032306.350209
353904.397917 4032306.351483
353904.407805 4032306.352870
353904.417691 4032306.354145
353904.427667 4032306.355419
353904.437555 4032306.356806
353904.447441 4032306.358081
353904.457327 4032306.359357
353904.467305 4032306.360742
353904.477191 4032306.362017
353904.487077 4032306.363293
353904.497055 4032306.364678
353904.506941 4032306.365954
353904.516827 4032306.367229
353904.526715 4032306.368616
353904.536691 4032306.369890
353904.546577 4032306.371165
353904.556465 4032306.372552
353904.566441 4032306.373826
353904.576327 4032306.375101
353904.586215 4032306.376488
353904.596101 4032306.377763
353904.606077 4032306.379037
353904.615965 4032306.380424
353904.625851 4032306.381700
353904.635829 4032306.383085
353904.645715 4032306.384360
353904.655601 4032306.385636
353904.665489 4032306.387022
353904.675465 4032306.388296
353904.685351 4032306.389572
353904.695239 4032306.390958
353904.705125 4032306.392234
353904.715101 4032306.393508
353904.724989 4032306.394894
353904.734875 4032306.396170
353904.744851 4032306.397444
353904.754739 4032306.398830
353904.764625 4032306.400106
353904.774511 4032306.401382
353904.784489 4032306.402767
353904.794375 4032306.404042
353904.804261 4032306.405318
353904.814239 4032306.406703
353904.824125 4032306.407978
353904.834011 4032306.409254
353904.843899 4032306.410640
353904.853875 4032306.411914
353904.863761 4032306.413190
353904.873649 4032306.414576
353904.883625 4032306.415851
353904.893511 4032306.417126
353904.903399 4032306.418513
353904.913285 4032306.419788
353904.923261 4032306.421062
353904.933149 4032306.422449
353904.943035 4032306.423724
353904.953011 4032306.424998
353904.962899 4032306.426385
353904.972785 4032306.427660
353904.982671 4032306.428936
353904.992649 4032306.430321
353905.002535 4032306.431597
353905.012421 4032306.432872
353905.022399 4032306.434257
353905.032285 4032306.435533
353905.042171 4032306.436808
353905.052059 4032306.438195
353905.062035 4032306.439469
353905.071921 4032306.440744
353905.081809 4032306.442131
353905.091695 4032306.443406
353905.101671 4032306.444680
353905.111559 4032306.446067
353905.121445 4032306.447343
353905.131421 4032306.448617
353905.141309 4032306.450003
353905.151195 4032306.451279
353905.161081 4032306.452554
353905.171059 4032306.453939
353905.180945 4032306.455215
353905.190831 4032306.456490
353905.200809 4032306.457875
353905.210695 4032306.459151
353905.220581 4032306.460426
353905.230469 4032306.461813
353905.240445 4032306.463087
353905.250333 4032306.464474
353905.260219 4032306.465749
353905.270195 4032306.467023
353905.280083 4032306.468410
353905.289969 4032306.469685
353905.299855 4032306.470961
353905.309833 4032306.472346
353905.319719 4032306.473621
353905.329605 4032306.474897
353905.339583 4032306.476282
353905.349469 4032306.477557
353905.359355 4032306.478833
353905.369243 4032306.480220
353905.379219 4032306.481494
353905.389105 4032306.482769
353905.398993 4032306.484156
353905.408969 4032306.485430
353905.418855 4032306.486705
353905.428743 4032306.488092
353905.438629 4032306.489367
353905.448605 4032306.490641
353905.458493 4032306.492028
353905.468379 4032306.493303
353905.478265 4032306.494579
353905.488243 4032306.495964
353905.498129 4032306.497240
353905.508015 4032306.498515
353905.517993 4032306.499900
353905.527879 4032306.501176
353905.537765 4032306.502451
353905.547653 4032306.503838
353905.557629 4032306.505112
353905.567515 4032306.506387
353905.577403 4032306.507774
353905.587379 4032306.509048
353905.597265 4032306.510323
353905.607153 4032306.511710
353905.617039 4032306.512986
353905.627015 4032306.514260
353905.636903 4032306.515646
353905.646789 4032306.516922
353905.656765 4032306.518196
353905.666653 4032306.519582
353905.676539 4032306.520858
353905.686425 4032306.522133
353905.696403 4032306.523518
353905.706289 4032306.524794
353905.716175 4032306.526069
353905.726153 4032306.527454
353905.736039 4032306.528730
353905.745925 4032306.530006
353905.755813 4032306.531392
353905.765789 4032306.532666
353905.775675 4032306.533942
353905.785563 4032306.535328
353905.795539 4032306.536602
353905.805425 4032306.537878
353905.815313 4032306.539264
353905.825199 4032306.540540
353905.835177 4032306.541925
353905.845063 4032306.543200
353905.854949 4032306.544476
353905.864926 4032306.545861
353905.874813 4032306.547137
353905.884699 4032306.548412
353905.894587 4032306.549799
353905.904563 4032306.551073
353905.914449 4032306.552348
353905.924337 4032306.553735
353905.934223 4032306.555010
353905.944199 4032306.556284
353905.954087 4032306.557671
353905.963973 4032306.558946
353905.973949 4032306.560221
353905.983837 4032306.561607
353905.993723 4032306.562883
353906.003609 4032306.564158
353906.013587 4032306.565543
353906.023473 4032306.566819
353906.033359 4032306.568094
353906.043336 4032306.569479
353906.053223 4032306.570755
353906.063109 4032306.572030
353906.072997 4032306.573417
353906.082973 4032306.574691
353906.092859 4032306.575967
353906.102747 4032306.577353
353906.112723 4032306.578627
353906.122609 4032306.579903
353906.132497 4032306.581289
353906.142383 4032306.582565
353906.152359 4032306.583839
353906.162247 4032306.585225
353906.172133 4032306.586501
353906.182109 4032306.587775
353906.191997 4032306.589161
353906.201883 4032306.590437
353906.211769 4032306.591713
353906.221746 4032306.593098
353906.231633 4032306.594373
353906.241519 4032306.595649
353906.251496 4032306.597034
353906.261383 4032306.598309
353906.271269 4032306.599585
353906.281157 4032306.600971
353906.291133 4032306.602245
353906.301019 4032306.603521
353906.310907 4032306.604907
353906.320793 4032306.606183
353906.330769 4032306.607457
353906.340657 4032306.608844
353906.350543 4032306.610119
353906.360519 4032306.611393
353906.370407 4032306.612780
353906.380293 4032306.614055
353906.390179 4032306.615331
353906.400157 4032306.616716
353906.410043 4032306.617991
353906.419931 4032306.619378
353906.429906 4032306.620652
353906.439793 4032306.621928
353906.449681 4032306.623314
353906.459567 4032306.624590
353906.469543 4032306.625864
353906.479431 4032306.627250
353906.489317 4032306.628526
353906.499292 4032306.629800
353906.509180 4032306.631186
353906.519067 4032306.632462
353906.528953 4032306.633737
353906.538930 4032306.635122
353906.548817 4032306.636398
353906.558703 4032306.637674
353906.568680 4032306.639059
353906.578567 4032306.640334
353906.588453 4032306.641610
353906.598341 4032306.642996
353906.608316 4032306.644270
353906.618203 4032306.645546
353906.628091 4032306.646932
353906.638066 4032306.648206
353906.647947 4032306.649149
353906.657915 4032306.649979
353906.667882 4032306.650699
353906.677848 4032306.651418
353906.687814 4032306.652138
353906.697871 4032306.652855
353906.707837 4032306.653575
353906.717803 4032306.654294
353906.727770 4032306.655014
353906.737736 4032306.655733
353906.747703 4032306.656452
353906.757671 4032306.657283
353906.767637 4032306.658002
353906.777604 4032306.658721
353906.787570 4032306.659441
353906.797537 4032306.660160
353906.807503 4032306.660879
353906.817469 4032306.661599
353906.827436 4032306.662318
353906.837402 4032306.663038
353906.847369 4032306.663757
353906.857335 4032306.664476
353906.867393 4032306.665305
353906.877360 4032306.666024
353906.887326 4032306.666744
353906.897292 4032306.667463
353906.907259 4032306.668183
353906.917225 4032306.668902
353906.927192 4032306.669621
353906.937158 4032306.670341
353906.947124 4032306.671060
353906.957091 4032306.671779
353906.967059 4032306.672610
353906.977026 4032306.673329
353906.986992 4032306.674049
353906.996958 4032306.674768
353907.006925 4032306.675487
353907.016891 4032306.676207
353907.026858 4032306.676926
353907.036914 4032306.677644
353907.046880 4032306.678363
353907.056847 4032306.679083
353907.066813 4032306.679802
353907.076781 4032306.680632
353907.086748 4032306.681352
353907.096714 4032306.682071
353907.106681 4032306.682790
353907.116647 4032306.683510
353907.126613 4032306.684229
353907.136580 4032306.684949
353907.146546 4032306.685668
353907.156513 4032306.686387
353907.166479 4032306.687107
353907.176447 4032306.687937
353907.186414 4032306.688656
353907.196470 4032306.689374
353907.206436 4032306.690094
353907.216403 4032306.690813
353907.226369 4032306.691532
353907.236336 4032306.692252
353907.246302 4032306.692971
353907.256268 4032306.693690
353907.266235 4032306.694410
353907.276201 4032306.695129
353907.286170 4032306.695960
353907.296136 4032306.696679
353907.306102 4032306.697398
353907.316069 4032306.698118
353907.326035 4032306.698837
353907.336002 4032306.699556
353907.345968 4032306.700276
353907.355935 4032306.700995
353907.365991 4032306.701713
353907.375957 4032306.702432
353907.385925 4032306.703263
353907.395892 4032306.703982
353907.405858 4032306.704701
353907.415825 4032306.705421
353907.425791 4032306.706140
353907.435757 4032306.706860
353907.445724 4032306.707579
353907.455690 4032306.708298
353907.465657 4032306.709018
353907.475623 4032306.709737
353907.485590 4032306.710456
353907.495558 4032306.711287
353907.505524 4032306.712006
353907.515491 4032306.712726
353907.525457 4032306.713445
353907.535513 4032306.714163
353907.545480 4032306.714882
353907.555446 4032306.715602
353907.565412 4032306.716321
353907.575379 4032306.717040
353907.585345 4032306.717760
353907.595314 4032306.718590
353907.605280 4032306.719309
353907.615246 4032306.720029
353907.625213 4032306.720748
353907.635179 4032306.721467
353907.645146 4032306.722187
353907.655112 4032306.722906
353907.665079 4032306.723626
353907.675045 4032306.724345
353907.685011 4032306.725064
353907.694978 4032306.725784
353907.705036 4032306.726613
353907.715002 4032306.727332
353907.724969 4032306.728051
353907.734935 4032306.728771
353907.744901 4032306.729490
353907.754868 4032306.730209
353907.764834 4032306.730929
353907.774801 4032306.731648
353907.784767 4032306.732368
353907.794734 4032306.733087
353907.804702 4032306.733917
353907.814668 4032306.734637
353907.824635 4032306.735356
353907.834601 4032306.736075
353907.844568 4032306.736795
353907.854534 4032306.737514
353907.864590 4032306.738232
353907.874556 4032306.738951
353907.884523 4032306.739671
353907.894489 4032306.740390
353907.904456 4032306.741109
353907.914424 4032306.741940
353907.924390 4032306.742659
353907.934357 4032306.743378
353907.944323 4032306.744098
353907.954290 4032306.744817
353907.964256 4032306.745537
353907.974223 4032306.746256
353907.984189 4032306.746975
353907.994155 4032306.747695
353908.004122 4032306.748414
353908.014090 4032306.749244
353908.024057 4032306.749964
353908.034113 4032306.750682
353908.044079 4032306.751401
353908.054045 4032306.752120
353908.064012 4032306.752840
353908.073978 4032306.753559
353908.083945 4032306.754279
353908.093911 4032306.754998
353908.103878 4032306.755717
353908.113844 4032306.756437
353908.123812 4032306.757267
353908.133779 4032306.757986
353908.143745 4032306.758706
353908.153712 4032306.759425
353908.163678 4032306.760144
353908.173644 4032306.760864
353908.183611 4032306.761583
353908.193577 4032306.762303
353908.203633 4032306.763020
353908.213600 4032306.763740
353908.223568 4032306.764570
353908.233534 4032306.765290
353908.243501 4032306.766009
353908.253467 4032306.766728
353908.263434 4032306.767448
353908.273400 4032306.768167
353908.283367 4032306.768886
353908.293333 4032306.769606
353908.303299 4032306.770325
353908.313266 4032306.771045
353908.323232 4032306.771764
353908.333200 4032306.772594
353908.343167 4032306.773314
353908.353133 4032306.774033
353908.363100 4032306.774752
353908.373156 4032306.775470
353908.383122 4032306.776190
353908.393089 4032306.776909
353908.403055 4032306.777628
353908.413022 4032306.778348
353908.422988 4032306.779067
353908.432956 4032306.779897
353908.442923 4032306.780617
353908.452889 4032306.781336
353908.462855 4032306.782056
353908.472822 4032306.782775
353908.482788 4032306.783494
353908.492755 4032306.784214
353908.502721 4032306.784933
353908.512688 4032306.785652
353908.522654 4032306.786372
353908.532710 4032306.787090
353908.542678 4032306.787920
353908.552645 4032306.788639
353908.562611 4032306.789359
353908.572578 4032306.790078
353908.582544 4032306.790797
353908.592510 4032306.791517
353908.602477 4032306.792236
353908.612443 4032306.792956
353908.622410 4032306.793675
353908.632376 4032306.794394
353908.642344 4032306.795225
353908.652311 4032306.795944
353908.662277 4032306.796663
353908.672244 4032306.797383
353908.682210 4032306.798102
353908.692177 4032306.798822
353908.702233 4032306.799539
353908.712199 4032306.800259
353908.722165 4032306.800978
353908.732132 4032306.801698
353908.742100 4032306.802528
353908.752067 4032306.803247
353908.762033 4032306.803967
353908.771999 4032306.804686
353908.781966 4032306.805405
353908.791932 4032306.806125
353908.801899 4032306.806844
353908.811865 4032306.807564
353908.821832 4032306.808283
353908.831798 4032306.809002
353908.841764 4032306.809722
353908.851733 4032306.810552
353908.861699 4032306.811271
353908.871755 4032306.811989
353908.881722 4032306.812709
353908.891688 4032306.813428
353908.901654 4032306.814147
353908.911621 4032306.814867
353908.921587 4032306.815586
353908.931554 4032306.816305
353908.941520 4032306.817025
353908.951488 4032306.817855
353908.961455 4032306.818575
353908.971421 4032306.819294
353908.981388 4032306.820013
353908.991354 4032306.820733
353909.001321 4032306.821452
353909.011287 4032306.822171
353909.021253 4032306.822891
353909.031220 4032306.823610
353909.041276 4032306.824328
353909.051242 4032306.825047
353909.061211 4032306.825878
353909.071177 4032306.826597
353909.081143 4032306.827316
353909.091110 4032306.828036
353909.101076 4032306.828755
353909.111043 4032306.829475
353909.121009 4032306.830194
353909.130976 4032306.830913
353909.140942 4032306.831633
353909.150908 4032306.832352
353909.160877 4032306.833182
353909.170843 4032306.833902
353909.180810 4032306.834621
353909.190776 4032306.835341
353909.200832 4032306.836058
353909.210798 4032306.836778
353909.220765 4032306.837497
353909.230731 4032306.838217
353909.240698 4032306.838936
353909.250664 4032306.839655
353909.260631 4032306.840375
353909.270599 4032306.841205
353909.280565 4032306.841924
353909.290532 4032306.842644
353909.300498 4032306.843363
353909.310465 4032306.844082
353909.320431 4032306.844802
353909.330397 4032306.845521
353909.340364 4032306.846241
353909.350330 4032306.846960
353909.360297 4032306.847679
353909.370355 4032306.848508
353909.380321 4032306.849228
353909.390287 4032306.849947
353909.400254 4032306.850666
353909.410220 4032306.851386
353909.420187 4032306.852105
353909.430153 4032306.852824
353909.440120 4032306.853544
353909.450086 4032306.854263
353909.460052 4032306.854983
353909.470019 4032306.855702
353909.479987 4032306.856532
353909.489953 4032306.857252
353909.499920 4032306.857971
353909.509886 4032306.858690
353909.519853 4032306.859410
353909.529819 4032306.860129
353909.539875 4032306.860847
353909.549842 4032306.861566
353909.559808 4032306.862286
353909.569775 4032306.863005
353909.579743 4032306.863835
353909.589709 4032306.864555
353909.599676 4032306.865274
353909.609642 4032306.865994
353909.619608 4032306.866713
353909.629575 4032306.867432
353909.639541 4032306.868152
353909.649508 4032306.868871
353909.659474 4032306.869590
353909.669441 4032306.870310
353909.679407 4032306.871029
353909.689375 4032306.871860
353909.699431 4032306.872577
353909.709398 4032306.873297
353909.719364 4032306.874016
353909.729331 4032306.874736
353909.739297 4032306.875455
353909.749263 4032306.876174
353909.759230 4032306.876894
353909.769196 4032306.877613
353909.779163 4032306.878332
353909.789131 4032306.879163
353909.799097 4032306.879882
353909.809064 4032306.880602
353909.819030 4032306.881321
353909.828997 4032306.882040
353909.838963 4032306.882760
353909.848930 4032306.883479
353909.858896 4032306.884198
353909.868952 4032306.884916
353909.878918 4032306.885636
353909.888885 4032306.886355
353909.898853 4032306.887185
353909.908820 4032306.887905
353909.918786 4032306.888624
353909.928752 4032306.889343
353909.938719 4032306.890063
353909.948685 4032306.890782
353909.958652 4032306.891502
353909.968618 4032306.892221
353909.978585 4032306.892940
353909.988551 4032306.893660
353909.998519 4032306.894490
353910.008486 4032306.895209
353910.018452 4032306.895929
353910.028419 4032306.896648
353910.038475 4032306.897366
353910.048441 4032306.898085
353910.058407 4032306.898805
353910.068374 4032306.899524
353910.078340 4032306.900244
353910.088307 4032306.900963
353910.098273 4032306.901682
353910.108241 4032306.902513
353910.118208 4032306.903232
353910.128174 4032306.903951
353910.138141 4032306.904671
353910.148107 4032306.905390
353910.158074 4032306.906110
353910.168040 4032306.906829
353910.178006 4032306.907548
353910.187973 4032306.908268
353910.197939 4032306.908987
353910.207997 4032306.909816
353910.217964 4032306.910535
353910.227930 4032306.911255
353910.237896 4032306.911974
353910.247863 4032306.912693
353910.257829 4032306.913413
353910.267796 4032306.914132
353910.277762 4032306.914851
353910.287729 4032306.915571
353910.297695 4032306.916290
353910.307661 4032306.917010
353910.317630 4032306.917840
353910.327596 4032306.918559
353910.337563 4032306.919279
353910.347529 4032306.919998
353910.357495 4032306.920717
353910.367551 4032306.921435
353910.377518 4032306.922155
353910.387484 4032306.922874
353910.397451 4032306.923593
353910.407417 4032306.924313
353910.417385 4032306.925143
353910.427352 4032306.925863
353910.437318 4032306.926582
353910.447285 4032306.927301
353910.457251 4032306.928021
353910.467218 4032306.928740
353910.477184 4032306.929459
353910.487150 4032306.930179
353910.497117 4032306.930898
353910.507083 4032306.931618
353910.517050 4032306.932337
353910.527018 4032306.933167
353910.537074 4032306.933885
353910.547040 4032306.934604
353910.557007 4032306.935324
353910.566973 4032306.936043
353910.576940 4032306.936763
353910.586906 4032306.937482
353910.596872 4032306.938201
353910.606839 4032306.938921
353910.616805 4032306.939640
353910.626774 4032306.940470
353910.636740 4032306.941190
353910.646706 4032306.941909
353910.656673 4032306.942629
353910.666639 4032306.943348
353910.676606 4032306.944067
353910.686572 4032306.944787
353910.696539 4032306.945506
353910.706595 4032306.946224
353910.716561 4032306.946943
353910.726527 4032306.947663
353910.736496 4032306.948493
353910.746462 4032306.949212
353910.756429 4032306.949932
353910.766395 4032306.950651
353910.776361 4032306.951371
353910.786328 4032306.952090
353910.796294 4032306.952809
353910.806261 4032306.953529
353910.816227 4032306.954248
353910.826194 4032306.954967
353910.831421 4032306.951217
353910.830266 4032306.941250
353910.829024 4032306.931395
353910.827869 4032306.921427
353910.826626 4032306.911572
353910.825471 4032306.901604
353910.824227 4032306.891638
353910.823074 4032306.881782
353910.821830 4032306.871816
353910.820675 4032306.861848
353910.819432 4032306.851993
353910.818277 4032306.842025
353910.817033 4032306.832059
353910.815880 4032306.822203
353910.814635 4032306.812237
353910.813482 4032306.802380
353910.812238 4032306.792414
353910.811083 4032306.782446
353910.809840 4032306.772591
353910.808596 4032306.762625
353910.807441 4032306.752658
353910.806198 4032306.742802
353910.805044 4032306.732835
353910.803799 4032306.722869
353910.802646 4032306.713012
353910.801402 4032306.703046
353910.800249 4032306.693189
353910.799004 4032306.683223
353910.797849 4032306.673256
353910.796607 4032306.663401
353910.795452 4032306.653433
353910.794207 4032306.643467
353910.793054 4032306.633610
353910.791810 4032306.623644
353910.790657 4032306.613788
353910.789412 4032306.603822
353910.788258 4032306.593854
353910.787015 4032306.583999
353910.785860 4032306.574031
353910.784616 4032306.564065
353910.783463 4032306.554209
353910.782218 4032306.544243
353910.781063 4032306.534275
353910.779821 4032306.524420
353910.778666 4032306.514452
353910.777423 4032306.504597
353910.776268 4032306.494630
353910.775024 4032306.484664
353910.773781 4032306.474809
353910.772626 4032306.464841
353910.771382 4032306.454875
353910.770229 4032306.445018
353910.768985 4032306.435052
353910.767830 4032306.425085
353910.766587 4032306.415230
353910.765432 4032306.405262
353910.764190 4032306.395407
353910.763035 4032306.385439
353910.761790 4032306.375473
353910.760637 4032306.365617
353910.759393 4032306.355651
353910.758238 4032306.345683
353910.756995 4032306.335828
353910.755841 4032306.325860
353910.754596 4032306.315894
353910.753443 4032306.306038
353910.752199 4032306.296072
353910.751046 4032306.286215
353910.749801 4032306.276249
353910.748646 4032306.266281
353910.747404 4032306.256426
353910.746249 4032306.246459
353910.745004 4032306.236493
353910.743851 4032306.226636
353910.742607 4032306.216670
353910.741362 4032306.206704
353910.740209 4032306.196847
353910.738965 4032306.186881
353910.737812 4032306.177025
353910.736567 4032306.167059
353910.735413 4032306.157091
353910.734170 4032306.147236
353910.733015 4032306.137268
353910.731771 4032306.127302
353910.730618 4032306.117446
353910.729373 4032306.107480
353910.728218 4032306.097512
353910.726976 4032306.087657
353910.725821 4032306.077689
353910.724578 4032306.067834
353910.723423 4032306.057867
353910.722179 4032306.047901
353910.721026 4032306.038044
353910.719782 4032306.028078
353910.718627 4032306.018110
353910.717384 4032306.008255
353910.716229 4032305.998288
353910.714987 4032305.988433
353910.713832 4032305.978465
353910.712587 4032305.968499
353910.711434 4032305.958642
353910.710190 4032305.948676
353910.708945 4032305.938710
353910.707792 4032305.928854
353910.706548 4032305.918887
353910.705393 4032305.908920
353910.704150 4032305.899065
353910.702996 4032305.889097
353910.701753 4032305.879242
353910.700598 4032305.869275
353910.699354 4032305.859308
353910.698201 4032305.849452
353910.696956 4032305.839486
353910.695801 4032305.829518
353910.694559 4032305.819663
353910.693404 4032305.809696
353910.692159 4032305.799729
353910.691006 4032305.789873
353910.689762 4032305.779907
353910.688609 4032305.770050
353910.687364 4032305.760084
353910.686210 4032305.750117
353910.684967 4032305.740261
353910.683812 4032305.730294
353910.682568 4032305.720328
353910.681415 4032305.710471
353910.680170 4032305.700505
353910.679015 4032305.690538
353910.677773 4032305.680682
353910.676528 4032305.670716
353910.675375 4032305.660860
353910.674131 4032305.650894
353910.672976 4032305.640926
353910.671733 4032305.631071
353910.670579 4032305.621103
353910.669334 4032305.611137
353910.668181 4032305.601281
353910.666937 4032305.591315
353910.665782 4032305.581347
353910.664539 4032305.571492
353910.663384 4032305.561524
353910.662142 4032305.551669
353910.660987 4032305.541702
353910.659742 4032305.531736
353910.658589 4032305.521879
353910.657345 4032305.511913
353910.656190 4032305.501945
353910.654947 4032305.492090
353910.653793 4032305.482123
353910.652548 4032305.472157
353910.651395 4032305.462300
353910.650151 4032305.452334
353910.648998 4032305.442477
353910.647753 4032305.432511
353910.646598 4032305.422544
353910.645356 4032305.412689
353910.644201 4032305.402721
353910.642956 4032305.392755
353910.641714 4032305.382900
353910.640559 4032305.372932
353910.639316 4032305.363077
353910.638161 4032305.353110
353910.636917 4032305.343144
353910.635764 4032305.333287
353910.634519 4032305.323321
353910.633365 4032305.313353
353910.632122 4032305.303498
353910.630967 4032305.293531
353910.629723 4032305.283565
353910.628570 4032305.273708
353910.627325 4032305.263742
353910.626172 4032305.253885
353910.624928 4032305.243919
353910.623773 4032305.233952
353910.622530 4032305.224097
353910.621375 4032305.214129
353910.620131 4032305.204163
353910.618978 4032305.194306
353910.617734 4032305.184340
353910.616579 4032305.174373
353910.615336 4032305.164518
353910.614181 4032305.154550
353910.612939 4032305.144695
353910.611784 4032305.134727
353910.610539 4032305.124761
353910.609297 4032305.114906
353910.608142 4032305.104939
353910.606897 4032305.094973
353910.605744 4032305.085116
353910.604500 4032305.075150
353910.603345 4032305.065182
353910.602102 4032305.055327
353910.600948 4032305.045360
353910.599705 4032305.035504
353910.598550 4032305.025537
353910.597306 4032305.015571
353910.596153 4032305.005714
353910.594908 4032304.995748
353910.593753 4032304.985781
353910.592511 4032304.975925
353910.591356 4032304.965958
353910.590111 4032304.955992
353910.588958 4032304.946135
353910.587714 4032304.936169
353910.586561 4032304.926313
353910.585316 4032304.916346
353910.584162 4032304.906379
353910.582919 4032304.896524
353910.581764 4032304.886556
353910.580520 4032304.876590
353910.579367 4032304.866734
353910.578122 4032304.856767
353910.576878 4032304.846801
353910.575725 4032304.836945
353910.574480 4032304.826979
353910.573327 4032304.817122
353910.572083 4032304.807156
353910.570928 4032304.797188
353910.569685 4032304.787333
353910.568530 4032304.777366
353910.567286 4032304.767400
353910.566133 4032304.757543
353910.564889 4032304.747577
353910.563734 4032304.737609
353910.562491 4032304.727754
353910.561336 4032304.717787
353910.560094 4032304.707932
353910.558939 4032304.697964
353910.557694 4032304.687998
353910.556541 4032304.678141
353910.555297 4032304.668175
353910.554142 4032304.658208
353910.552899 4032304.648353
353910.551745 4032304.638385
353910.550502 4032304.628530
353910.549347 4032304.618562
353910.548103 4032304.608596
353910.546950 4032304.598740
353910.545705 4032304.588774
353910.544461 4032304.578808
353910.543308 4032304.568951
353910.542063 4032304.558985
353910.540908 4032304.549017
353910.539666 4032304.539162
353910.538511 4032304.529195
353910.537268 4032304.519340
353910.536113 4032304.509372
353910.534869 4032304.499406
353910.533716 4032304.489549
353910.532471 4032304.479583
353910.531317 4032304.469616
353910.530074 4032304.459761
353910.528919 4032304.449793
353910.527675 4032304.439827
353910.526522 4032304.429970
353910.525277 4032304.420004
353910.524124 4032304.410148
353910.522880 4032304.400182
353910.521725 4032304.390214
353910.520482 4032304.380359
353910.519327 4032304.370391
353910.518083 4032304.360425
353910.516930 4032304.350569
353910.515686 4032304.340603
353910.514531 4032304.330635
353910.513288 4032304.320780
353910.512044 4032304.310814
353910.510891 4032304.300957
353910.509646 4032304.290991
353910.508491 4032304.281024
353910.507249 4032304.271169
353910.506094 4032304.261201
353910.504849 4032304.251235
353910.503696 4032304.241378
353910.502452 4032304.231412
353910.501297 4032304.221445
353910.500054 4032304.211590
353910.498900 4032304.201622
353910.497657 4032304.191767
353910.496502 4032304.181799
353910.495258 4032304.171833
353910.494105 4032304.161977
353910.492860 4032304.152011
353910.491705 4032304.142043
353910.490463 4032304.132188
353910.489308 4032304.122220
353910.488063 4032304.112254
353910.486910 4032304.102398
353910.485666 4032304.092432
353910.484513 4032304.082575
353910.483268 4032304.072609
353910.482114 4032304.062641
353910.480871 4032304.052786
353910.479716 4032304.042819
353910.478472 4032304.032853
353910.477229 4032304.022997
353910.476074 4032304.013030
353910.474832 4032304.003175
353910.473677 4032303.993207
353910.472432 4032303.983241
353910.471279 4032303.973384
353910.470035 4032303.963418
353910.468880 4032303.953451
353910.467637 4032303.943596
353910.466482 4032303.933628
353910.465238 4032303.923662
353910.464085 4032303.913805
353910.462841 4032303.903839
353910.461688 4032303.893983
353910.460443 4032303.884017
353910.459288 4032303.874049
353910.458046 4032303.864194
353910.456891 4032303.854226
353910.455646 4032303.844260
353910.454493 4032303.834404
353910.453249 4032303.824438
353910.452094 4032303.814470
353910.450851 4032303.804615
353910.449697 4032303.794647
353910.448454 4032303.784792
353910.447299 4032303.774825
353910.446055 4032303.764859
353910.444812 4032303.755004
353910.443657 4032303.745036
353910.442413 4032303.735070
353910.441260 4032303.725213
353910.440015 4032303.715247
353910.438860 4032303.705280
353910.437618 4032303.695425
353910.436463 4032303.685457
353910.435220 4032303.675602
353910.434065 4032303.665634
353910.432821 4032303.655668
353910.431668 4032303.645812
353910.430423 4032303.635846
353910.429269 4032303.625878
353910.428026 4032303.616023
353910.426871 4032303.606055
353910.425627 4032303.596089
353910.424474 4032303.586233
353910.423229 4032303.576267
353910.422076 4032303.566410
353910.420832 4032303.556444
353910.419677 4032303.546476
353910.418434 4032303.536621
353910.417279 4032303.526654
353910.416035 4032303.516688
353910.414882 4032303.506831
353910.413637 4032303.496865
353910.412393 4032303.486899
353910.411240 4032303.477042
353910.409996 4032303.467076
353910.408843 4032303.457220
353910.407598 4032303.447254
353910.406443 4032303.437286
353910.405201 4032303.427431
353910.404046 4032303.417463
353910.402801 4032303.407497
353910.401648 4032303.397641
353910.400404 4032303.387675
353910.399251 4032303.377818
353910.398006 4032303.367852
353910.396852 4032303.357884
353910.395609 4032303.348029
353910.394454 4032303.338062
353910.393210 4032303.328096
353910.392057 4032303.318239
353910.390812 4032303.308273
353910.389657 4032303.298305
353910.388415 4032303.288450
353910.387260 4032303.278483
353910.386017 4032303.268628
353910.384862 4032303.258660
353910.383618 4032303.248694
353910.382465 4032303.238837
353910.381220 4032303.228871
353910.379976 4032303.218905
353910.378823 4032303.209049
353910.377578 4032303.199082
353910.376424 4032303.189115
353910.375181 4032303.179260
353910.374026 4032303.169292
353910.372784 4032303.159437
353910.371629 4032303.149470
353910.370384 4032303.139503
353910.369231 4032303.129647
353910.367987 4032303.119681
353910.366832 4032303.109713
353910.365589 4032303.099858
353910.364434 4032303.089891
353910.363190 4032303.079924
353910.362037 4032303.070068
353910.360792 4032303.060102
353910.359640 4032303.050245
353910.358395 4032303.040279
353910.357240 4032303.030312
353910.355998 4032303.020456
353910.354843 4032303.010489
353910.353598 4032303.000523
353910.352445 4032302.990666
353910.351201 4032302.980700
353910.350046 4032302.970733
353910.348803 4032302.960877
353910.347648 4032302.950910
353910.346406 4032302.941055
353910.345161 4032302.931089
353910.344007 4032302.921121
353910.342764 4032302.911266
353910.341609 4032302.901298
353910.340365 4032302.891332
353910.339212 4032302.881476
353910.337967 4032302.871510
353910.336812 4032302.861542
353910.335570 4032302.851687
353910.334415 4032302.841719
353910.333172 4032302.831864
353910.332017 4032302.821897
353910.330773 4032302.811931
353910.329620 4032302.802074
353910.328375 4032302.792108
353910.327221 4032302.782140
353910.325978 4032302.772285
353910.324823 4032302.762318
353910.323580 4032302.752463
353910.322426 4032302.742495
353910.321181 4032302.732529
353910.320028 4032302.722672
353910.318784 4032302.712706
353910.317629 4032302.702739
353910.316386 4032302.692884
353910.315231 4032302.682916
353910.313987 4032302.672950
353910.312744 4032302.663095
353910.311589 4032302.653127
353910.310347 4032302.643272
353910.309192 4032302.633305
353910.307947 4032302.623339
353910.306795 4032302.613482
353910.305550 4032302.603516
353910.304395 4032302.593548
353910.303153 4032302.583693
353910.301998 4032302.573726
353910.300753 4032302.563760
353910.299600 4032302.553903
353910.298356 4032302.543937
353910.297203 4032302.534080
353910.295958 4032302.524114
353910.294803 4032302.514147
353910.293561 4032302.504292
353910.292406 4032302.494324
353910.291162 4032302.484358
353910.290009 4032302.474501
353910.288764 4032302.464535
353910.287609 4032302.454568
353910.286367 4032302.444713
353910.285212 4032302.434745
353910.283969 4032302.424890
353910.282814 4032302.414922
353910.281570 4032302.404956
353910.280327 4032302.395101
353910.279172 4032302.385134
353910.277928 4032302.375168
353910.276775 4032302.365311
353910.275530 4032302.355345
353910.274376 4032302.345377
353910.273133 4032302.335522
353910.271978 4032302.325555
353910.270735 4032302.315699
353910.269581 4032302.305732
353910.268336 4032302.295766
353910.267183 4032302.285909
353910.265939 4032302.275943
353910.264784 4032302.265976
353910.263541 4032302.256120
353910.262386 4032302.246153
353910.261142 4032302.236187
353910.259989 4032302.226330
353910.258744 4032302.216364
353910.257591 4032302.206508
353910.256347 4032302.196541
353910.255192 4032302.186574
353910.253950 4032302.176719
353910.252795 4032302.166751
353910.251550 4032302.156785
353910.250397 4032302.146929
353910.249153 4032302.136962
353910.247910 4032302.127107
353910.246755 4032302.117140
353910.245511 4032302.107174
353910.244358 4032302.097317
353910.243113 4032302.087351
353910.241958 4032302.077384
353910.240716 4032302.067528
353910.239561 4032302.057561
353910.238317 4032302.047595
353910.237164 4032302.037738
353910.235919 4032302.027772
353910.234766 4032302.017915
353910.233522 4032302.007949
353910.232367 4032301.997982
353910.231124 4032301.988127
353910.229969 4032301.978159
353910.228725 4032301.968193
353910.227572 4032301.958336
353910.226327 4032301.948370
353910.225173 4032301.938403
353910.223930 4032301.928548
353910.222775 4032301.918580
353910.221532 4032301.908725
353910.220378 4032301.898757
353910.219133 4032301.888791
353910.217980 4032301.878935
353910.216736 4032301.868969
353910.215491 4032301.859003
353910.214338 4032301.849146
353910.213094 4032301.839180
353910.211939 4032301.829212
353910.210696 4032301.819357
353910.209541 4032301.809390
353910.208299 4032301.799535
353910.207144 4032301.789567
353910.205899 4032301.779601
353910.204746 4032301.769744
353910.203502 4032301.759778
353910.202347 4032301.749811
353910.201105 4032301.739956
353910.199950 4032301.729988
353910.198705 4032301.720022
353910.197552 4032301.710165
353910.196308 4032301.700199
353910.195155 4032301.690343
353910.193910 4032301.680377
353910.192755 4032301.670409
353910.191513 4032301.660554
353910.190358 4032301.650586
353910.189113 4032301.640620
353910.187960 4032301.630764
353910.186716 4032301.620798
353910.185561 4032301.610830
353910.184319 4032301.600975
353910.183164 4032301.591007
353910.181921 4032301.581152
353910.180677 4032301.571186
353910.179522 4032301.561219
353910.178279 4032301.551364
353910.177124 4032301.541396
353910.175880 4032301.531430
353910.174727 4032301.521573
353910.173482 4032301.511607
353910.172329 4032301.501751
353910.171085 4032301.491785
353910.169930 4032301.481817
353910.168687 4032301.471962
353910.167533 4032301.461994
353910.166288 4032301.452028
353910.165135 4032301.442172
353910.163891 4032301.432206
353910.162736 4032301.422238
353910.161493 4032301.412383
353910.160338 4032301.402415
353910.159096 4032301.392560
353910.157941 4032301.382593
353910.156696 4032301.372627
353910.155543 4032301.362770
353910.154299 4032301.352804
353910.153144 4032301.342836
353910.151901 4032301.332981
353910.150747 4032301.323014
353910.149502 4032301.313048
353910.148259 4032301.303192
353910.147105 4032301.293225
353910.145862 4032301.283370
353910.144707 4032301.273402
353910.143463 4032301.263436
353910.142310 4032301.253579
353910.141065 4032301.243613
353910.139910 4032301.233646
353910.138668 4032301.223791
353910.137513 4032301.213823
353910.136268 4032301.203857
353910.135115 4032301.194001
353910.133871 4032301.184034
353910.132718 4032301.174178
353910.131474 4032301.164212
353910.130319 4032301.154244
353910.129076 4032301.144389
353910.127921 4032301.134422
353910.126677 4032301.124455
353910.125524 4032301.114599
353910.124279 4032301.104633
353910.123124 4032301.094665
353910.121882 4032301.084810
353910.120727 4032301.074843
353910.119484 4032301.064987
353910.118330 4032301.055020
353910.117085 4032301.045054
353910.115842 4032301.035199
353910.114688 4032301.025231
353910.113443 4032301.015265
353910.112290 4032301.005408
353910.111046 4032300.995442
353910.109891 4032300.985475
353910.108648 4032300.975620
353910.107493 4032300.965652
353910.106251 4032300.955797
353910.105096 4032300.945829
353910.103851 4032300.935863
353910.102698 4032300.926007
353910.101454 4032300.916041
353910.100299 4032300.906073
353910.099056 4032300.896218
353910.097902 4032300.886250
353910.096659 4032300.876395
353910.095504 4032300.866428
353910.094260 4032300.856462
353910.093107 4032300.846605
353910.091862 4032300.836639
353910.090707 4032300.826671
353910.089465 4032300.816816
353910.088310 4032300.806849
353910.087065 4032300.796883
353910.085912 4032300.787026
353910.084668 4032300.777060
353910.083425 4032300.767205
353910.082270 4032300.757237
353910.081026 4032300.747271
353910.079873 4032300.737415
353910.078629 4032300.727449
353910.077474 4032300.717481
353910.076231 4032300.707626
353910.075076 4032300.697658
353910.073832 4032300.687692
353910.072679 4032300.677836
353910.071434 4032300.667870
353910.070281 4032300.658013
353910.069037 4032300.648047
353910.067882 4032300.638079
353910.066639 4032300.628224
353910.065484 4032300.618257
353910.064240 4032300.608291
353910.063087 4032300.598434
353910.061843 4032300.588468
353910.060688 4032300.578500
353910.059445 4032300.568645
353910.058290 4032300.558678
353910.057048 4032300.548823
353910.055893 4032300.538855
353910.054648 4032300.528889
353910.053495 4032300.519032
353910.052251 4032300.509066
353910.051096 4032300.499099
353910.049853 4032300.489244
353910.048609 4032300.479277
353910.047454 4032300.469310
353910.046211 4032300.459455
353910.045057 4032300.449487
353910.043814 4032300.439632
353910.042659 4032300.429665
353910.041415 4032300.419699
353910.040262 4032300.409842
353910.039017 4032300.399876
353910.037862 4032300.389908
353910.036620 4032300.380053
353910.035465 4032300.370086
353910.034220 4032300.360120
353910.033067 4032300.350263
353910.031823 4032300.340297
353910.030670 4032300.330440
353910.029425 4032300.320474
353910.028271 4032300.310507
353910.027028 4032300.300651
353910.025873 4032300.290684
353910.024629 4032300.280718
353910.023476 4032300.270861
353910.022231 4032300.260895
353910.021078 4032300.251039
353910.019834 4032300.241072
353910.018679 4032300.231105
353910.017436 4032300.221250
353910.016192 4032300.211284
353910.015037 4032300.201316
353910.013794 4032300.191461
353910.012639 4032300.181493
353910.011395 4032300.171527
353910.010242 4032300.161671
353910.008998 4032300.151705
353910.007845 4032300.141848
353910.006600 4032300.131882
353910.005445 4032300.121914
353910.004203 4032300.112059
353910.003048 4032300.102092
353910.001803 4032300.092126
353910.000650 4032300.082269
353909.999406 4032300.072303
353909.998251 4032300.062335
353909.997008 4032300.052480
353909.995853 4032300.042513
353909.994611 4032300.032658
353909.993456 4032300.022690
353909.992212 4032300.012724
353909.991059 4032300.002867
353909.989814 4032299.992901
353909.988659 4032299.982934
353909.987417 4032299.973079
353909.986262 4032299.963111
353909.985017 4032299.953145
353909.983775 4032299.943290
353909.982620 4032299.933322
353909.981377 4032299.923467
353909.980222 4032299.913500
353909.978978 4032299.903534
353909.977825 4032299.893677
353909.976580 4032299.883711
353909.975426 4032299.873743
353909.974183 4032299.863888
353909.973028 4032299.853921
353909.971784 4032299.843955
353909.970631 4032299.834098
353909.969386 4032299.824132
353909.968233 4032299.814275
353909.966989 4032299.804309
353909.965834 4032299.794342
353909.964591 4032299.784487
353909.963436 4032299.774519
353909.962192 4032299.764553
353909.961039 4032299.754696
353909.959794 4032299.744730
353909.958640 4032299.734763
353909.957397 4032299.724908
353909.956242 4032299.714940
353909.955000 4032299.705085
353909.953845 4032299.695117
353909.952600 4032299.685151
353909.951358 4032299.675296
353909.950203 4032299.665329
353909.948958 4032299.655363
353909.947805 4032299.645506
353909.946561 4032299.635540
353909.945408 4032299.625683
353909.944163 4032299.615717
353909.943008 4032299.605750
353909.941766 4032299.595895
353909.940611 4032299.585927
353909.939367 4032299.575961
353909.938214 4032299.566104
353909.936969 4032299.556138
353909.935814 4032299.546171
353909.934572 4032299.536316
353909.933417 4032299.526348
353909.932174 4032299.516493
353909.931019 4032299.506525
353909.929775 4032299.496559
353909.928622 4032299.486703
353909.927377 4032299.476737
353909.926222 4032299.466769
353909.924980 4032299.456914
353909.923825 4032299.446946
353909.922581 4032299.436980
353909.921428 4032299.427124
353909.920183 4032299.417158
353909.919030 4032299.407301
353909.917786 4032299.397335
353909.916541 4032299.387369
353909.915388 4032299.377512
353909.914144 4032299.367546
353909.912989 4032299.357579
353909.911746 4032299.347723
353909.910591 4032299.337756
353909.909347 4032299.327790
353909.908194 4032299.317933
353909.906949 4032299.307967
353909.905796 4032299.298110
353909.904552 4032299.288144
353909.903397 4032299.278177
353909.902154 4032299.268322
353909.901000 4032299.258354
353909.899755 4032299.248388
353909.898602 4032299.238531
353909.897358 4032299.228565
353909.896203 4032299.218598
353909.894960 4032299.208743
353909.893805 4032299.198775
353909.892563 4032299.188920
353909.891408 4032299.178952
353909.890163 4032299.168986
353909.889010 4032299.159130
353909.887766 4032299.149164
353909.886611 4032299.139196
353909.885369 4032299.129341
353909.884124 4032299.119375
353909.882969 4032299.109407
353909.881727 4032299.099552
353909.880572 4032299.089585
353909.879329 4032299.079730
353909.878174 4032299.069762
353909.876930 4032299.059796
353909.875777 4032299.049939
353909.874532 4032299.039973
353909.873377 4032299.030006
353909.872135 4032299.020151
353909.870980 4032299.010183
353909.869737 4032299.000328
353909.868583 4032298.990360
353909.867338 4032298.980394
353909.866185 4032298.970538
353909.864941 4032298.960572
353909.863786 4032298.950604
353909.862543 4032298.940749
353909.861388 4032298.930781
353909.860144 4032298.920815
353909.858991 4032298.910959
353909.857746 4032298.900993
353909.856593 4032298.891136
353909.855349 4032298.881170
353909.854194 4032298.871202
353909.852951 4032298.861347
353909.851707 4032298.851381
353909.850552 4032298.841414
353909.849309 4032298.831559
353909.848155 4032298.821591
353909.846910 4032298.811625
353909.845757 4032298.801768
353909.844513 4032298.791802
353909.843360 4032298.781946
353909.842115 4032298.771980
353909.840960 4032298.762012
353909.839718 4032298.752157
353909.838563 4032298.742189
353909.837318 4032298.732223
353909.836165 4032298.722367
353909.834921 4032298.712401
353909.833766 4032298.702433
353909.832523 4032298.692578
353909.831369 4032298.682610
353909.830126 4032298.672755
353909.828971 4032298.662788
353909.827727 4032298.652822
353909.826574 4032298.642965
353909.825329 4032298.632999
353909.824174 4032298.623031
353909.822932 4032298.613176
353909.821777 4032298.603209
353909.820532 4032298.593243
353909.819290 4032298.583387
353909.818135 4032298.573420
353909.816892 4032298.563565
353909.815738 4032298.553597
353909.814493 4032298.543631
353909.813340 4032298.533775
353909.812096 4032298.523808
353909.810941 4032298.513841
353909.809698 4032298.503986
353909.808543 4032298.494018
353909.807299 4032298.484052
353909.806146 4032298.474196
353909.804901 4032298.464229
353909.803748 4032298.454373
353909.802504 4032298.444407
353909.801349 4032298.434439
353909.800106 4032298.424584
353909.798952 4032298.414617
353909.797707 4032298.404650
353909.796554 4032298.394794
353909.795310 4032298.384828
353909.794157 4032298.374971
353909.792912 4032298.365005
353909.791757 4032298.355038
353909.790515 4032298.345182
353909.789360 4032298.335215
353909.788115 4032298.325249
353909.786873 4032298.315394
353909.785718 4032298.305426
353909.784473 4032298.295460
353909.783320 4032298.285603
353909.782076 4032298.275637
353909.780923 4032298.265781
353909.779678 4032298.255815
353909.778524 4032298.245847
353909.777281 4032298.235992
353909.776126 4032298.226024
353909.774882 4032298.216058
353909.773729 4032298.206202
353909.772484 4032298.196236
353909.771329 4032298.186268
353909.770087 4032298.176413
353909.768932 4032298.166445
353909.767689 4032298.156590
353909.766534 4032298.146623
353909.765290 4032298.136657
353909.764137 4032298.126800
353909.762892 4032298.116834
353909.761738 4032298.106866
353909.760495 4032298.097011
353909.759340 4032298.087044
353909.758096 4032298.077078
353909.756943 4032298.067221
353909.755698 4032298.057255
353909.754545 4032298.047398
353909.753301 4032298.037432
353909.752056 4032298.027466
353909.750903 4032298.017610
353909.749659 4032298.007644
353909.748504 4032297.997676
353909.747261 4032297.987821
353909.746106 4032297.977853
353909.744862 4032297.967887
353909.743709 4032297.958031
353909.742465 4032297.948065
353909.741312 4032297.938208
353909.740067 4032297.928242
353909.738912 4032297.918274
353909.737670 4032297.908419
353909.736515 4032297.898452
353909.735808 4032297.888477
353909.735281 4032297.878498
353909.734843 4032297.868519
353909.734406 4032297.858539
353909.733968 4032297.848559
353909.733530 4032297.838580
353909.733093 4032297.828600
353909.732655 4032297.818620
353909.732216 4032297.808530
353909.731778 4032297.798550
353909.731340 4032297.788570
353909.730813 4032297.778592
353909.730376 4032297.768612
353909.729938 4032297.758633
353909.729500 4032297.748653
353909.729063 4032297.738673
353909.728625 4032297.728694
353909.728187 4032297.718714
353909.727750 4032297.708734
353909.727312 4032297.698755
353909.726873 4032297.688664
353909.726435 4032297.678684
353909.725908 4032297.668706
353909.725470 4032297.658726
353909.725033 4032297.648747
353909.724595 4032297.638767
353909.724157 4032297.628787
353909.723720 4032297.618808
353909.723282 4032297.608828
353909.722844 4032297.598848
353909.722407 4032297.588869
353909.721969 4032297.578889
353909.721530 4032297.568798
353909.721002 4032297.558820
353909.720565 4032297.548841
353909.720127 4032297.538861
353909.719690 4032297.528881
353909.719252 4032297.518902
353909.718814 4032297.508922
353909.718377 4032297.498942
353909.717939 4032297.488962
353909.717502 4032297.478983
353909.717064 4032297.469003
353909.716537 4032297.459025
353909.716097 4032297.448934
353909.715660 4032297.438955
353909.715222 4032297.428975
353909.714784 4032297.418995
353909.714347 4032297.409016
353909.713909 4032297.399036
353909.713471 4032297.389056
353909.713034 4032297.379077
353909.712596 4032297.369097
353909.712159 4032297.359117
353909.711631 4032297.349139
353909.711194 4032297.339159
353909.710756 4032297.329180
353909.710317 4032297.319089
353909.709879 4032297.309109
353909.709441 4032297.299130
353909.709004 4032297.289150
353909.708566 4032297.279170
353909.708128 4032297.269191
353909.707691 4032297.259211
353909.707253 4032297.249231
353909.706726 4032297.239253
353909.706288 4032297.229273
353909.705851 4032297.219294
353909.705413 4032297.209314
353909.704974 4032297.199223
353909.704536 4032297.189244
353909.704098 4032297.179264
353909.703661 4032297.169284
353909.703223 4032297.159305
353909.702785 4032297.149325
353909.702258 4032297.139347
353909.701821 4032297.129367
353909.701383 4032297.119387
353909.700945 4032297.109408
353909.700508 4032297.099428
353909.700070 4032297.089448
353909.699631 4032297.079358
353909.699193 4032297.069378
353909.698755 4032297.059398
353909.698318 4032297.049419
353909.697880 4032297.039439
353909.697353 4032297.029461
353909.696915 4032297.019481
353909.696478 4032297.009501
353909.696040 4032296.999522
353909.695602 4032296.989542
353909.695165 4032296.979562
353909.694727 4032296.969583
353909.694288 4032296.959492
353909.693850 4032296.949512
353909.693412 4032296.939533
353909.692975 4032296.929553
353909.692447 4032296.919575
353909.692010 4032296.909595
353909.691572 4032296.899616
353909.691135 4032296.889636
353909.690697 4032296.879656
353909.690259 4032296.869676
353909.689822 4032296.859697
353909.689384 4032296.849717
353909.688945 4032296.839626
353909.688507 4032296.829647
353909.688069 4032296.819667
353909.687542 4032296.809689
353909.687105 4032296.799709
353909.686667 4032296.789730
353909.686229 4032296.779750
353909.685792 4032296.769770
353909.685354 4032296.759791
353909.684916 4032296.749811
353909.684479 4032296.739831
353909.684041 4032296.729851
353909.683602 4032296.719761
353909.683074 4032296.709783
353909.682637 4032296.699803
353909.682199 4032296.689823
353909.681762 4032296.679844
353909.681324 4032296.669864
353909.680886 4032296.659884
353909.680449 4032296.649905
353909.680011 4032296.639925
353909.679573 4032296.629945
353909.679136 4032296.619966
353909.678698 4032296.609986
353909.678169 4032296.599897
353909.677731 4032296.589917
353909.677294 4032296.579937
353909.676856 4032296.569958
353909.676419 4032296.559978
353909.675981 4032296.549998
353909.675543 4032296.540019
353909.675106 4032296.530039
353909.674668 4032296.520059
353909.674230 4032296.510080
353909.673793 4032296.500100
353909.673266 4032296.490122
353909.672828 4032296.480142
353909.672388 4032296.470051
353909.671951 4032296.460072
353909.671513 4032296.450092
353909.671076 4032296.440112
353909.670638 4032296.430133
353909.670200 4032296.420153
353909.669763 4032296.410173
353909.669325 4032296.400194
353909.668798 4032296.390215
353909.668360 4032296.380236
353909.667923 4032296.370256
353909.667485 4032296.360276
353909.667045 4032296.350186
353909.666608 4032296.340206
353909.666170 4032296.330226
353909.665733 4032296.320247
353909.665295 4032296.310267
353909.664857 4032296.300287
353909.664420 4032296.290308
353909.663892 4032296.280330
353909.663455 4032296.270350
353909.663017 4032296.260370
353909.662580 4032296.250390
353909.662142 4032296.240411
353909.661702 4032296.230320
353909.661265 4032296.220340
353909.660827 4032296.210361
353909.660390 4032296.200381
353909.659952 4032296.190401
353909.659514 4032296.180422
353909.658987 4032296.170444
353909.658549 4032296.160464
353909.658112 4032296.150484
353909.657674 4032296.140505
353909.657237 4032296.130525
353909.656799 4032296.120545
353909.656360 4032296.110455
353909.655922 4032296.100475
353909.655484 4032296.090495
353909.655047 4032296.080515
353909.654609 4032296.070536
353909.654082 4032296.060558
353909.653644 4032296.050578
353909.653207 4032296.040598
353909.652769 4032296.030619
353909.652331 4032296.020639
353909.651894 4032296.010659
353909.651456 4032296.000680
353909.651017 4032295.990589
353909.650579 4032295.980609
353909.650141 4032295.970630
353909.649614 4032295.960651
353909.649176 4032295.950672
353909.648739 4032295.940692
353909.648301 4032295.930712
353909.647864 4032295.920733
353909.647426 4032295.910753
353909.646988 4032295.900773
353909.646551 4032295.890794
353909.646113 4032295.880814
353909.645674 4032295.870723
353909.645236 4032295.860744
353909.644709 4032295.850765
353909.644271 4032295.840786
353909.643833 4032295.830806
353909.643396 4032295.820826
353909.642958 4032295.810847
353909.642521 4032295.800867
353909.642083 4032295.790887
353909.641645 4032295.780908
353909.641208 4032295.770928
353909.640770 4032295.760948
353909.640332 4032295.750969
353909.639803 4032295.740879
353909.639366 4032295.730900
353909.638928 4032295.720920
353909.638490 4032295.710940
353909.638053 4032295.700961
353909.637615 4032295.690981
353909.637178 4032295.681001
353909.636740 4032295.671022
353909.636302 4032295.661042
353909.635865 4032295.651062
353909.635337 4032295.641084
353909.634900 4032295.631104
353909.634460 4032295.621014
353909.634023 4032295.611034
353909.633585 4032295.601054
353909.633147 4032295.591075
353909.632710 4032295.581095
353909.632272 4032295.571115
353909.631835 4032295.561136
353909.631397 4032295.551156
353909.630959 4032295.541176
353909.630432 4032295.531198
353909.629994 4032295.521219
353909.629557 4032295.511239
353909.629117 4032295.501148
353909.628680 4032295.491169
353909.628242 4032295.481189
353909.627805 4032295.471209
353909.627367 4032295.461230
353909.626929 4032295.451250
353909.626492 4032295.441270
353909.626054 4032295.431290
353909.625527 4032295.421312
353909.625089 4032295.411333
353909.624652 4032295.401353
353909.624214 4032295.391373
353909.623774 4032295.381283
353909.623337 4032295.371303
353909.622899 4032295.361323
353909.622462 4032295.351344
353909.622024 4032295.341364
353909.621586 4032295.331384
353909.621149 4032295.321405
353909.620621 4032295.311426
353909.620184 4032295.301447
353909.619746 4032295.291467
353909.619309 4032295.281487
353909.618871 4032295.271508
353909.618431 4032295.261417
353909.617994 4032295.251437
353909.617556 4032295.241458
353909.617119 4032295.231478
353909.616681 4032295.221498
353909.616154 4032295.211520
353909.615716 4032295.201540
353909.615278 4032295.191561
353909.614841 4032295.181581
353909.614403 4032295.171601
353909.613966 4032295.161622
353909.613528 4032295.151642
353909.613088 4032295.141551
353909.612651 4032295.131572
353909.612213 4032295.121592
353909.611776 4032295.111612
353909.611248 4032295.101634
353909.610811 4032295.091654
353909.610373 4032295.081675
353909.609935 4032295.071695
353909.609498 4032295.061715
353909.609060 4032295.051736
353909.608623 4032295.041756
353909.608185 4032295.031776
353909.607745 4032295.021686
353909.607308 4032295.011706
353909.606870 4032295.001726
353909.606343 4032294.991748
353909.605905 4032294.981769
353909.605468 4032294.971789
353909.605030 4032294.961809
353909.604592 4032294.951829
353909.604155 4032294.941850
353909.603717 4032294.931870
353909.603280 4032294.921890
353909.602842 4032294.911911
353909.602404 4032294.901931
353909.601875 4032294.891842
353909.601438 4032294.881862
353909.601000 4032294.871883
353909.600562 4032294.861903
353909.600125 4032294.851923
353909.599687 4032294.841944
353909.599250 4032294.831964
353909.598812 4032294.821984
353909.598374 4032294.812004
353909.597937 4032294.802025
353909.597499 4032294.792045
353909.596972 4032294.782067
353909.596532 4032294.771976
353909.596095 4032294.761997
353909.595657 4032294.752017
353909.595219 4032294.742037
353909.594782 4032294.732058
353909.594344 4032294.722078
353909.593907 4032294.712098
353909.593469 4032294.702119
353909.593031 4032294.692139
353909.592594 4032294.682159
353909.592066 4032294.672181
353909.591629 4032294.662201
353909.591189 4032294.652111
353909.590752 4032294.642131
353909.590314 4032294.632151
353909.589876 4032294.622172
353909.589439 4032294.612192
353909.589001 4032294.602212
353909.588564 4032294.592233
353909.588126 4032294.582253
353909.587599 4032294.572275
353909.587161 4032294.562295
353909.586723 4032294.552315
353909.586286 4032294.542336
353909.585846 4032294.532245
353909.585409 4032294.522265
353909.584971 4032294.512286
353909.584533 4032294.502306
353909.584096 4032294.492326
353909.583658 4032294.482347
353909.583221 4032294.472367
353909.582693 4032294.462389
353909.582256 4032294.452409
353909.581818 4032294.442429
353909.581380 4032294.432450
353909.580943 4032294.422470
353909.580503 4032294.412379
353909.580066 4032294.402400
353909.579628 4032294.392420
353909.579190 4032294.382440
353909.578753 4032294.372461
353909.578315 4032294.362481
353909.577788 4032294.352503
353909.577350 4032294.342523
353909.576913 4032294.332543
353909.576475 4032294.322564
353909.576037 4032294.312584
353909.575600 4032294.302604
353909.575160 4032294.292514
353909.574723 4032294.282534
353909.574285 4032294.272554
353909.573848 4032294.262575
353909.573410 4032294.252595
353909.572883 4032294.242617
353909.572445 4032294.232637
353909.572007 4032294.222658
353909.571570 4032294.212678
353909.571132 4032294.202698
353909.570695 4032294.192718
353909.570257 4032294.182739
353909.569819 4032294.172759
353909.569380 4032294.162668
353909.568942 4032294.152689
353909.568415 4032294.142711
353909.567977 4032294.132731
353909.567540 4032294.122751
353909.567102 4032294.112772
353909.566664 4032294.102792
353909.566227 4032294.092812
353909.565789 4032294.082833
353909.565352 4032294.072853
353909.564914 4032294.062873
353909.564476 4032294.052893
353909.564037 4032294.042803
353909.563510 4032294.032825
353909.563072 4032294.022845
353909.562634 4032294.012865
353909.562197 4032294.002886
353909.561759 4032293.992906
353909.561321 4032293.982926
353909.560884 4032293.972947
353909.560446 4032293.962967
353909.560009 4032293.952987
353909.559571 4032293.943008
353909.559133 4032293.933028
353909.558604 4032293.922939
353909.558167 4032293.912959
353909.557729 4032293.902979
353909.557291 4032293.893000
353909.556854 4032293.883020
353909.556416 4032293.873040
353909.555978 4032293.863061
353909.555541 4032293.853081
353909.555103 4032293.843101
353909.554666 4032293.833122
353909.554138 4032293.823143
353909.553701 4032293.813164
353909.553261 4032293.803073
353909.552824 4032293.793093
353909.552386 4032293.783114
353909.551948 4032293.773134
353909.551511 4032293.763154
353909.551073 4032293.753175
353909.550635 4032293.743195
353909.550198 4032293.733215
353909.549760 4032293.723236
353909.549233 4032293.713257
353909.548795 4032293.703278
353909.548358 4032293.693298
353909.547918 4032293.683208
353909.547481 4032293.673228
353909.547043 4032293.663248
353909.546605 4032293.653268
353909.546168 4032293.643289
353909.545730 4032293.633309
353909.545292 4032293.623329
353909.544855 4032293.613350
353909.544328 4032293.603372
353909.543890 4032293.593392
353909.543452 4032293.583412
353909.543015 4032293.573432
353909.542575 4032293.563342
353909.542138 4032293.553362
353909.541700 4032293.543383
353909.541262 4032293.533403
353909.540825 4032293.523423
353909.540387 4032293.513443
353909.539950 4032293.503464
353909.539422 4032293.493486
353909.538985 4032293.483506
353909.538547 4032293.473526
353909.538109 4032293.463547
353909.537672 4032293.453567
353909.537232 4032293.443476
353909.536795 4032293.433497
353909.536357 4032293.423517
353909.535919 4032293.413537
353909.535482 4032293.403558
353909.534955 4032293.393579
353909.534517 4032293.383600
353909.534079 4032293.373620
353909.533642 4032293.363640
353909.533204 4032293.353661
353909.532766 4032293.343681
353909.532329 4032293.333701
353909.531891 4032293.323722
353909.531452 4032293.313631
353909.531014 4032293.303651
353909.530576 4032293.293672
353909.530049 4032293.283693
353909.529612 4032293.273714
353909.529174 4032293.263734
353909.528736 4032293.253754
353909.528299 4032293.243775
353909.527861 4032293.233795
353909.527423 4032293.223815
353909.526986 4032293.213836
353909.526548 4032293.203856
353909.526109 4032293.193765
353909.525671 4032293.183786
353909.525144 4032293.173807
353909.524706 4032293.163828
353909.524269 4032293.153848
353909.523831 4032293.143868
353909.523393 4032293.133889
353909.522956 4032293.123909
353909.522518 4032293.113929
353909.522080 4032293.103950
353909.521643 4032293.093970
353909.521205 4032293.083990
353909.520676 4032293.073901
353909.520238 4032293.063922
353909.519801 4032293.053942
353909.519363 4032293.043962
353909.518926 4032293.033982
353909.518488 4032293.024003
353909.518050 4032293.014023
353909.517613 4032293.004043
353909.517175 4032292.994064
353909.516737 4032292.984084
353909.516300 4032292.974104
353909.515773 4032292.964126
353909.515333 4032292.954036
353909.514895 4032292.944056
353909.514458 4032292.934076
353909.514020 4032292.924097
353909.513583 4032292.914117
353909.513145 4032292.904137
353909.512707 4032292.894157
353909.512270 4032292.884178
353909.511832 4032292.874198
353909.511395 4032292.864218
353909.510867 4032292.854240
353909.510430 4032292.844261
353909.509990 4032292.834170
353909.509553 4032292.824190
353909.509115 4032292.814211
353909.508677 4032292.804231
353909.508240 4032292.794251
353909.507802 4032292.784272
353909.507364 4032292.774292
353909.506927 4032292.764312
353909.506489 4032292.754332
353909.505962 4032292.744354
353909.505524 4032292.734375
353909.505087 4032292.724395
353909.504647 4032292.714304
353909.504210 4032292.704325
353909.503772 4032292.694345
353909.503334 4032292.684365
353909.502897 4032292.674386
353909.502459 4032292.664406
353909.502021 4032292.654426
353909.501494 4032292.644448
353909.501057 4032292.634468
353909.500619 4032292.624489
353909.500181 4032292.614509
353909.499744 4032292.604529
353909.499306 4032292.594550
353909.498867 4032292.584459
353909.498429 4032292.574479
353909.497991 4032292.564500
353909.497554 4032292.554520
353909.497116 4032292.544540
353909.496589 4032292.534562
353909.496151 4032292.524582
353909.495714 4032292.514603
353909.495276 4032292.504623
353909.494838 4032292.494643
353909.494401 4032292.484664
353909.493963 4032292.474684
353909.493524 4032292.464593
353909.493086 4032292.454614
353909.492648 4032292.444634
353909.492211 4032292.434654
353909.491683 4032292.424676
353909.491246 4032292.414696
353909.490808 4032292.404717
353909.490371 4032292.394737
353909.489933 4032292.384757
353909.489495 4032292.374778
353909.489058 4032292.364798
353909.488620 4032292.354818
353909.488181 4032292.344728
353909.487743 4032292.334748
353909.487216 4032292.324770
353909.486778 4032292.314790
353909.486340 4032292.304811
353909.485903 4032292.294831
353909.485465 4032292.284851
353909.485028 4032292.274871
353909.484590 4032292.264892
353909.484152 4032292.254912
353909.483715 4032292.244932
353909.483277 4032292.234953
353909.482838 4032292.224862
353909.482310 4032292.214884
353909.481873 4032292.204904
353909.481435 4032292.194925
353909.480997 4032292.184945
353909.480560 4032292.174965
353909.480122 4032292.164986
353909.479685 4032292.155006
353909.479247 4032292.145026
353909.478809 4032292.135046
353909.478372 4032292.125067
353909.477934 4032292.115087
353909.477405 4032292.104998
353909.476967 4032292.095018
353909.476530 4032292.085039
353909.476092 4032292.075059
353909.475655 4032292.065079
353909.475217 4032292.055100
353909.474779 4032292.045120
353909.474342 4032292.035140
353909.473904 4032292.025161
353909.473466 4032292.015181
353909.472939 4032292.005203
353909.472502 4032291.995223
353909.472062 4032291.985132
353909.471624 4032291.975153
353909.471187 4032291.965173
353909.470749 4032291.955193
353909.470312 4032291.945214
353909.469874 4032291.935234
353909.469436 4032291.925254
353909.468999 4032291.915275
353909.468561 4032291.905295
353909.468034 4032291.895317
353909.467596 4032291.885337
353909.467159 4032291.875357
353909.466719 4032291.865267
353909.466281 4032291.855287
353909.465844 4032291.845307
353909.465406 4032291.835328
353909.464969 4032291.825348
353909.464531 4032291.815368
353909.464093 4032291.805389
353909.463656 4032291.795409
353909.463128 4032291.785431
353909.462691 4032291.775451
353909.462253 4032291.765471
353909.461816 4032291.755492
353909.461378 4032291.745512
353909.460938 4032291.735421
353909.460501 4032291.725442
353909.460063 4032291.715462
353909.459626 4032291.705482
353909.459188 4032291.695503
353909.458750 4032291.685523
353909.458223 4032291.675545
353909.457785 4032291.665565
353909.457348 4032291.655586
353909.456910 4032291.645606
353909.456473 4032291.635626
353909.456035 4032291.625646
353909.455595 4032291.615556
353909.455158 4032291.605576
353909.454720 4032291.595596
353909.454283 4032291.585617
353909.453755 4032291.575639
353909.453318 4032291.565659
353909.452880 4032291.555679
353909.452442 4032291.545700
353909.452005 4032291.535720
353909.451567 4032291.525740
353909.451130 4032291.515761
353909.450692 4032291.505781
353909.450253 4032291.495690
353909.449815 4032291.485711
353909.449377 4032291.475731
353909.448850 4032291.465753
353909.448412 4032291.455773
353909.447975 4032291.445793
353909.447537 4032291.435814
353909.447100 4032291.425834
353909.446662 4032291.415854
353909.446224 4032291.405875
353909.445787 4032291.395895
353909.445349 4032291.385915
353909.444910 4032291.375825
353909.444472 4032291.365845
353909.443945 4032291.355867
353909.443507 4032291.345887
353909.443069 4032291.335907
353909.442632 4032291.325928
353909.442194 4032291.315948
353909.441757 4032291.305968
353909.441319 4032291.295989
353909.440881 4032291.286009
353909.440444 4032291.276029
353909.440006 4032291.266050
353909.439477 4032291.255960
353909.439039 4032291.245981
353909.438602 4032291.236001
353909.438164 4032291.226021
353909.437726 4032291.216042
353909.437289 4032291.206062
353909.436851 4032291.196082
353909.436414 4032291.186103
353909.435976 4032291.176123
353909.435538 4032291.166143
353909.435101 4032291.156164
353909.434573 4032291.146185
353909.434134 4032291.136095
353909.433696 4032291.126115
353909.433259 4032291.116135
353909.432821 4032291.106156
353909.432383 4032291.096176
353909.431946 4032291.086196
353909.431508 4032291.076217
353909.431071 4032291.066237
353909.430633 4032291.056257
353909.430195 4032291.046278
353909.429668 4032291.036300
353909.429230 4032291.026320
353909.428791 4032291.016229
353909.428353 4032291.006250
353909.427916 4032290.996270
353909.427478 4032290.986290
353909.427040 4032290.976310
353909.426603 4032290.966331
353909.426165 4032290.956351
353909.425728 4032290.946371
353909.425290 4032290.936392
353909.424763 4032290.926414
353909.424325 4032290.916434
353909.423887 4032290.906454
353909.423450 4032290.896475
353909.423010 4032290.886384
353909.422573 4032290.876404
353909.422135 4032290.866425
353909.421697 4032290.856445
353909.421260 4032290.846465
353909.420822 4032290.836485
353909.420295 4032290.826507
353909.419857 4032290.816528
353909.419420 4032290.806548
353909.418982 4032290.796568
353909.418544 4032290.786589
353909.418107 4032290.776609
353909.417667 4032290.766518
353909.417230 4032290.756539
353909.416792 4032290.746559
353909.416355 4032290.736579
353909.416186 4032290.726595
353909.416376 4032290.716605
353909.416476 4032290.706616
353909.416666 4032290.696626
353909.416766 4032290.686637
353909.416956 4032290.676647
353909.417057 4032290.666658
353909.417247 4032290.656668
353909.417347 4032290.646679
353909.417535 4032290.636578
353909.417635 4032290.626589
353909.417825 4032290.616598
353909.417925 4032290.606610
353909.418115 4032290.596619
353909.418216 4032290.586631
353909.418406 4032290.576640
353909.418506 4032290.566652
353909.418696 4032290.556661
353909.418886 4032290.546671
353909.418986 4032290.536682
353909.419176 4032290.526692
353909.419276 4032290.516703
353909.419466 4032290.506713
353909.419565 4032290.496613
353909.419755 4032290.486623
353909.419855 4032290.476634
353909.420045 4032290.466644
353909.420145 4032290.456655
353909.420335 4032290.446665
353909.420435 4032290.436676
353909.420625 4032290.426686
353909.420726 4032290.416697
353909.420916 4032290.406707
353909.421106 4032290.396716
353909.421206 4032290.386728
353909.421396 4032290.376737
353909.421496 4032290.366749
353909.421684 4032290.356647
353909.421785 4032290.346659
353909.421974 4032290.336668
353909.422075 4032290.326680
353909.422265 4032290.316689
353909.422365 4032290.306701
353909.422555 4032290.296710
353909.422655 4032290.286721
353909.422845 4032290.276731
353909.422945 4032290.266742
353909.423135 4032290.256752
353909.423236 4032290.246763
353909.423426 4032290.236773
353909.423616 4032290.226783
353909.423714 4032290.216683
353909.423904 4032290.206693
353909.424004 4032290.196704
353909.424194 4032290.186714
353909.424295 4032290.176725
353909.424484 4032290.166735
353909.424585 4032290.156746
353909.424775 4032290.146756
353909.424875 4032290.136767
353909.425065 4032290.126777
353909.425165 4032290.116788
353909.425355 4032290.106797
353909.425455 4032290.096809
353909.425645 4032290.086818
353909.425834 4032290.076717
353909.425934 4032290.066728
353909.426124 4032290.056738
353909.426224 4032290.046749
353909.426414 4032290.036759
353909.426514 4032290.026770
353909.426704 4032290.016780
353909.426805 4032290.006791
353909.426994 4032289.996801
353909.427095 4032289.986812
353909.427285 4032289.976822
353909.427385 4032289.966833
353909.427575 4032289.956843
353909.427675 4032289.946854
353909.427863 4032289.936753
353909.427964 4032289.926764
353909.428154 4032289.916774
353909.428344 4032289.906784
353909.428444 4032289.896795
353909.428634 4032289.886804
353909.428734 4032289.876816
353909.428924 4032289.866825
353909.429024 4032289.856837
353909.429214 4032289.846846
353909.429315 4032289.836858
353909.429505 4032289.826867
353909.429605 4032289.816879
353909.429795 4032289.806888
353909.429893 4032289.796789
353909.430083 4032289.786798
353909.430183 4032289.776810
353909.430373 4032289.766819
353909.430474 4032289.756830
353909.430664 4032289.746840
353909.430854 4032289.736850
353909.430954 4032289.726861
353909.431144 4032289.716871
353909.431244 4032289.706882
353909.431434 4032289.696892
353909.431534 4032289.686903
353909.431724 4032289.676913
353909.431825 4032289.666924
353909.432013 4032289.656823
353909.432113 4032289.646834
353909.432303 4032289.636844
353909.432403 4032289.626855
353909.432593 4032289.616865
353909.432693 4032289.606876
353909.432883 4032289.596886
353909.433073 4032289.586895
353909.433174 4032289.576907
353909.433364 4032289.566916
353909.433464 4032289.556927
353909.433654 4032289.546937
353909.433754 4032289.536948
353909.433944 4032289.526958
353909.434042 4032289.516858
353909.434232 4032289.506868
353909.434333 4032289.496879
353909.434523 4032289.486889
353909.434623 4032289.476900
353909.434813 4032289.466910
353909.434913 4032289.456921
353909.435103 4032289.446931
353909.435203 4032289.436942
353909.435393 4032289.426952
353909.435583 4032289.416962
353909.435684 4032289.406973
353909.435874 4032289.396983
353909.435972 4032289.386883
353909.436162 4032289.376893
353909.436262 4032289.366904
353909.436452 4032289.356913
353909.436553 4032289.346925
353909.436742 4032289.336934
353909.436843 4032289.326946
353909.437033 4032289.316955
353909.437133 4032289.306967
353909.437323 4032289.296976
353909.437423 4032289.286988
353909.437613 4032289.276997
353909.437803 4032289.267007
353909.437903 4032289.257018
353909.438092 4032289.246917
353909.438192 4032289.236928
353909.438382 4032289.226938
353909.438482 4032289.216949
353909.438672 4032289.206959
353909.438772 4032289.196970
353909.438962 4032289.186980
353909.439063 4032289.176991
353909.439252 4032289.167001
353909.439353 4032289.157012
353909.439543 4032289.147022
353909.439643 4032289.137033
353909.439833 4032289.127043
353909.439933 4032289.117054
353909.440121 4032289.106953
353909.440311 4032289.096962
353909.440412 4032289.086974
353909.440602 4032289.076983
353909.440702 4032289.066995
353909.440892 4032289.057004
353909.440992 4032289.047016
353909.441182 4032289.037025
353909.441282 4032289.027036
353909.441472 4032289.017046
353909.441573 4032289.007057
353909.441763 4032288.997067
353909.441863 4032288.987078
353909.442053 4032288.977088
353909.442151 4032288.966988
353909.442341 4032288.956998
353909.442441 4032288.947009
353909.442631 4032288.937019
353909.442821 4032288.927029
353909.442922 4032288.917040
353909.443112 4032288.907050
353909.443212 4032288.897061
353909.443402 4032288.887071
353909.443502 4032288.877082
353909.443692 4032288.867092
353909.443792 4032288.857103
353909.443982 4032288.847112
353909.444083 4032288.837124
353909.444271 4032288.827023
353909.444371 4032288.817034
353909.444561 4032288.807043
353909.444661 4032288.797055
353909.444851 4032288.787064
353909.445041 4032288.777074
353909.445141 4032288.767085
353909.445331 4032288.757095
353909.445432 4032288.747106
353909.445622 4032288.737116
353909.445722 4032288.727127
353909.445912 4032288.717137
353909.446012 4032288.707148
353909.446202 4032288.697158
353909.446300 4032288.687058
353909.446490 4032288.677068
353909.446591 4032288.667079
353909.446781 4032288.657089
353909.446881 4032288.647100
353909.447071 4032288.637110
353909.447171 4032288.627121
353909.447361 4032288.617131
353909.447551 4032288.607140
353909.447651 4032288.597152
353909.447841 4032288.587161
353909.447942 4032288.577173
353909.448132 4032288.567182
353909.448232 4032288.557194
353909.448420 4032288.547092
353909.448520 4032288.537104
353909.448710 4032288.527113
353909.448811 4032288.517125
353909.449000 4032288.507134
353909.449101 4032288.497145
353909.449291 4032288.487155
353909.449391 4032288.477166
353909.449581 4032288.467176
353909.449771 4032288.457186
353909.449871 4032288.447197
353909.450061 4032288.437207
353909.450161 4032288.427218
353909.450351 4032288.417228
353909.450450 4032288.407128
353909.450640 4032288.397138
353909.450740 4032288.387149
353909.450930 4032288.377159
353909.451030 4032288.367170
353909.451220 4032288.357180
353909.451321 4032288.347191
353909.451510 4032288.337201
353909.451611 4032288.327212
353909.451801 4032288.317222
353909.451901 4032288.307233
353909.452091 4032288.297242
353909.452281 4032288.287252
353909.452381 4032288.277263
353909.452569 4032288.267162
353909.452670 4032288.257173
353909.452860 4032288.247183
353909.452960 4032288.237194
353909.453150 4032288.227204
353909.453250 4032288.217215
353909.453440 4032288.207225
353909.453540 4032288.197236
353909.453730 4032288.187246
353909.453831 4032288.177257
353909.454021 4032288.167267
353909.454121 4032288.157278
353909.454311 4032288.147288
353909.454411 4032288.137299
353909.454599 4032288.127198
353909.454789 4032288.117208
353909.454889 4032288.107219
353909.455079 4032288.097229
353909.455180 4032288.087240
353909.455370 4032288.077249
353909.455470 4032288.067261
353909.455660 4032288.057270
353909.455760 4032288.047282
353909.455950 4032288.037291
353909.456050 4032288.027303
353909.456240 4032288.017312
353909.456341 4032288.007324
353909.456531 4032287.997333
353909.456629 4032287.987234
353909.456819 4032287.977243
353909.457009 4032287.967253
353909.457109 4032287.957264
353909.457299 4032287.947274
353909.457399 4032287.937285
353909.457589 4032287.927295
353909.457690 4032287.917306
353909.457880 4032287.907316
353909.457980 4032287.897327
353909.458170 4032287.887337
353909.458270 4032287.877348
353909.458460 4032287.867358
353909.458560 4032287.857369
353909.458748 4032287.847268
353909.458849 4032287.837279
353909.459039 4032287.827289
353909.459139 4032287.817300
353909.459329 4032287.807310
353909.459519 4032287.797319
353909.459619 4032287.787331
353909.459809 4032287.777340
353909.459909 4032287.767351
353909.460099 4032287.757361
353909.460200 4032287.747372
353909.460390 4032287.737382
353909.460490 4032287.727393
353909.460680 4032287.717403
353909.460778 4032287.707303
353909.460968 4032287.697313
353909.461069 4032287.687324
353909.461258 4032287.677334
353909.461359 4032287.667345
353909.461549 4032287.657355
353909.461739 4032287.647365
353909.461839 4032287.637376
353909.462029 4032287.627386
353909.462129 4032287.617397
353909.462319 4032287.607407
353909.462419 4032287.597418
353909.462609 4032287.587428
353909.462710 4032287.577439
353909.462898 4032287.567338
353909.462998 4032287.557349
353909.463188 4032287.547358
353909.463288 4032287.537370
353909.463478 4032287.527379
353909.463579 4032287.517391
353909.463769 4032287.507400
353909.463869 4032287.497412
353909.464059 4032287.487421
353909.464249 4032287.477431
353909.464349 4032287.467442
353909.464539 4032287.457452
353909.464639 4032287.447463
353909.464829 4032287.437473
353909.464928 4032287.427373
353909.465118 4032287.417383
353909.465218 4032287.407394
353909.465408 4032287.397404
353909.465508 4032287.387415
353909.465698 4032287.377425
353909.465798 4032287.367436
353909.465988 4032287.357446
353909.466089 4032287.347457
353909.466279 4032287.337467
353909.466468 4032287.327476
353909.466569 4032287.317488
353909.466759 4032287.307497
353909.466857 4032287.297398
353909.467047 4032287.287407
353909.467147 4032287.277419
353909.467337 4032287.267428
353909.467438 4032287.257440
353909.467628 4032287.247449
353909.467728 4032287.237460
353909.467918 4032287.227470
353909.468018 4032287.217481
353909.468208 4032287.207491
353909.468308 4032287.197502
353909.468498 4032287.187512
353909.468599 4032287.177523
353909.468789 4032287.167533
353909.468977 4032287.157432
353909.469077 4032287.147443
353909.469267 4032287.137453
353909.469367 4032287.127464
353909.469557 4032287.117474
353909.469657 4032287.107485
353909.469847 4032287.097495
353909.469948 4032287.087506
353909.470138 4032287.077516
353909.470238 4032287.067527
353909.470428 4032287.057537
353909.470528 4032287.047548
353909.470718 4032287.037557
353909.470818 4032287.027569
353909.471006 4032287.017467
353909.471107 4032287.007479
353909.471297 4032286.997488
353909.471487 4032286.987498
353909.471587 4032286.977509
353909.471777 4032286.967519
353909.471877 4032286.957530
353909.472067 4032286.947540
353909.472167 4032286.937551
353909.472357 4032286.927561
353909.472458 4032286.917572
353909.472648 4032286.907582
353909.472748 4032286.897593
353909.472938 4032286.887603
353909.473036 4032286.877503
353909.473226 4032286.867513
353909.473327 4032286.857524
353909.473516 4032286.847534
353909.473706 4032286.837544
353909.473807 4032286.827555
353909.473997 4032286.817564
353909.474097 4032286.807576
353909.474287 4032286.797585
353909.474387 4032286.787597
353909.474577 4032286.777606
353909.474677 4032286.767618
353909.474867 4032286.757627
353909.474968 4032286.747639
353909.475156 4032286.737537
353909.475256 4032286.727549
353909.475446 4032286.717558
353909.475546 4032286.707569
353909.475736 4032286.697579
353909.475837 4032286.687590
353909.476027 4032286.677600
353909.476216 4032286.667610
353909.476317 4032286.657621
353909.476507 4032286.647631
353909.476607 4032286.637642
353909.476797 4032286.627652
353909.476897 4032286.617663
353909.477087 4032286.607673
353909.477186 4032286.597573
353909.477376 4032286.587583
353909.477476 4032286.577594
353909.477666 4032286.567604
353909.477766 4032286.557615
353909.477956 4032286.547625
353909.478056 4032286.537636
353909.478246 4032286.527646
353909.478436 4032286.517655
353909.478537 4032286.507666
353909.478726 4032286.497676
353909.478827 4032286.487687
353909.479017 4032286.477697
353909.479117 4032286.467708
353909.479305 4032286.457607
353909.479405 4032286.447618
353909.479595 4032286.437628
353909.479696 4032286.427639
353909.479886 4032286.417649
353909.479986 4032286.407660
353909.480176 4032286.397670
353909.480276 4032286.387681
353909.480466 4032286.377691
353909.480566 4032286.367702
353909.480756 4032286.357712
353909.480946 4032286.347722
353909.481047 4032286.337733
353909.481237 4032286.327743
353909.481335 4032286.317643
353909.481525 4032286.307653
353909.481625 4032286.297664
353909.481815 4032286.287673
353909.481915 4032286.277685
353909.482105 4032286.267694
353909.482206 4032286.257706
353909.482396 4032286.247715
353909.482496 4032286.237727
353909.482686 4032286.227736
353909.482786 4032286.217748
353909.482976 4032286.207757
353909.483076 4032286.197768
353909.483266 4032286.187778
353909.483454 4032286.177677
353909.483555 4032286.167688
353909.483745 4032286.157698
353909.483845 4032286.147709
353909.484035 4032286.137719
353909.484135 4032286.127730
353909.484325 4032286.117740
353909.484425 4032286.107751
353909.484615 4032286.097761
353909.484716 4032286.087772
353909.484906 4032286.077782
353909.485006 4032286.067793
353909.485196 4032286.057803
353909.485296 4032286.047814
353909.485484 4032286.037713
353909.485674 4032286.027722
353909.485775 4032286.017734
353909.485964 4032286.007743
353909.486065 4032285.997755
353909.486255 4032285.987764
353909.486355 4032285.977775
353909.486545 4032285.967785
353909.486645 4032285.957796
353909.486835 4032285.947806
353909.486935 4032285.937817
353909.487125 4032285.927827
353909.487226 4032285.917838
353909.487416 4032285.907848
353909.487514 4032285.897748
353909.487704 4032285.887758
353909.487804 4032285.877769
353909.487994 4032285.867779
353909.488184 4032285.857789
353909.488285 4032285.847800
353909.488474 4032285.837810
353909.488575 4032285.827821
353909.488765 4032285.817831
353909.488865 4032285.807842
353909.489055 4032285.797852
353909.489155 4032285.787863
353909.489345 4032285.777872
353909.489446 4032285.767884
353909.489634 4032285.757782
353909.489734 4032285.747794
353909.489924 4032285.737803
353909.490024 4032285.727815
353909.490214 4032285.717824
353909.490404 4032285.707834
353909.490504 4032285.697845
353909.490694 4032285.687855
353909.490795 4032285.677866
353909.490985 4032285.667876
353909.491085 4032285.657887
353909.491275 4032285.647897
353909.491375 4032285.637908
353909.491565 4032285.627918
353909.491663 4032285.617818
353909.491853 4032285.607828
353909.491954 4032285.597839
353909.492144 4032285.587849
353909.492244 4032285.577860
353909.492434 4032285.567870
353909.492534 4032285.557881
353909.492724 4032285.547891
353909.492914 4032285.537900
353909.493014 4032285.527912
353909.493204 4032285.517921
353909.493305 4032285.507933
353909.493495 4032285.497942
353909.493595 4032285.487954
353909.493783 4032285.477852
353909.493883 4032285.467864
353909.494073 4032285.457873
353909.494173 4032285.447884
353909.494363 4032285.437894
353909.494464 4032285.427905
353909.494654 4032285.417915
353909.494754 4032285.407926
353909.494944 4032285.397936
353909.495134 4032285.387946
353909.495234 4032285.377957
353909.495424 4032285.367967
353909.495524 4032285.357978
353909.495714 4032285.347988
353909.495813 4032285.337888
353909.496003 4032285.327898
353909.496103 4032285.317909
353909.496293 4032285.307919
353909.496393 4032285.297930
353909.496583 4032285.287940
353909.496683 4032285.277951
353909.496873 4032285.267961
353909.496974 4032285.257972
353909.497164 4032285.247981
353909.497264 4032285.237993
353909.497454 4032285.228002
353909.497644 4032285.218012
353909.497742 4032285.207912
353909.497932 4032285.197922
353909.498033 4032285.187933
353909.498222 4032285.177943
353909.498323 4032285.167954
353909.498513 4032285.157964
353909.498613 4032285.147975
353909.498803 4032285.137985
353909.498903 4032285.127996
353909.499093 4032285.118006
353909.499194 4032285.108017
353909.499383 4032285.098027
353909.499484 4032285.088038
353909.499674 4032285.078048
353909.499772 4032285.067948
353909.499962 4032285.057958
353909.500152 4032285.047968
353909.500252 4032285.037979
353909.500442 4032285.027988
353909.500543 4032285.018000
353909.500733 4032285.008009
353909.500833 4032284.998021
353909.501023 4032284.988030
353909.501123 4032284.978042
353909.501313 4032284.968051
353909.501413 4032284.958063
353909.501603 4032284.948072
353909.501704 4032284.938083
353909.501892 4032284.927982
353909.501992 4032284.917993
353909.502182 4032284.908003
353909.502372 4032284.898013
353909.502472 4032284.888024
353909.502662 4032284.878034
353909.502762 4032284.868045
353909.502952 4032284.858055
353909.503053 4032284.848066
353909.503243 4032284.838076
353909.503343 4032284.828087
353909.503533 4032284.818097
353909.503633 4032284.808108
353909.503823 4032284.798118
353909.503921 4032284.788018
353909.504111 4032284.778028
353909.504212 4032284.768039
353909.504402 4032284.758049
353909.504502 4032284.748060
353909.504692 4032284.738070
353909.504882 4032284.728079
353909.504982 4032284.718090
353909.505172 4032284.708100
353909.505272 4032284.698111
353909.505462 4032284.688121
353909.505563 4032284.678132
353909.505753 4032284.668142
353909.505853 4032284.658153
353909.506041 4032284.648052
353909.506141 4032284.638063
353909.506331 4032284.628073
353909.506432 4032284.618084
353909.506621 4032284.608094
353909.506722 4032284.598105
353909.506912 4032284.588115
353909.507102 4032284.578125
353909.507202 4032284.568136
353909.507392 4032284.558146
353909.507492 4032284.548157
353909.507682 4032284.538167
353909.507782 4032284.528178
353909.507972 4032284.518187
353909.508071 4032284.508088
353909.508261 4032284.498097
353909.508361 4032284.488109
353909.508551 4032284.478118
353909.508651 4032284.468130
353909.508841 4032284.458139
353909.508942 4032284.448151
353909.509131 4032284.438160
353909.509232 4032284.428172
353909.509422 4032284.418181
353909.509612 4032284.408191
353909.509712 4032284.398202
353909.509902 4032284.388212
353909.510002 4032284.378223
353909.510190 4032284.368122
353909.510291 4032284.358133
353909.510481 4032284.348143
353909.510581 4032284.338154
353909.510771 4032284.328164
353909.510871 4032284.318175
353909.511061 4032284.308185
353909.511161 4032284.298196
353909.511351 4032284.288206
353909.511452 4032284.278217
353909.511642 4032284.268227
353909.511742 4032284.258238
353909.511932 4032284.248248
353909.512122 4032284.238257
353909.512220 4032284.228158
353909.512410 4032284.218167
353909.512510 4032284.208179
353909.512700 4032284.198188
353909.512801 4032284.188199
353909.512991 4032284.178209
353909.513091 4032284.168220
353909.513281 4032284.158230
353909.513381 4032284.148241
353909.513571 4032284.138251
353909.513671 4032284.128262
353909.513861 4032284.118272
353909.513962 4032284.108283
353909.514152 4032284.098293
353909.514340 4032284.088192
353909.514440 4032284.078203
353909.514630 4032284.068213
353909.514730 4032284.058224
353909.514920 4032284.048234
353909.515020 4032284.038245
353909.515210 4032284.028255
353909.515311 4032284.018266
353909.515501 4032284.008276
353909.515601 4032283.998287
353909.515791 4032283.988296
353909.515891 4032283.978308
353909.516081 4032283.968317
353909.516181 4032283.958329
353909.516369 4032283.948227
353909.516470 4032283.938239
353909.516660 4032283.928248
353909.516850 4032283.918258
353909.516950 4032283.908269
353909.517140 4032283.898279
353909.517240 4032283.888290
353909.517430 4032283.878300
353909.517530 4032283.868311
353909.517720 4032283.858321
353909.517821 4032283.848332
353909.518011 4032283.838342
353909.518111 4032283.828353
353909.518301 4032283.818363
353909.518399 4032283.808263
353909.518589 4032283.798273
353909.518690 4032283.788284
353909.518879 4032283.778294
353909.519069 4032283.768303
353909.519170 4032283.758315
353909.519360 4032283.748324
353909.519460 4032283.738336
353909.519650 4032283.728345
353909.519750 4032283.718357
353909.519940 4032283.708366
353909.520040 4032283.698378
353909.520230 4032283.688387
353909.520331 4032283.678398
353909.520519 4032283.668297
353909.520619 4032283.658308
353909.520809 4032283.648318
353909.520909 4032283.638329
353909.521099 4032283.628339
353909.521200 4032283.618350
353909.521390 4032283.608360
353909.521579 4032283.598370
353909.521680 4032283.588381
353909.521870 4032283.578391
353909.521970 4032283.568402
353909.522160 4032283.558412
353909.522260 4032283.548423
353909.522450 4032283.538433
353909.522549 4032283.528333
353909.522739 4032283.518343
353909.522839 4032283.508354
353909.523029 4032283.498364
353909.523129 4032283.488375
353909.523319 4032283.478385
353909.523419 4032283.468396
353909.523609 4032283.458405
353909.523710 4032283.448417
353909.523900 4032283.438426
353909.524090 4032283.428436
353909.524190 4032283.418447
353909.524380 4032283.408457
353909.524480 4032283.398468
353909.524668 4032283.388367
353909.524768 4032283.378378
353909.524958 4032283.368388
353909.525059 4032283.358399
353909.525249 4032283.348409
353909.525349 4032283.338420
353909.525539 4032283.328430
353909.525639 4032283.318441
353909.525829 4032283.308451
353909.525929 4032283.298462
353909.526119 4032283.288472
353909.526309 4032283.278482
353909.526410 4032283.268493
353909.526598 4032283.258392
353909.526698 4032283.248403
353909.526888 4032283.238412
353909.526988 4032283.228424
353909.527178 4032283.218433
353909.527278 4032283.208445
353909.527468 4032283.198454
353909.527569 4032283.188466
353909.527759 4032283.178475
353909.527859 4032283.168487
353909.528049 4032283.158496
353909.528149 4032283.148507
353909.528339 4032283.138517
353909.528439 4032283.128528
353909.528628 4032283.118427
353909.528817 4032283.108437
353909.528918 4032283.098448
353909.529108 4032283.088458
353909.529208 4032283.078469
353909.529398 4032283.068479
353909.529498 4032283.058490
353909.529688 4032283.048500
353909.529788 4032283.038511
353909.529978 4032283.028521
353909.530079 4032283.018532
353909.530269 4032283.008542
353909.530369 4032282.998553
353909.530559 4032282.988563
353909.530657 4032282.978463
353909.530847 4032282.968473
353909.531037 4032282.958482
353909.531138 4032282.948494
353909.531327 4032282.938503
353909.531428 4032282.928515
353909.531618 4032282.918524
353909.531718 4032282.908535
353909.531908 4032282.898545
353909.532008 4032282.888556
353909.532198 4032282.878566
353909.532299 4032282.868577
353909.532488 4032282.858587
353909.532589 4032282.848598
353909.532777 4032282.838497
353909.532877 4032282.828508
353909.533067 4032282.818518
353909.533167 4032282.808529
353909.533357 4032282.798539
353909.533547 4032282.788549
353909.533648 4032282.778560
353909.533838 4032282.768570
353909.533938 4032282.758581
353909.534128 4032282.748591
353909.534228 4032282.738602
353909.534418 4032282.728611
353909.534518 4032282.718623
353909.534708 4032282.708632
353909.534807 4032282.698533
353909.534997 4032282.688542
353909.535097 4032282.678554
353909.535287 4032282.668563
353909.535387 4032282.658575
353909.535577 4032282.648584
353909.535767 4032282.638594
353909.535867 4032282.628605
353909.536057 4032282.618615
353909.536158 4032282.608626
353909.536348 4032282.598636
353909.536448 4032282.588647
353909.536638 4032282.578657
353909.536738 4032282.568668
353909.536926 4032282.558567
353909.537026 4032282.548578
353909.537216 4032282.538588
353909.537317 4032282.528599
353909.537507 4032282.518609
353909.537607 4032282.508620
353909.537797 4032282.498630
353909.537897 4032282.488641
353909.537998 4032282.478652
353909.537918 4032282.468666
353909.537750 4032282.458682
353909.537671 4032282.448696
353909.537500 4032282.438601
353909.537421 4032282.428616
353909.537253 4032282.418631
353909.537174 4032282.408646
353909.537005 4032282.398661
353909.536926 4032282.388676
353909.536757 4032282.378691
353909.536678 4032282.368706
353909.536508 4032282.358611
353909.536339 4032282.348626
353909.536260 4032282.338641
353909.536091 4032282.328656
353909.536012 4032282.318671
353909.535844 4032282.308686
353909.535765 4032282.298701
353909.535596 4032282.288716
353909.535517 4032282.278731
353909.535347 4032282.268635
353909.535267 4032282.258650
353909.535099 4032282.248665
353909.534930 4032282.238681
353909.534851 4032282.228696
353909.534683 4032282.218711
353909.534603 4032282.208726
353909.534435 4032282.198741
353909.534356 4032282.188756
353909.534185 4032282.178660
353909.534106 4032282.168675
353909.533938 4032282.158690
353909.533859 4032282.148705
353909.533690 4032282.138720
353909.533521 4032282.128736
353909.533442 4032282.118751
353909.533274 4032282.108766
353909.533193 4032282.098670
353909.533024 4032282.088685
353909.532945 4032282.078700
353909.532776 4032282.068715
353909.532697 4032282.058730
353909.532529 4032282.048745
353909.532450 4032282.038760
353909.532281 4032282.028775
353909.532202 4032282.018790
353909.532032 4032282.008695
353909.531863 4032281.998710
353909.531784 4032281.988725
353909.531615 4032281.978740
353909.531536 4032281.968755
353909.531367 4032281.958770
353909.531288 4032281.948785
353909.531120 4032281.938800
353909.531039 4032281.928704
353909.530870 4032281.918720
353909.530791 4032281.908734
353909.530623 4032281.898750
353909.530454 4032281.888765
353909.530375 4032281.878780
353909.530206 4032281.868795
353909.530127 4032281.858810
353909.529959 4032281.848825
353909.529878 4032281.838729
353909.529709 4032281.828745
353909.529630 4032281.818759
353909.529461 4032281.808775
353909.529382 4032281.798789
353909.529214 4032281.788805
353909.529045 4032281.778820
353909.528966 4032281.768835
353909.528797 4032281.758850
353909.528717 4032281.748754
353909.528548 4032281.738769
353909.528469 4032281.728784
353909.528300 4032281.718799
353909.528221 4032281.708814
353909.528052 4032281.698830
353909.527973 4032281.688844
353909.527805 4032281.678860
353909.527724 4032281.668763
353909.527555 4032281.658779
353909.527387 4032281.648794
353909.527308 4032281.638809
353909.527139 4032281.628824
353909.527060 4032281.618839
353909.526891 4032281.608854
353909.526812 4032281.598869
353909.526644 4032281.588885
353909.526563 4032281.578788
353909.526394 4032281.568804
353909.526315 4032281.558818
353909.526146 4032281.548834
353909.525978 4032281.538849
353909.525899 4032281.528864
353909.525730 4032281.518879
353909.525651 4032281.508894
353909.525482 4032281.498909
353909.525401 4032281.488813
353909.525233 4032281.478829
353909.525154 4032281.468843
353909.524985 4032281.458859
353909.524906 4032281.448873
353909.524737 4032281.438889
353909.524569 4032281.428904
353909.524490 4032281.418919
353909.524319 4032281.408824
353909.524240 4032281.398838
353909.524072 4032281.388854
353909.523993 4032281.378868
353909.523824 4032281.368884
353909.523745 4032281.358898
353909.523576 4032281.348914
353909.523497 4032281.338928
353909.523329 4032281.328944
353909.523248 4032281.318847
353909.523079 4032281.308863
353909.522910 4032281.298879
353909.522831 4032281.288893
353909.522663 4032281.278909
353909.522584 4032281.268923
353909.522415 4032281.258939
353909.522336 4032281.248953
353909.522166 4032281.238858
353909.522086 4032281.228872
353909.521918 4032281.218888
353909.521839 4032281.208902
353909.521670 4032281.198918
353909.521501 4032281.188933
353909.521422 4032281.178948
353909.521254 4032281.168964
353909.521175 4032281.158978
353909.521004 4032281.148883
353909.520925 4032281.138897
353909.520757 4032281.128913
353909.520678 4032281.118927
353909.520509 4032281.108943
353909.520430 4032281.098957
353909.520261 4032281.088973
353909.520093 4032281.078988
353909.520014 4032281.069003
353909.519843 4032281.058908
353909.519764 4032281.048922
353909.519595 4032281.038938
353909.519516 4032281.028952
353909.519348 4032281.018968
353909.519269 4032281.008982
353909.519100 4032280.998998
353909.519021 4032280.989012
353909.518851 4032280.978917
353909.518771 4032280.968931
353909.518603 4032280.958947
353909.518434 4032280.948963
353909.518355 4032280.938977
353909.518186 4032280.928993
353909.518107 4032280.919007
353909.517939 4032280.909023
353909.517860 4032280.899037
353909.517689 4032280.888942
353909.517610 4032280.878956
353909.517442 4032280.868972
353909.517363 4032280.858986
353909.517194 4032280.849002
353909.517025 4032280.839018
353909.516946 4032280.829032
353909.516778 4032280.819048
353909.516697 4032280.808951
353909.516528 4032280.798967
353909.516449 4032280.788981
353909.516280 4032280.778997
353909.516201 4032280.769011
353909.516033 4032280.759027
353909.515954 4032280.749041
353909.515785 4032280.739057
353909.515616 4032280.729073
353909.515536 4032280.718976
353909.515367 4032280.708992
353909.515288 4032280.699006
353909.515119 4032280.689022
353909.515040 4032280.679036
353909.514871 4032280.669052
353909.514792 4032280.659066
353909.514624 4032280.649082
353909.514545 4032280.639096
353909.514374 4032280.629001
353909.514295 4032280.619015
353909.514127 4032280.609031
353909.513958 4032280.599047
353909.513879 4032280.589061
353909.513710 4032280.579077
353909.513631 4032280.569091
353909.513463 4032280.559107
353909.513382 4032280.549010
353909.513213 4032280.539026
353909.513134 4032280.529040
353909.512965 4032280.519056
353909.512886 4032280.509070
353909.512718 4032280.499086
353909.512549 4032280.489102
353909.512470 4032280.479116
353909.512301 4032280.469132
353909.512220 4032280.459035
353909.512052 4032280.449051
353909.511973 4032280.439065
353909.511804 4032280.429081
353909.511725 4032280.419095
353909.511556 4032280.409111
353909.511477 4032280.399125
353909.511309 4032280.389141
353909.511138 4032280.379046
353909.511059 4032280.369060
353909.510891 4032280.359076
353909.510812 4032280.349090
353909.510643 4032280.339106
353909.510564 4032280.329120
353909.510395 4032280.319136
353909.510316 4032280.309150
353909.510148 4032280.299166
353909.510067 4032280.289069
353909.509898 4032280.279085
353909.509819 4032280.269099
353909.509650 4032280.259115
353909.509482 4032280.249131
353909.509403 4032280.239145
353909.509234 4032280.229161
353909.509155 4032280.219175
353909.508986 4032280.209191
353909.508905 4032280.199094
353909.508737 4032280.189110
353909.508658 4032280.179124
353909.508489 4032280.169140
353909.508410 4032280.159154
353909.508241 4032280.149170
353909.508073 4032280.139186
353909.507994 4032280.129200
353909.507823 4032280.119105
353909.507744 4032280.109119
353909.507576 4032280.099135
353909.507497 4032280.089149
353909.507328 4032280.079165
353909.507249 4032280.069179
353909.507080 4032280.059195
353909.507001 4032280.049209
353909.506833 4032280.039225
353909.506662 4032280.029130
353909.506583 4032280.019144
353909.506414 4032280.009160
353909.506335 4032279.999174
353909.506167 4032279.989190
353909.506088 4032279.979204
353909.505919 4032279.969220
353909.505840 4032279.959234
353909.505670 4032279.949139
353909.505590 4032279.939153
353909.505422 4032279.929169
353909.505343 4032279.919183
353909.505174 4032279.909199
353909.505005 4032279.899215
353909.504926 4032279.889229
353909.504758 4032279.879245
353909.504679 4032279.869259
353909.504508 4032279.859164
353909.504429 4032279.849178
353909.504261 4032279.839194
353909.504182 4032279.829208
353909.504013 4032279.819224
353909.503934 4032279.809238
353909.503765 4032279.799254
353909.503597 4032279.789270
353909.503518 4032279.779284
353909.503347 4032279.769189
353909.503268 4032279.759203
353909.503099 4032279.749219
353909.503020 4032279.739233
353909.502852 4032279.729249
353909.502773 4032279.719263
353909.502604 4032279.709279
353909.502525 4032279.699293
353909.502355 4032279.689198
353909.502186 4032279.679214
353909.502107 4032279.669228
353909.501938 4032279.659244
353909.501859 4032279.649258
353909.501690 4032279.639274
353909.501611 4032279.629288
353909.501443 4032279.619304
353909.501364 4032279.609318
353909.501193 4032279.599223
353909.501114 4032279.589237
353909.500946 4032279.579253
353909.500867 4032279.569267
353909.500698 4032279.559283
353909.500529 4032279.549299
353909.500450 4032279.539313
353909.500282 4032279.529329
353909.500201 4032279.519232
353909.500032 4032279.509248
353909.499953 4032279.499262
353909.499784 4032279.489278
353909.499705 4032279.479292
353909.499537 4032279.469308
353909.499458 4032279.459322
353909.499289 4032279.449338
353909.499120 4032279.439354
353909.499040 4032279.429257
353909.498871 4032279.419273
353909.498792 4032279.409287
353909.498623 4032279.399303
353909.498544 4032279.389317
353909.498375 4032279.379333
353909.498296 4032279.369347
353909.498128 4032279.359363
353909.498049 4032279.349377
353909.497878 4032279.339282
353909.497710 4032279.329298
353909.497631 4032279.319312
353909.497462 4032279.309328
353909.497383 4032279.299342
353909.497214 4032279.289358
353909.497135 4032279.279372
353909.496967 4032279.269388
353909.496886 4032279.259291
353909.496717 4032279.249307
353909.496638 4032279.239321
353909.496469 4032279.229337
353909.496390 4032279.219351
353909.496222 4032279.209367
353909.496053 4032279.199383
353909.495974 4032279.189397
353909.495805 4032279.179413
353909.495725 4032279.169316
353909.495556 4032279.159332
353909.495477 4032279.149346
353909.495308 4032279.139362
353909.495229 4032279.129376
353909.495060 4032279.119392
353909.494981 4032279.109406
353909.494813 4032279.099422
353909.494642 4032279.089327
353909.494563 4032279.079341
353909.494395 4032279.069357
353909.494316 4032279.059371
353909.494147 4032279.049387
353909.494068 4032279.039401
353909.493899 4032279.029417
353909.493820 4032279.019431
353909.493652 4032279.009447
353909.493571 4032278.999350
353909.493402 4032278.989366
353909.493233 4032278.979382
353909.493154 4032278.969396
353909.492986 4032278.959412
353909.492907 4032278.949426
353909.492738 4032278.939442
353909.492659 4032278.929456
353909.492490 4032278.919472
353909.492410 4032278.909375
353909.492241 4032278.899391
353909.492162 4032278.889405
353909.491993 4032278.879421
353909.491914 4032278.869436
353909.491746 4032278.859451
353909.491577 4032278.849467
353909.491498 4032278.839481
353909.491327 4032278.829386
353909.491248 4032278.819400
353909.491080 4032278.809416
353909.491001 4032278.799430
353909.490832 4032278.789446
353909.490753 4032278.779460
353909.490584 4032278.769476
353909.490505 4032278.759490
353909.490337 4032278.749506
353909.490166 4032278.739411
353909.490087 4032278.729425
353909.489918 4032278.719441
353909.489839 4032278.709455
353909.489671 4032278.699471
353909.489592 4032278.689485
353909.489423 4032278.679501
353909.489344 4032278.669515
353909.489174 4032278.659420
353909.489095 4032278.649435
353909.488926 4032278.639450
353909.488757 4032278.629466
353909.488678 4032278.619480
353909.488510 4032278.609496
353909.488431 4032278.599510
353909.488262 4032278.589526
353909.488183 4032278.579540
353909.488012 4032278.569445
353909.487933 4032278.559460
353909.487765 4032278.549475
353909.487686 4032278.539490
353909.487517 4032278.529505
353909.487438 4032278.519520
353909.487269 4032278.509535
353909.487101 4032278.499551
353909.487022 4032278.489565
353909.486851 4032278.479470
353909.486772 4032278.469484
353909.486603 4032278.459500
353909.486524 4032278.449515
353909.486356 4032278.439530
353909.486277 4032278.429545
353909.486108 4032278.419560
353909.486029 4032278.409575
353909.485859 4032278.399479
353909.485690 4032278.389495
353909.485611 4032278.379509
353909.485442 4032278.369525
353909.485363 4032278.359539
353909.485195 4032278.349555
353909.485116 4032278.339570
353909.484947 4032278.329585
353909.484868 4032278.319600
353909.484697 4032278.309504
353909.484618 4032278.299519
353909.484450 4032278.289534
353909.484281 4032278.279550
353909.484202 4032278.269564
353909.484033 4032278.259580
353909.483954 4032278.249594
353909.483786 4032278.239610
353909.483707 4032278.229625
353909.483536 4032278.219529
353909.483457 4032278.209544
353909.483288 4032278.199559
353909.483209 4032278.189574
353909.483041 4032278.179589
353909.482962 4032278.169604
353909.482793 4032278.159619
353909.482624 4032278.149635
353909.482544 4032278.139539
353909.482375 4032278.129554
353909.482296 4032278.119569
353909.482127 4032278.109584
353909.482048 4032278.099599
353909.481880 4032278.089614
353909.481801 4032278.079629
353909.481632 4032278.069644
353909.481553 4032278.059659
353909.481382 4032278.049563
353909.481214 4032278.039579
353909.481135 4032278.029594
353909.480966 4032278.019609
353909.480887 4032278.009624
353909.480718 4032277.999639
353909.480639 4032277.989654
353909.480471 4032277.979669
353909.480390 4032277.969573
353909.480221 4032277.959588
353909.480142 4032277.949603
353909.479973 4032277.939618
353909.479805 4032277.929634
353909.479726 4032277.919649
353909.479557 4032277.909664
353909.479478 4032277.899679
353909.479309 4032277.889694
353909.479229 4032277.879598
353909.479060 4032277.869613
353909.478981 4032277.859628
353909.478812 4032277.849643
353909.478733 4032277.839658
353909.478565 4032277.829673
353909.478486 4032277.819688
353909.478317 4032277.809704
353909.478148 4032277.799719
353909.478067 4032277.789623
353909.477899 4032277.779638
353909.477820 4032277.769653
353909.477651 4032277.759668
353909.477572 4032277.749683
353909.477403 4032277.739698
353909.477324 4032277.729713
353909.477156 4032277.719728
353909.477075 4032277.709632
353909.476906 4032277.699648
353909.476737 4032277.689663
353909.476658 4032277.679678
353909.476490 4032277.669693
353909.476411 4032277.659708
353909.476242 4032277.649723
353909.476163 4032277.639738
353909.475994 4032277.629753
353909.475914 4032277.619657
353909.475745 4032277.609673
353909.475666 4032277.599687
353909.475497 4032277.589703
353909.475329 4032277.579718
353909.475250 4032277.569733
353909.475081 4032277.559748
353909.475002 4032277.549763
353909.474831 4032277.539667
353909.474752 4032277.529682
353909.474584 4032277.519697
353909.474505 4032277.509712
353909.474336 4032277.499728
353909.474257 4032277.489742
353909.474088 4032277.479758
353909.474009 4032277.469772
353909.473841 4032277.459788
353909.473670 4032277.449692
353909.473591 4032277.439707
353909.473422 4032277.429722
353909.473343 4032277.419737
353909.473175 4032277.409752
353909.473096 4032277.399767
353909.472927 4032277.389783
353909.472848 4032277.379797
353909.472679 4032277.369813
353909.472599 4032277.359716
353909.472430 4032277.349732
353909.472261 4032277.339747
353909.472182 4032277.329762
353909.472014 4032277.319777
353909.471935 4032277.309792
353909.471766 4032277.299807
353909.471687 4032277.289822
353909.471516 4032277.279727
353909.471437 4032277.269741
353909.471269 4032277.259757
353909.471190 4032277.249771
353909.471021 4032277.239787
353909.470852 4032277.229802
353909.470773 4032277.219817
353909.470605 4032277.209832
353909.470526 4032277.199847
353909.470355 4032277.189752
353909.470276 4032277.179766
353909.470107 4032277.169782
353909.470028 4032277.159796
353909.469860 4032277.149812
353909.469781 4032277.139826
353909.469612 4032277.129842
353909.469533 4032277.119856
353909.469363 4032277.109761
353909.469194 4032277.099777
353909.469115 4032277.089791
353909.468946 4032277.079807
353909.468867 4032277.069821
353909.468699 4032277.059837
353909.468620 4032277.049851
353909.468451 4032277.039867
353909.468372 4032277.029881
353909.468201 4032277.019786
353909.468122 4032277.009800
353909.467954 4032276.999816
353909.467785 4032276.989832
353909.467706 4032276.979846
353909.467537 4032276.969862
353909.467458 4032276.959876
353909.467290 4032276.949892
353909.467211 4032276.939906
353909.467040 4032276.929811
353909.466961 4032276.919825
353909.466792 4032276.909841
353909.466713 4032276.899855
353909.466545 4032276.889871
353909.466376 4032276.879886
353909.466297 4032276.869901
353909.466128 4032276.859917
353909.466048 4032276.849820
353909.465879 4032276.839836
353909.465800 4032276.829850
353909.465631 4032276.819866
353909.465552 4032276.809880
353909.465384 4032276.799896
353909.465305 4032276.789910
353909.465136 4032276.779926
353909.465057 4032276.769940
353909.464886 4032276.759845
353909.464718 4032276.749861
353909.464639 4032276.739875
353909.464470 4032276.729891
353909.464391 4032276.719905
353909.464222 4032276.709921
353909.464143 4032276.699935
353909.463975 4032276.689951
353909.463894 4032276.679854
353909.463725 4032276.669870
353909.463646 4032276.659884
353909.463477 4032276.649900
353909.463309 4032276.639916
353909.463230 4032276.629930
353909.463061 4032276.619946
353909.462982 4032276.609960
353909.462813 4032276.599976
353909.462733 4032276.589879
353909.462564 4032276.579895
353909.462485 4032276.569909
353909.462316 4032276.559925
353909.462237 4032276.549939
353909.462069 4032276.539955
353909.461900 4032276.529971
353909.461821 4032276.519985
353909.461652 4032276.510001
353909.461571 4032276.499904
353909.461403 4032276.489920
353909.461324 4032276.479934
353909.461155 4032276.469950
353909.461076 4032276.459964
353909.460907 4032276.449980
353909.460828 4032276.439994
353909.460660 4032276.430010
353909.460579 4032276.419913
353909.460410 4032276.409929
353909.460241 4032276.399945
353909.460162 4032276.389959
353909.459994 4032276.379975
353909.459915 4032276.369989
353909.459746 4032276.360005
353909.459667 4032276.350019
353909.459498 4032276.340035
353909.459418 4032276.329938
353909.459249 4032276.319954
353909.459170 4032276.309968
353909.459001 4032276.299984
353909.458833 4032276.290000
353909.458754 4032276.280014
353909.458585 4032276.270030
353909.458506 4032276.260044
353909.458335 4032276.249949
353909.458256 4032276.239963
353909.458088 4032276.229979
353909.458009 4032276.219993
353909.457840 4032276.210009
353909.457761 4032276.200023
353909.457592 4032276.190039
353909.457424 4032276.180055
353909.457345 4032276.170069
353909.457174 4032276.159974
353909.457095 4032276.149988
353909.456926 4032276.140004
353909.456847 4032276.130018
353909.456679 4032276.120034
353909.456600 4032276.110048
353909.456431 4032276.100064
353909.456352 4032276.090078
353909.456183 4032276.080094
353909.456103 4032276.069997
353909.455934 4032276.060013
353909.455765 4032276.050029
353909.455686 4032276.040043
353909.455518 4032276.030059
353909.455439 4032276.020073
353909.455270 4032276.010089
353909.455191 4032276.000103
353909.455020 4032275.990008
353909.454941 4032275.980022
353909.454773 4032275.970038
353909.454694 4032275.960052
353909.454525 4032275.950068
353909.454356 4032275.940084
353909.454277 4032275.930098
353909.454109 4032275.920114
353909.454030 4032275.910128
353909.453859 4032275.900033
353909.453780 4032275.890047
353909.453611 4032275.880063
353909.453532 4032275.870077
353909.453364 4032275.860093
353909.453285 4032275.850107
353909.453116 4032275.840123
353909.452947 4032275.830139
353909.452867 4032275.820042
353909.452698 4032275.810058
353909.452619 4032275.800072
353909.452450 4032275.790088
353909.452371 4032275.780102
353909.452203 4032275.770118
353909.452124 4032275.760132
353909.451955 4032275.750148
353909.451876 4032275.740162
353909.451705 4032275.730067
353909.451626 4032275.720081
353909.451458 4032275.710097
353909.451289 4032275.700113
353909.451210 4032275.690127
353909.451041 4032275.680143
353909.450962 4032275.670157
353909.450794 4032275.660173
353909.450715 4032275.650187
353909.450544 4032275.640092
353909.450465 4032275.630106
353909.450296 4032275.620122
353909.450217 4032275.610136
353909.450049 4032275.600152
353909.449880 4032275.590168
353909.449801 4032275.580182
353909.449632 4032275.570198
353909.449552 4032275.560101
353909.449383 4032275.550117
353909.449304 4032275.540131
353909.449135 4032275.530147
353909.449056 4032275.520161
353909.448888 4032275.510177
353909.448809 4032275.500191
353909.448640 4032275.490207
353909.448471 4032275.480223
353909.448390 4032275.470126
353909.448222 4032275.460142
353909.448143 4032275.450156
353909.447974 4032275.440172
353909.447895 4032275.430186
353909.447726 4032275.420202
353909.447647 4032275.410216
353909.447479 4032275.400232
353909.447398 4032275.390135
353909.447229 4032275.380151
353909.447150 4032275.370165
353909.446981 4032275.360181
353909.446813 4032275.350197
353909.446734 4032275.340211
353909.446565 4032275.330227
353909.442028 4032275.321759
353909.435886 4032275.313873
353909.429832 4032275.305875
353909.423691 4032275.297989
353909.417639 4032275.290101
353909.411495 4032275.282105
353909.405443 4032275.274217
353909.399301 4032275.266331
353909.393160 4032275.258445
353909.387106 4032275.250447
353909.380964 4032275.242561
353909.374912 4032275.234674
353909.368769 4032275.226677
353909.362717 4032275.218789
353909.356575 4032275.210904
353909.350433 4032275.203018
353909.344379 4032275.195019
353909.338238 4032275.187133
353909.332186 4032275.179246
353909.326042 4032275.171249
353909.319990 4032275.163362
353909.313848 4032275.155476
353909.307705 4032275.147479
353909.301653 4032275.139591
353909.295511 4032275.131706
353909.289459 4032275.123818
353909.283316 4032275.115821
353909.277264 4032275.107934
353909.271122 4032275.100048
353909.264978 4032275.092051
353909.258926 4032275.084164
353909.252785 4032275.076278
353909.246733 4032275.068390
353909.240589 4032275.060393
353909.234537 4032275.052506
353909.228395 4032275.044620
353909.222252 4032275.036623
353909.216200 4032275.028736
353909.210058 4032275.020850
353909.204004 4032275.012852
353909.197863 4032275.004966
353909.191721 4032274.997080
353909.185669 4032274.989192
353909.179525 4032274.981195
353909.173473 4032274.973308
353909.167332 4032274.965422
353909.161278 4032274.957424
353909.155136 4032274.949538
353909.148995 4032274.941652
353909.142942 4032274.933765
353909.136799 4032274.925768
353909.130747 4032274.917880
353909.124605 4032274.909994
353909.118551 4032274.901996
353909.112410 4032274.894110
353909.106268 4032274.886224
353909.100214 4032274.878226
353909.094072 4032274.870340
353909.088020 4032274.862452
353909.081879 4032274.854567
353909.075825 4032274.846568
353909.069683 4032274.838682
353909.063542 4032274.830796
353909.057488 4032274.822798
353909.051346 4032274.814912
353909.045294 4032274.807025
353909.039150 4032274.799028
353909.033098 4032274.791140
353909.026957 4032274.783255
353909.020815 4032274.775369
353909.014761 4032274.767370
353909.008620 4032274.759484
353909.002567 4032274.751597
353908.996424 4032274.743600
353908.990372 4032274.735713
353908.984230 4032274.727827
353908.978089 4032274.719941
353908.972035 4032274.711942
353908.965893 4032274.704057
353908.959841 4032274.696169
353908.953697 4032274.688172
353908.947645 4032274.680285
353908.941504 4032274.672399
353908.935360 4032274.664402
353908.929308 4032274.656515
353908.923167 4032274.648629
353908.917115 4032274.640741
353908.910971 4032274.632744
353908.904919 4032274.624857
353908.898777 4032274.616971
353908.892634 4032274.608974
353908.886582 4032274.601087
353908.880440 4032274.593201
353908.874388 4032274.585314
353908.868244 4032274.577317
353908.862192 4032274.569429
353908.856051 4032274.561543
353908.849907 4032274.553547
353908.843855 4032274.545659
353908.837714 4032274.537773
353908.831660 4032274.529775
353908.825518 4032274.521889
353908.819376 4032274.514003
353908.813324 4032274.506116
353908.807181 4032274.498119
353908.801129 4032274.490231
353908.794987 4032274.482345
353908.788933 4032274.474347
353908.782792 4032274.466461
353908.776650 4032274.458575
353908.770598 4032274.450688
353908.764454 4032274.442691
353908.758402 4032274.434804
353908.752261 4032274.426918
353908.746207 4032274.418919
353908.740065 4032274.411033
353908.733923 4032274.403147
353908.727869 4032274.395149
353908.721728 4032274.387263
353908.715676 4032274.379376
353908.709534 4032274.371490
353908.703480 4032274.363491
353908.697339 4032274.355606
353908.691197 4032274.347720
353908.685143 4032274.339721
353908.679001 4032274.331835
353908.672949 4032274.323948
353908.666808 4032274.316062
353908.660754 4032274.308064
353908.654612 4032274.300178
353908.648470 4032274.292292
353908.642417 4032274.284294
353908.636275 4032274.276408
353908.630223 4032274.268520
353908.624079 4032274.260523
353908.618027 4032274.252636
353908.611886 4032274.244750
353908.605744 4032274.236864
353908.599690 4032274.228866
353908.593548 4032274.220980
353908.587496 4032274.213092
353908.581353 4032274.205096
353908.575301 4032274.197208
353908.569159 4032274.189322
353908.563017 4032274.181436
353908.556964 4032274.173438
353908.550822 4032274.165552
353908.544770 4032274.157665
353908.538626 4032274.149668
353908.532574 4032274.141780
353908.526433 4032274.133894
353908.520289 4032274.125898
353908.514237 4032274.118010
353908.508095 4032274.110124
353908.502043 4032274.102237
353908.495900 4032274.094240
353908.489848 4032274.086353
353908.483706 4032274.078467
353908.477563 4032274.070470
353908.471511 4032274.062582
353908.465369 4032274.054696
353908.459317 4032274.046809
353908.453173 4032274.038812
353908.447121 4032274.030925
353908.440980 4032274.023039
353908.434836 4032274.015042
353908.428784 4032274.007155
353908.422642 4032273.999269
353908.416589 4032273.991270
353908.410447 4032273.983384
353908.404305 4032273.975498
353908.398253 4032273.967611
353908.392110 4032273.959614
353908.386058 4032273.951727
353908.379916 4032273.943841
353908.373862 4032273.935843
353908.367720 4032273.927957
353908.361579 4032273.920071
353908.355527 4032273.912183
353908.349383 4032273.904186
353908.343331 4032273.896299
353908.337189 4032273.888413
353908.331136 4032273.880415
353908.324994 4032273.872529
353908.318852 4032273.864643
353908.312798 4032273.856645
353908.306657 4032273.848759
353908.300605 4032273.840871
353908.294463 4032273.832985
353908.288409 4032273.824987
353908.282267 4032273.817101
353908.276126 4032273.809215
353908.270072 4032273.801217
353908.263930 4032273.793331
353908.257878 4032273.785443
353908.251736 4032273.777558
353908.245683 4032273.769559
353908.239541 4032273.761673
353908.233399 4032273.753787
353908.227345 4032273.745789
353908.221204 4032273.737903
353908.215152 4032273.730016
353908.209008 4032273.722019
353908.202956 4032273.714131
353908.196814 4032273.706245
353908.190673 4032273.698360
353908.184619 4032273.690361
353908.178477 4032273.682475
353908.172425 4032273.674588
353908.166282 4032273.666591
353908.160230 4032273.658704
353908.154088 4032273.650818
353908.147946 4032273.642932
353908.141892 4032273.634933
353908.135751 4032273.627047
353908.129699 4032273.619160
353908.123555 4032273.611163
353908.117503 4032273.603276
353908.111361 4032273.595390
353908.105218 4032273.587393
353908.099166 4032273.579506
353908.093024 4032273.571620
353908.086972 4032273.563732
353908.080829 4032273.555735
353908.074777 4032273.547848
353908.068635 4032273.539962
353908.062491 4032273.531965
353908.056439 4032273.524078
353908.050298 4032273.516192
353908.044246 4032273.508305
353908.038102 4032273.500308
353908.031960 4032273.492422
353908.025908 4032273.484534
353908.019765 4032273.476537
353908.013713 4032273.468650
353908.007571 4032273.460764
353908.001517 4032273.452766
353907.995376 4032273.444880
353907.989234 4032273.436994
353907.983182 4032273.429107
353907.977038 4032273.421110
353907.970986 4032273.413222
353907.964845 4032273.405336
353907.958791 4032273.397338
353907.952649 4032273.389452
353907.946507 4032273.381566
353907.940455 4032273.373679
353907.934312 4032273.365682
353907.928260 4032273.357794
353907.922118 4032273.349909
353907.916064 4032273.341910
353907.909923 4032273.334024
353907.903781 4032273.326138
353907.897727 4032273.318140
353907.891585 4032273.310254
353907.885533 4032273.302367
353907.879392 4032273.294481
353907.873338 4032273.286482
353907.867196 4032273.278597
353907.861054 4032273.270711
353907.855001 4032273.262712
353907.848859 4032273.254826
353907.842807 4032273.246939
353907.836665 4032273.239053
353907.830611 4032273.231055
353907.824470 4032273.223169
353907.818328 4032273.215283
353907.812274 4032273.207284
353907.806132 4032273.199399
353907.800080 4032273.191511
353907.793937 4032273.183514
353907.787885 4032273.175627
353907.781743 4032273.167741
353907.775601 4032273.159855
353907.769548 4032273.151857
353907.763406 4032273.143971
353907.757354 4032273.136083
353907.751210 4032273.128087
353907.745158 4032273.120199
353907.739017 4032273.112313
353907.732875 4032273.104427
353907.726821 4032273.096429
353907.720679 4032273.088543
353907.714627 4032273.080656
353907.708484 4032273.072659
353907.702432 4032273.064771
353907.696290 4032273.056885
353907.690147 4032273.048889
353907.684095 4032273.041001
353907.677953 4032273.033115
353907.671901 4032273.025228
353907.665757 4032273.017231
353907.659616 4032273.009345
353907.653564 4032273.001458
353907.647420 4032272.993461
353907.641368 4032272.985573
353907.635226 4032272.977687
353907.629174 4032272.969800
353907.623031 4032272.961803
353907.616889 4032272.953917
353907.610837 4032272.946030
353907.604694 4032272.938033
353907.598642 4032272.930146
353907.592500 4032272.922260
353907.586446 4032272.914261
353907.580304 4032272.906375
353907.574163 4032272.898489
353907.568111 4032272.890602
353907.561967 4032272.882605
353907.555915 4032272.874718
353907.549773 4032272.866832
353907.543720 4032272.858834
353907.537578 4032272.850948
353907.531436 4032272.843062
353907.525384 4032272.835174
353907.519241 4032272.827177
353907.513189 4032272.819290
353907.507047 4032272.811404
353907.500993 4032272.803406
353907.494851 4032272.795520
353907.488710 4032272.787634
353907.482656 4032272.779636
353907.476514 4032272.771750
353907.470462 4032272.763862
353907.464320 4032272.755976
353907.458267 4032272.747978
353907.452125 4032272.740092
353907.445983 4032272.732206
353907.439929 4032272.724208
353907.433788 4032272.716322
353907.427736 4032272.708434
353907.421594 4032272.700549
353907.415540 4032272.692550
353907.409398 4032272.684664
353907.403257 4032272.676778
353907.397203 4032272.668780
353907.391061 4032272.660894
353907.385009 4032272.653007
353907.378866 4032272.645010
353907.372814 4032272.637122
353907.366672 4032272.629236
353907.360530 4032272.621351
353907.354476 4032272.613352
353907.348335 4032272.605466
353907.342283 4032272.597579
353907.336139 4032272.589582
353907.330087 4032272.581695
353907.323945 4032272.573809
353907.317804 4032272.565923
353907.311750 4032272.557924
353907.305608 4032272.550039
353907.299556 4032272.542151
353907.293413 4032272.534154
353907.287271 4032272.526268
353907.281219 4032272.518381
353907.275075 4032272.510384
353907.269023 4032272.502497
353907.262882 4032272.494611
353907.256830 4032272.486723
353907.250686 4032272.478726
353907.244544 4032272.470841
353907.238492 4032272.462953
353907.232349 4032272.454956
353907.226297 4032272.447069
353907.220155 4032272.439183
353907.214103 4032272.431296
353907.207960 4032272.423299
353907.201818 4032272.415413
353907.195766 4032272.407525
353907.189622 4032272.399529
353907.183570 4032272.391641
353907.177429 4032272.383755
353907.171375 4032272.375757
353907.165233 4032272.367871
353907.159091 4032272.359985
353907.153039 4032272.352098
353907.146896 4032272.344101
353907.140844 4032272.336213
353907.134702 4032272.328327
353907.128648 4032272.320329
353907.122507 4032272.312443
353907.116365 4032272.304557
353907.110313 4032272.296670
353907.104169 4032272.288673
353907.098117 4032272.280786
353907.091976 4032272.272900
353907.085922 4032272.264901
353907.079780 4032272.257015
353907.073638 4032272.249129
353907.067584 4032272.241131
353907.061443 4032272.233245
353907.055391 4032272.225358
353907.049249 4032272.217472
353907.043195 4032272.209473
353907.037054 4032272.201588
353907.030912 4032272.193702
353907.024858 4032272.185703
353907.018716 4032272.177817
353907.012664 4032272.169930
353907.006523 4032272.162044
353907.000469 4032272.154046
353906.994327 4032272.146160
353906.988185 4032272.138274
353906.982131 4032272.130276
353906.975990 4032272.122390
353906.969938 4032272.114502
353906.963794 4032272.106505
353906.957742 4032272.098618
353906.951601 4032272.090732
353906.945459 4032272.082846
353906.939405 4032272.074848
353906.933263 4032272.066962
353906.927211 4032272.059074
353906.921068 4032272.051078
353906.914926 4032272.043192
353906.908874 4032272.035304
353906.902732 4032272.027418
353906.896678 4032272.019420
353906.890537 4032272.011534
353906.884485 4032272.003647
353906.878341 4032271.995650
353906.872200 4032271.987764
353906.866147 4032271.979876
353906.860004 4032271.971880
353906.853952 4032271.963992
353906.847810 4032271.956106
353906.841758 4032271.948219
353906.835615 4032271.940222
353906.829473 4032271.932336
353906.823421 4032271.924449
353906.817277 4032271.916452
353906.811225 4032271.908564
353906.805084 4032271.900678
353906.799032 4032271.892791
353906.792888 4032271.884794
353906.786746 4032271.876908
353906.780694 4032271.869021
353906.774551 4032271.861024
353906.768499 4032271.853137
353906.762357 4032271.845251
353906.756303 4032271.837252
353906.750162 4032271.829366
353906.744020 4032271.821481
353906.737968 4032271.813593
353906.731824 4032271.805596
353906.725772 4032271.797709
353906.719631 4032271.789823
353906.713577 4032271.781825
353906.707435 4032271.773939
353906.701293 4032271.766053
353906.695241 4032271.758165
353906.689098 4032271.750168
353906.683046 4032271.742281
353906.676904 4032271.734395
353906.670850 4032271.726397
353906.664709 4032271.718511
353906.658567 4032271.710625
353906.652513 4032271.702627
353906.646371 4032271.694741
353906.640319 4032271.686853
353906.634178 4032271.678967
353906.628124 4032271.670969
353906.621982 4032271.663083
353906.615840 4032271.655197
353906.609787 4032271.647199
353906.603645 4032271.639313
353906.597593 4032271.631426
353906.591451 4032271.623540
353906.585397 4032271.615541
353906.579256 4032271.607655
353906.573114 4032271.599769
353906.567060 4032271.591771
353906.560918 4032271.583885
353906.554866 4032271.575998
353906.548723 4032271.568001
353906.542671 4032271.560113
353906.536529 4032271.552228
353906.530387 4032271.544342
353906.524334 4032271.536343
353906.518192 4032271.528457
353906.512140 4032271.520570
353906.505996 4032271.512573
353906.499855 4032271.504687
353906.493803 4032271.496800
353906.487661 4032271.488914
353906.481607 4032271.480916
353906.475465 4032271.473030
353906.469413 4032271.465142
353906.463270 4032271.457145
353906.457128 4032271.449259
353906.451076 4032271.441372
353906.444933 4032271.433375
353906.438881 4032271.425488
353906.432739 4032271.417602
353906.426687 4032271.409714
353906.420543 4032271.401718
353906.414402 4032271.393832
353906.408350 4032271.385944
353906.402206 4032271.377947
353906.396154 4032271.370060
353906.390012 4032271.362174
353906.383960 4032271.354287
353906.377817 4032271.346290
353906.371675 4032271.338404
353906.365623 4032271.330516
353906.359480 4032271.322520
353906.353427 4032271.314632
353906.347286 4032271.306746
353906.341232 4032271.298748
353906.335090 4032271.290862
353906.328949 4032271.282976
353906.322897 4032271.275089
353906.316753 4032271.267092
353906.310701 4032271.259204
353906.304559 4032271.251318
353906.298505 4032271.243320
353906.292364 4032271.235434
353906.286222 4032271.227548
353906.280168 4032271.219550
353906.274026 4032271.211664
353906.267974 4032271.203777
353906.261833 4032271.195891
353906.255779 4032271.187892
353906.249637 4032271.180006
353906.243496 4032271.172121
353906.237442 4032271.164122
353906.231300 4032271.156236
353906.225248 4032271.148349
353906.219106 4032271.140463
353906.213052 4032271.132465
353906.206911 4032271.124579
353906.200769 4032271.116693
353906.194715 4032271.108694
353906.188573 4032271.100809
353906.182521 4032271.092921
353906.176378 4032271.084924
353906.170326 4032271.077037
353906.164184 4032271.069151
353906.158042 4032271.061265
353906.151989 4032271.053267
353906.145847 4032271.045381
353906.139795 4032271.037493
353906.133651 4032271.029496
353906.127510 4032271.021611
353906.121458 4032271.013723
353906.115316 4032271.005837
353906.109262 4032270.997839
353906.103120 4032270.989953
353906.097068 4032270.982066
353906.090925 4032270.974069
353906.084783 4032270.966183
353906.078731 4032270.958295
353906.072588 4032270.950299
353906.066536 4032270.942411
353906.060394 4032270.934525
353906.054342 4032270.926638
353906.048198 4032270.918641
353906.042057 4032270.910755
353906.036005 4032270.902868
353906.029861 4032270.894871
353906.023809 4032270.886983
353906.017667 4032270.879097
353906.011615 4032270.871210
353906.005472 4032270.863213
353905.999330 4032270.855327
353905.993278 4032270.847440
353905.987135 4032270.839443
353905.981083 4032270.831556
353905.974941 4032270.823670
353905.968887 4032270.815671
353905.962745 4032270.807785
353905.956604 4032270.799899
353905.950552 4032270.792012
353905.944408 4032270.784015
353905.938356 4032270.776128
353905.932214 4032270.768242
353905.926160 4032270.760243
353905.920019 4032270.752358
353905.913877 4032270.744472
353905.907825 4032270.736584
353905.901682 4032270.728587
353905.895629 4032270.720700
353905.889488 4032270.712814
353905.883434 4032270.704816
353905.877292 4032270.696930
353905.871151 4032270.689044
353905.865097 4032270.681046
353905.858955 4032270.673160
353905.852903 4032270.665272
353905.846761 4032270.657386
353905.840707 4032270.649388
353905.834566 4032270.641502
353905.828424 4032270.633616
353905.822370 4032270.625618
353905.816228 4032270.617732
353905.810176 4032270.609844
353905.804035 4032270.601959
353905.797981 4032270.593960
353905.791839 4032270.586074
353905.785698 4032270.578188
353905.779644 4032270.570190
353905.773502 4032270.562304
353905.767450 4032270.554417
353905.761306 4032270.546420
353905.755165 4032270.538534
353905.749113 4032270.530646
353905.742971 4032270.522761
353905.736917 4032270.514762
353905.730775 4032270.506876
353905.724723 4032270.498989
353905.718580 4032270.490992
353905.712438 4032270.483106
353905.706386 4032270.475219
353905.700244 4032270.467333
353905.694191 4032270.459334
353905.688049 4032270.451449
353905.681997 4032270.443561
353905.675853 4032270.435564
353905.669712 4032270.427678
353905.663660 4032270.419791
353905.657516 4032270.411794
353905.651464 4032270.403907
353905.645322 4032270.396021
353905.639270 4032270.388133
353905.633127 4032270.380137
353905.626985 4032270.372251
353905.620933 4032270.364363
353905.614790 4032270.356366
353905.608738 4032270.348479
353905.602596 4032270.340593
353905.596544 4032270.332706
353905.590400 4032270.324709
353905.584259 4032270.316823
353905.578207 4032270.308935
353905.572063 4032270.300939
353905.566011 4032270.293051
353905.559869 4032270.285165
353905.553815 4032270.277167
353905.547674 4032270.269281
353905.541532 4032270.261395
353905.535480 4032270.253508
353905.529337 4032270.245511
353905.523284 4032270.237623
353905.517143 4032270.229737
353905.511089 4032270.221739
353905.504947 4032270.213853
353905.498806 4032270.205967
353905.492754 4032270.198080
353905.486610 4032270.190083
353905.480558 4032270.182196
353905.474416 4032270.174310
353905.468362 4032270.166311
353905.462221 4032270.158425
353905.456079 4032270.150540
353905.450025 4032270.142541
353905.443883 4032270.134655
353905.437831 4032270.126768
353905.431690 4032270.118882
353905.425636 4032270.110884
353905.419494 4032270.102998
353905.413353 4032270.095112
353905.407299 4032270.087113
353905.401157 4032270.079227
353905.395105 4032270.071340
353905.388963 4032270.063454
353905.382820 4032270.055457
353905.376768 4032270.047570
353905.370626 4032270.039684
353905.364572 4032270.031686
353905.358430 4032270.023800
353905.352378 4032270.015912
353905.346235 4032270.007915
353905.340093 4032270.000030
353905.334041 4032269.992142
353905.327899 4032269.984256
353905.321846 4032269.976258
353905.315704 4032269.968372
353905.309652 4032269.960485
353905.303508 4032269.952488
353905.297367 4032269.944602
353905.291315 4032269.936714
353905.285173 4032269.928828
353905.279119 4032269.920830
353905.272977 4032269.912944
353905.266925 4032269.905057
353905.260782 4032269.897060
353905.254640 4032269.889174
353905.248588 4032269.881287
353905.242269 4032269.873515
353905.233927 4032269.868107
353905.225496 4032269.862701
353905.217064 4032269.857295
353905.208633 4032269.851889
353905.200291 4032269.846482
353905.191860 4032269.841076
353905.183428 4032269.835670
353905.174997 4032269.830264
353905.166655 4032269.824857
353905.158224 4032269.819451
353905.149792 4032269.814045
353905.141361 4032269.808639
353905.133019 4032269.803231
353905.124588 4032269.797825
353905.116156 4032269.792419
353905.107725 4032269.787013
353905.099383 4032269.781606
353905.090952 4032269.776200
353905.082520 4032269.770794
353905.074089 4032269.765388
353905.065747 4032269.759981
353905.057316 4032269.754575
353905.048882 4032269.749058
353905.040451 4032269.743652
353905.032109 4032269.738245
353905.023678 4032269.732839
353905.015246 4032269.727433
353905.006815 4032269.722027
353904.998473 4032269.716619
353904.990042 4032269.711213
353904.981610 4032269.705807
353904.973179 4032269.700401
353904.964837 4032269.694994
353904.956406 4032269.689588
353904.947974 4032269.684182
353904.939543 4032269.678776
353904.931201 4032269.673369
353904.922770 4032269.667963
353904.914338 4032269.662557
353904.905907 4032269.657151
353904.897565 4032269.651743
353904.889134 4032269.646337
353904.880702 4032269.640932
353904.872271 4032269.635526
353904.863929 4032269.630118
353904.855497 4032269.624712
353904.847066 4032269.619306
353904.838635 4032269.613900
353904.830293 4032269.608493
353904.821861 4032269.603087
353904.813430 4032269.597681
353904.804999 4032269.592275
353904.796657 4032269.586868
353904.788225 4032269.581462
353904.779794 4032269.576056
353904.771363 4032269.570650
353904.763021 4032269.565242
353904.754587 4032269.559725
353904.746156 4032269.554320
353904.737725 4032269.548914
353904.729383 4032269.543506
353904.720951 4032269.538100
353904.712520 4032269.532694
353904.704089 4032269.527288
353904.695747 4032269.521881
353904.687315 4032269.516475
353904.678884 4032269.511069
353904.670453 4032269.505663
353904.662111 4032269.500256
353904.653679 4032269.494850
353904.645248 4032269.489444
353904.636817 4032269.484038
353904.628475 4032269.478630
353904.620043 4032269.473224
353904.611612 4032269.467818
353904.603180 4032269.462412
353904.594839 4032269.457005
353904.586407 4032269.451599
353904.577976 4032269.446193
353904.569544 4032269.440787
353904.561203 4032269.435380
353904.552771 4032269.429974
353904.544340 4032269.424568
353904.535908 4032269.419162
353904.527567 4032269.413754
353904.519135 4032269.408348
353904.510704 4032269.402943
353904.502272 4032269.397537
353904.493931 4032269.392129
353904.485499 4032269.386723
353904.477068 4032269.381317
353904.468724 4032269.375799
353904.460293 4032269.370393
353904.451861 4032269.364987
353904.443430 4032269.359581
353904.435088 4032269.354174
353904.426657 4032269.348768
353904.418225 4032269.343362
353904.409794 4032269.337956
353904.401452 4032269.332548
353904.393021 4032269.327142
353904.384589 4032269.321736
353904.376158 4032269.316331
353904.367816 4032269.310923
353904.359385 4032269.305517
353904.350953 4032269.300111
353904.342522 4032269.294705
353904.334180 4032269.289298
353904.325749 4032269.283892
353904.317317 4032269.278486
353904.308886 4032269.273080
353904.300544 4032269.267673
353904.292112 4032269.262267
353904.283681 4032269.256861
353904.275250 4032269.251455
353904.266908 4032269.246047
353904.258476 4032269.240641
353904.250045 4032269.235235
353904.241614 4032269.229829
353904.233272 4032269.224422
353904.224840 4032269.219016
353904.216409 4032269.213610
353904.207978 4032269.208204
353904.199636 4032269.202797
353904.191204 4032269.197391
353904.182771 4032269.191874
353904.174340 4032269.186468
353904.165998 4032269.181060
353904.157566 4032269.175655
353904.149135 4032269.170249
353904.140704 4032269.164843
353904.132362 4032269.159435
353904.123930 4032269.154029
353904.115499 4032269.148623
353904.107068 4032269.143217
353904.098726 4032269.137810
353904.090294 4032269.132404
353904.081863 4032269.126998
353904.073431 4032269.121592
353904.065090 4032269.116185
353904.056658 4032269.110779
353904.048227 4032269.105373
353904.039795 4032269.099967
353904.031454 4032269.094559
353904.023022 4032269.089153
353904.014591 4032269.083747
353904.006159 4032269.078342
353903.997818 4032269.072934
353903.989386 4032269.067528
353903.980955 4032269.062122
353903.972523 4032269.056716
353903.964182 4032269.051309
353903.955750 4032269.045903
353903.947319 4032269.040497
353903.938887 4032269.035091
353903.930546 4032269.029684
353903.922114 4032269.024278
353903.913683 4032269.018872
353903.905251 4032269.013466
353903.896908 4032269.007947
353903.888476 4032269.002541
353903.880045 4032268.997135
353903.871613 4032268.991730
353903.863272 4032268.986322
353903.854840 4032268.980916
353903.846409 4032268.975510
353903.837977 4032268.970104
353903.829636 4032268.964697
353903.821204 4032268.959291
353903.812773 4032268.953885
353903.804341 4032268.948479
353903.795999 4032268.943072
353903.787568 4032268.937666
353903.779137 4032268.932260
353903.770705 4032268.926854
353903.762363 4032268.921446
353903.753932 4032268.916040
353903.745501 4032268.910634
353903.737069 4032268.905228
353903.728727 4032268.899821
353903.720296 4032268.894415
353903.711865 4032268.889009
353903.703433 4032268.883603
353903.695091 4032268.878196
353903.686660 4032268.872790
353903.678228 4032268.867384
353903.669797 4032268.861978
353903.661455 4032268.856570
353903.653024 4032268.851164
353903.644592 4032268.845759
353903.636161 4032268.840353
353903.627819 4032268.834945
353903.619388 4032268.829539
353903.610955 4032268.824022
353903.602523 4032268.818616
353903.594181 4032268.813209
353903.585750 4032268.807803
353903.577318 4032268.802397
353903.568887 4032268.796991
353903.560545 4032268.791584
353903.552114 4032268.786178
353903.543682 4032268.780772
353903.535251 4032268.775366
353903.526909 4032268.769958
353903.518478 4032268.764552
353903.510046 4032268.759146
353903.501705 4032268.753739
353903.493273 4032268.748333
353903.484842 4032268.742927
353903.476410 4032268.737521
353903.468069 4032268.732114
353903.459637 4032268.726708
353903.451206 4032268.721302
353903.442774 4032268.715896
353903.434433 4032268.710488
353903.426001 4032268.705083
353903.417570 4032268.699677
353903.409138 4032268.694271
353903.400796 4032268.688863
353903.392365 4032268.683457
353903.383934 4032268.678051
353903.375502 4032268.672645
353903.367160 4032268.667238
353903.358729 4032268.661832
353903.350298 4032268.656426
353903.341866 4032268.651020
353903.333524 4032268.645613
353903.325091 4032268.640096
353903.316660 4032268.634690
353903.308228 4032268.629284
353903.299886 4032268.623876
353903.291455 4032268.618471
353903.283024 4032268.613065
353903.274592 4032268.607659
353903.266250 4032268.602251
353903.257819 4032268.596845
353903.249388 4032268.591439
353903.240956 4032268.586033
353903.232614 4032268.580626
353903.224183 4032268.575220
353903.215752 4032268.569814
353903.207320 4032268.564408
353903.198978 4032268.559001
353903.190547 4032268.553595
353903.182115 4032268.548189
353903.173684 4032268.542783
353903.165342 4032268.537375
353903.156911 4032268.531969
353903.148479 4032268.526564
353903.140048 4032268.521158
353903.131706 4032268.515750
353903.123275 4032268.510344
353903.114843 4032268.504938
353903.106412 4032268.499532
353903.098070 4032268.494125
353903.089639 4032268.488719
353903.081207 4032268.483313
353903.072776 4032268.477907
353903.064434 4032268.472500
353903.056003 4032268.467094
353903.047571 4032268.461688
353903.039140 4032268.456282
353903.030796 4032268.450763
353903.022365 4032268.445357
353903.013933 4032268.439951
353903.005502 4032268.434546
353902.997160 4032268.429138
353902.988729 4032268.423732
353902.980297 4032268.418326
353902.971866 4032268.412920
353902.963524 4032268.407513
353902.955093 4032268.402107
353902.946661 4032268.396701
353902.938230 4032268.391295
353902.929888 4032268.385888
353902.921457 4032268.380482
353902.913025 4032268.375076
353902.904594 4032268.369670
353902.896252 4032268.364262
353902.887821 4032268.358856
353902.879389 4032268.353450
353902.870958 4032268.348044
353902.862616 4032268.342637
353902.854185 4032268.337231
353902.845753 4032268.331825
353902.837322 4032268.326419
353902.828980 4032268.321012
353902.820548 4032268.315606
353902.812117 4032268.310200
353902.803686 4032268.304794
353902.795344 4032268.299386
353902.786912 4032268.293981
353902.778481 4032268.288575
353902.770050 4032268.283169
353902.761708 4032268.277761
353902.753276 4032268.272355
353902.744843 4032268.266838
353902.736412 4032268.261432
353902.728070 4032268.256025
353902.719638 4032268.250619
353902.711207 4032268.245213
353902.702776 4032268.239807
353902.694434 4032268.234400
353902.686002 4032268.228994
353902.677571 4032268.223588
353902.669140 4032268.218182
353902.660798 4032268.212774
353902.652366 4032268.207369
353902.643935 4032268.201963
353902.635504 4032268.196557
353902.627162 4032268.191149
353902.618730 4032268.185743
353902.610299 4032268.180337
353902.601867 4032268.174931
353902.593526 4032268.169524
353902.585094 4032268.164118
353902.576663 4032268.158712
353902.568231 4032268.153306
353902.559890 4032268.147899
353902.551458 4032268.142493
353902.543027 4032268.137087
353902.534595 4032268.131681
353902.526254 4032268.126273
353902.517822 4032268.120867
353902.509391 4032268.115461
353902.501049 4032268.110054
353902.492618 4032268.104648
353902.484186 4032268.099242
353902.475755 4032268.093836
353902.467413 4032268.088429
353902.458980 4032268.082912
353902.450548 4032268.077506
353902.442117 4032268.072100
353902.433775 4032268.066693
353902.425344 4032268.061287
353902.416912 4032268.055881
353902.408481 4032268.050475
353902.400139 4032268.045067
353902.391708 4032268.039661
353902.383276 4032268.034255
353902.374845 4032268.028849
353902.366503 4032268.023442
353902.358071 4032268.018036
353902.349640 4032268.012630
353902.341209 4032268.007224
353902.332867 4032268.001817
353902.324435 4032267.996411
353902.316004 4032267.991005
353902.307573 4032267.985599
353902.299231 4032267.980191
353902.290799 4032267.974786
353902.282368 4032267.969380
353902.273936 4032267.963974
353902.265595 4032267.958566
353902.257163 4032267.953160
353902.248732 4032267.947754
353902.240300 4032267.942348
353902.231959 4032267.936941
353902.223527 4032267.931535
353902.215096 4032267.926129
353902.206664 4032267.920723
353902.198323 4032267.915316
353902.189891 4032267.909910
353902.181460 4032267.904504
353902.173026 4032267.898987
353902.164685 4032267.893579
353902.156253 4032267.888174
353902.147822 4032267.882768
353902.139390 4032267.877362
353902.131049 4032267.871954
353902.122617 4032267.866548
353902.114186 4032267.861142
353902.105754 4032267.855736
353902.097413 4032267.850329
353902.088981 4032267.844923
353902.080550 4032267.839517
353902.072118 4032267.834111
353902.063777 4032267.828704
353902.055345 4032267.823298
353902.046914 4032267.817892
353902.038482 4032267.812486
353902.030140 4032267.807078
353902.021709 4032267.801672
353902.013278 4032267.796267
353902.004846 4032267.790861
353901.996504 4032267.785453
353901.988073 4032267.780047
353901.979642 4032267.774641
353901.971210 4032267.769235
353901.962868 4032267.763828
353901.954437 4032267.758422
353901.946006 4032267.753016
353901.937574 4032267.747610
353901.929232 4032267.742203
353901.920801 4032267.736797
353901.912369 4032267.731391
353901.903938 4032267.725985
353901.895596 4032267.720577
353901.887163 4032267.715060
353901.878732 4032267.709655
353901.870300 4032267.704249
353901.861958 4032267.698841
353901.853527 4032267.693435
353901.845095 4032267.688029
353901.836664 4032267.682623
353901.828322 4032267.677216
353901.819891 4032267.671810
353901.811459 4032267.666404
353901.803028 4032267.660998
353901.794686 4032267.655591
353901.786255 4032267.650185
353901.777823 4032267.644779
353901.769392 4032267.639373
353901.761050 4032267.633965
353901.752619 4032267.628559
353901.744187 4032267.623153
353901.735756 4032267.617748
353901.727414 4032267.612340
353901.718983 4032267.606934
353901.710551 4032267.601528
353901.702120 4032267.596122
353901.693778 4032267.590715
353901.685347 4032267.585309
353901.676915 4032267.579903
353901.668484 4032267.574497
353901.660142 4032267.569090
353901.651711 4032267.563684
353901.643279 4032267.558278
353901.634848 4032267.552872
353901.626506 4032267.547464
353901.618075 4032267.542058
353901.609643 4032267.536652
353901.601212 4032267.531246
353901.592868 4032267.525728
353901.584437 4032267.520322
353901.576005 4032267.514916
353901.567574 4032267.509510
353901.559232 4032267.504103
353901.550801 4032267.498697
353901.542369 4032267.493291
353901.534027 4032267.487883
353901.525596 4032267.482478
353901.517164 4032267.477072
353901.508733 4032267.471666
353901.500391 4032267.466258
353901.491960 4032267.460852
353901.483528 4032267.455446
353901.475097 4032267.450040
353901.466755 4032267.444633
353901.458324 4032267.439227
353901.449892 4032267.433821
353901.441461 4032267.428415
353901.433119 4032267.423008
353901.424688 4032267.417602
353901.416256 4032267.412196
353901.407825 4032267.406790
353901.399483 4032267.401382
353901.391052 4032267.395976
353901.382620 4032267.390571
353901.374189 4032267.385165
353901.365847 4032267.379757
353901.357416 4032267.374351
353901.348984 4032267.368945
353901.340553 4032267.363539
353901.332211 4032267.358132
353901.323780 4032267.352726
353901.315348 4032267.347320
353901.306915 4032267.341803
353901.298573 4032267.336396
353901.290142 4032267.330990
353901.281710 4032267.325584
353901.273279 4032267.320178
353901.264937 4032267.314770
353901.256506 4032267.309364
353901.248074 4032267.303959
353901.239643 4032267.298553
353901.231301 4032267.293145
353901.222870 4032267.287739
353901.214438 4032267.282333
353901.206007 4032267.276927
353901.197665 4032267.271520
353901.189233 4032267.266114
353901.180802 4032267.260708
353901.172371 4032267.255302
353901.164029 4032267.249895
353901.155597 4032267.244489
353901.147166 4032267.239083
353901.138735 4032267.233677
353901.130393 4032267.228269
353901.121961 4032267.222863
353901.113530 4032267.217457
353901.105098 4032267.212052
353901.096757 4032267.206644
353901.088325 4032267.201238
353901.079894 4032267.195832
353901.071462 4032267.190426
353901.063121 4032267.185019
353901.054689 4032267.179613
353901.046258 4032267.174207
353901.037826 4032267.168801
353901.029485 4032267.163394
353901.021051 4032267.157877
353901.012620 4032267.152471
353901.004188 4032267.147065
353900.995847 4032267.141657
353900.987415 4032267.136251
353900.978984 4032267.130845
353900.970552 4032267.125440
353900.962211 4032267.120032
353900.953779 4032267.114626
353900.945348 4032267.109220
353900.936916 4032267.103814
353900.928575 4032267.098407
353900.920143 4032267.093001
353900.911712 4032267.087595
353900.903280 4032267.082189
353900.894938 4032267.076782
353900.886507 4032267.071376
353900.878076 4032267.065970
353900.869644 4032267.060564
353900.861302 4032267.055156
353900.852871 4032267.049750
353900.844440 4032267.044344
353900.836008 4032267.038938
353900.827666 4032267.033531
353900.819235 4032267.028125
353900.810803 4032267.022719
353900.802372 4032267.017313
353900.794030 4032267.011906
353900.785599 4032267.006500
353900.777167 4032267.001094
353900.768736 4032266.995688
353900.760394 4032266.990281
353900.751963 4032266.984875
353900.743531 4032266.979469
353900.735098 4032266.973952
353900.726756 4032266.968544
353900.718325 4032266.963138
353900.709893 4032266.957732
353900.701462 4032266.952327
353900.693120 4032266.946919
353900.684689 4032266.941513
353900.676257 4032266.936107
353900.667826 4032266.930701
353900.659484 4032266.925294
353900.651053 4032266.919888
353900.642621 4032266.914482
353900.634190 4032266.909076
353900.625848 4032266.903669
353900.617417 4032266.898263
353900.608985 4032266.892857
353900.600554 4032266.887451
353900.592212 4032266.882043
353900.583781 4032266.876637
353900.575349 4032266.871231
353900.566918 4032266.865825
353900.558576 4032266.860418
353900.550145 4032266.855012
353900.541713 4032266.849606
353900.533371 4032266.844199
353900.524940 4032266.838793
353900.516509 4032266.833387
353900.508077 4032266.827981
353900.499735 4032266.822573
353900.491304 4032266.817167
353900.482872 4032266.811762
353900.474441 4032266.806356
353900.466099 4032266.800948
353900.457668 4032266.795542
353900.449235 4032266.790025
353900.440803 4032266.784619
353900.432461 4032266.779212
353900.424030 4032266.773806
353900.415598 4032266.768400
353900.407167 4032266.762994
353900.398825 4032266.757587
353900.390394 4032266.752181
353900.381962 4032266.746775
353900.373531 4032266.741369
353900.365189 4032266.735961
353900.356758 4032266.730555
353900.348326 4032266.725150
353900.339895 4032266.719744
353900.331553 4032266.714336
353900.323122 4032266.708930
353900.314690 4032266.703524
353900.306259 4032266.698118
353900.297917 4032266.692711
353900.289486 4032266.687305
353900.281054 4032266.681899
353900.272623 4032266.676493
353900.264281 4032266.671086
353900.255500 4032266.666240
353900.246204 4032266.662736
353900.236820 4032266.659343
353900.227435 4032266.655840
353900.218049 4032266.652336
353900.208663 4032266.648833
353900.199277 4032266.645330
353900.189893 4032266.641937
353900.180508 4032266.638434
353900.171212 4032266.634929
353900.161826 4032266.631426
353900.152440 4032266.627922
353900.143056 4032266.624530
353900.133670 4032266.621026
353900.124285 4032266.617523
353900.114899 4032266.614020
353900.105605 4032266.610626
353900.096219 4032266.607122
353900.086833 4032266.603619
353900.077448 4032266.600116
353900.068062 4032266.596612
353900.058678 4032266.593220
353900.049292 4032266.589717
353900.039906 4032266.586213
353900.030610 4032266.582708
353900.021225 4032266.579205
353900.011841 4032266.575812
353900.002455 4032266.572309
353899.993069 4032266.568806
353899.983683 4032266.565302
353899.974300 4032266.561910
353899.964914 4032266.558407
353899.955618 4032266.554902
353899.946232 4032266.551398
353899.936846 4032266.547895
353899.927462 4032266.544503
353899.918077 4032266.540999
353899.908691 4032266.537496
353899.899305 4032266.533992
353899.890009 4032266.530488
353899.880625 4032266.527095
353899.871239 4032266.523592
353899.861854 4032266.520088
353899.852468 4032266.516585
353899.843084 4032266.513193
353899.833698 4032266.509689
353899.824312 4032266.506186
353899.815016 4032266.502681
353899.805631 4032266.499178
353899.796247 4032266.495785
353899.786861 4032266.492282
353899.777475 4032266.488778
353899.768089 4032266.485275
353899.758704 4032266.481772
353899.749409 4032266.478378
353899.740024 4032266.474874
353899.730638 4032266.471371
353899.721252 4032266.467868
353899.711868 4032266.464475
353899.702483 4032266.460972
353899.693097 4032266.457469
353899.683711 4032266.453965
353899.674415 4032266.450460
353899.665031 4032266.447068
353899.655645 4032266.443564
353899.646260 4032266.440061
353899.636874 4032266.436558
353899.627488 4032266.433054
353899.618104 4032266.429662
353899.608808 4032266.426157
353899.599422 4032266.422654
353899.590037 4032266.419150
353899.580653 4032266.415758
353899.571267 4032266.412255
353899.561881 4032266.408751
353899.552495 4032266.405248
353899.543110 4032266.401744
353899.533816 4032266.398350
353899.524430 4032266.394847
353899.515044 4032266.391344
353899.505658 4032266.387840
353899.496273 4032266.384337
353899.486889 4032266.380945
353899.477503 4032266.377441
353899.468117 4032266.373938
353899.458821 4032266.370433
353899.449437 4032266.367041
353899.440051 4032266.363537
353899.430666 4032266.360034
353899.421280 4032266.356530
353899.411894 4032266.353027
353899.402510 4032266.349635
353899.393214 4032266.346130
353899.383828 4032266.342626
353899.374443 4032266.339123
353899.365057 4032266.335620
353899.355673 4032266.332227
353899.346287 4032266.328724
353899.336902 4032266.325221
353899.327516 4032266.321717
353899.318222 4032266.318323
353899.308836 4032266.314820
353899.299450 4032266.311316
353899.290064 4032266.307813
353899.280679 4032266.304310
353899.271295 4032266.300917
353899.261909 4032266.297414
353899.252613 4032266.293909
353899.243227 4032266.290406
353899.233841 4032266.286902
353899.224457 4032266.283510
353899.215072 4032266.280007
353899.205686 4032266.276503
353899.196300 4032266.273000
353899.186916 4032266.269607
353899.177620 4032266.266103
353899.168234 4032266.262599
353899.158849 4032266.259096
353899.149463 4032266.255592
353899.140079 4032266.252200
353899.130693 4032266.248697
353899.121308 4032266.245193
353899.111922 4032266.241690
353899.102626 4032266.238185
353899.093242 4032266.234793
353899.083856 4032266.231289
353899.074470 4032266.227786
353899.065085 4032266.224282
353899.055701 4032266.220890
353899.046315 4032266.217387
353899.037019 4032266.213882
353899.027633 4032266.210378
353899.018247 4032266.206875
353899.008863 4032266.203483
353898.999478 4032266.199979
353898.990092 4032266.196476
353898.980706 4032266.192973
353898.971320 4032266.189469
353898.962026 4032266.186075
353898.952640 4032266.182572
353898.943255 4032266.179069
353898.933869 4032266.175565
353898.924485 4032266.172173
353898.915099 4032266.168669
353898.905714 4032266.165166
353898.896418 4032266.161661
353898.887032 4032266.158158
353898.877648 4032266.154765
353898.868262 4032266.151262
353898.858876 4032266.147759
353898.849491 4032266.144255
353898.840105 4032266.140752
353898.830721 4032266.137359
353898.821425 4032266.133855
353898.812039 4032266.130351
353898.802653 4032266.126848
353898.793268 4032266.123344
353898.783884 4032266.119952
353898.774498 4032266.116449
353898.765112 4032266.112945
353898.755727 4032266.109442
353898.746432 4032266.106048
353898.737047 4032266.102545
353898.727661 4032266.099041
353898.718275 4032266.095538
353898.708889 4032266.092035
353898.699505 4032266.088642
353898.690120 4032266.085139
353898.680824 4032266.081634
353898.671438 4032266.078130
353898.662052 4032266.074627
353898.652668 4032266.071235
353898.643282 4032266.067731
353898.633897 4032266.064228
353898.624511 4032266.060725
353898.615127 4032266.057332
353898.605831 4032266.053827
353898.596445 4032266.050324
353898.587059 4032266.046821
353898.577674 4032266.043317
353898.568290 4032266.039925
353898.558904 4032266.036421
353898.549518 4032266.032918
353898.540222 4032266.029413
353898.530836 4032266.025910
353898.521453 4032266.022517
353898.512067 4032266.019014
353898.502681 4032266.015511
353898.493295 4032266.012007
353898.483911 4032266.008615
353898.474526 4032266.005111
353898.465230 4032266.001607
353898.455844 4032265.998103
353898.446458 4032265.994600
353898.437074 4032265.991207
353898.427688 4032265.987704
353898.418303 4032265.984201
353898.408917 4032265.980697
353898.399531 4032265.977194
353898.390237 4032265.973800
353898.380851 4032265.970297
353898.371465 4032265.966793
353898.362080 4032265.963290
353898.352696 4032265.959898
353898.343310 4032265.956394
353898.333924 4032265.952891
353898.324628 4032265.949386
353898.315242 4032265.945883
353898.305859 4032265.942490
353898.296473 4032265.938987
353898.287087 4032265.935483
353898.277701 4032265.931980
353898.268316 4032265.928477
353898.258932 4032265.925084
353898.249636 4032265.921579
353898.240250 4032265.918076
353898.230864 4032265.914573
353898.221480 4032265.911180
353898.212094 4032265.907677
353898.202709 4032265.904173
353898.193323 4032265.900670
353898.184027 4032265.897165
353898.174643 4032265.893773
353898.165257 4032265.890269
353898.155871 4032265.886766
353898.146486 4032265.883263
353898.137100 4032265.879759
353898.127716 4032265.876367
353898.118330 4032265.872864
353898.109034 4032265.869359
353898.099648 4032265.865855
353898.090265 4032265.862463
353898.080879 4032265.858959
353898.071493 4032265.855456
353898.062107 4032265.851953
353898.052722 4032265.848449
353898.043338 4032265.845057
353898.034042 4032265.841552
353898.024656 4032265.838049
353898.015270 4032265.834545
353898.005884 4032265.831042
353897.996500 4032265.827650
353897.987115 4032265.824146
353897.977729 4032265.820643
353897.968433 4032265.817138
353897.959049 4032265.813746
353897.949663 4032265.810242
353897.940277 4032265.806739
353897.930892 4032265.803235
353897.921506 4032265.799732
353897.912122 4032265.796340
353897.902736 4032265.792836
353897.893440 4032265.789331
353897.884054 4032265.785828
353897.874669 4032265.782325
353897.865285 4032265.778932
353897.855899 4032265.775429
353897.846513 4032265.771926
353897.837128 4032265.768422
353897.827833 4032265.765028
353897.818448 4032265.761525
353897.809062 4032265.758021
353897.799676 4032265.754518
353897.790290 4032265.751015
353897.780906 4032265.747622
353897.771521 4032265.744119
353897.762135 4032265.740616
353897.752839 4032265.737111
353897.743453 4032265.733607
353897.734069 4032265.730215
353897.724683 4032265.726712
353897.715298 4032265.723208
353897.705912 4032265.719705
353897.696528 4032265.716312
353897.687142 4032265.712809
353897.677846 4032265.709304
353897.668460 4032265.705801
353897.659075 4032265.702297
353897.649691 4032265.698905
353897.640305 4032265.695402
353897.630919 4032265.691898
353897.621534 4032265.688395
353897.612238 4032265.684890
353897.602854 4032265.681498
353897.593468 4032265.677994
353897.584082 4032265.674491
353897.574696 4032265.670988
353897.565312 4032265.667595
353897.555927 4032265.664092
353897.546541 4032265.660588
353897.537245 4032265.657083
353897.527859 4032265.653580
353897.518475 4032265.650188
353897.509089 4032265.646684
353897.499704 4032265.643181
353897.490318 4032265.639678
353897.480932 4032265.636174
353897.471638 4032265.632780
353897.462252 4032265.629277
353897.452867 4032265.625774
353897.443481 4032265.622270
353897.434097 4032265.618878
353897.424711 4032265.615374
353897.415325 4032265.611871
353897.405940 4032265.608368
353897.396644 4032265.604863
353897.387260 4032265.601470
353897.377874 4032265.597967
353897.368488 4032265.594464
353897.359102 4032265.590960
353897.349717 4032265.587457
353897.340333 4032265.584064
353897.330947 4032265.580561
353897.321651 4032265.577056
353897.312265 4032265.573553
353897.302881 4032265.570160
353897.293495 4032265.566657
353897.284110 4032265.563154
353897.274724 4032265.559650
353897.265338 4032265.556147
353897.256044 4032265.552753
353897.246658 4032265.549250
353897.237273 4032265.545746
353897.227887 4032265.542243
353897.218501 4032265.538740
353897.209117 4032265.535347
353897.199731 4032265.531844
353897.190346 4032265.528340
353897.181050 4032265.524836
353897.171666 4032265.521443
353897.162280 4032265.517940
353897.152894 4032265.514436
353897.143508 4032265.510933
353897.134123 4032265.507430
353897.124739 4032265.504037
353897.115443 4032265.500532
353897.106057 4032265.497029
353897.096671 4032265.493526
353897.087285 4032265.490022
353897.077901 4032265.486630
353897.068516 4032265.483127
353897.059130 4032265.479623
353897.049744 4032265.476120
353897.040450 4032265.472726
353897.031064 4032265.469222
353897.021679 4032265.465719
353897.012293 4032265.462216
353897.002907 4032265.458712
353896.993523 4032265.455320
353896.984137 4032265.451817
353896.974752 4032265.448313
353896.965456 4032265.444808
353896.956070 4032265.441305
353896.946686 4032265.437913
353896.937300 4032265.434409
353896.927914 4032265.430906
353896.918529 4032265.427402
353896.909145 4032265.424010
353896.899849 4032265.420505
353896.890463 4032265.417002
353896.881077 4032265.413498
353896.871691 4032265.409995
353896.862307 4032265.406603
353896.852922 4032265.403099
353896.843536 4032265.399596
353896.834150 4032265.396093
353896.824854 4032265.392588
353896.815470 4032265.389195
353896.806084 4032265.385692
353896.796699 4032265.382189
353896.787313 4032265.378685
353896.777929 4032265.375293
353896.768543 4032265.371789
353896.759247 4032265.368285
353896.749861 4032265.364781
353896.740476 4032265.361278
353896.731092 4032265.357885
353896.721706 4032265.354382
353896.712320 4032265.350879
353896.702935 4032265.347375
353896.693549 4032265.343872
353896.684255 4032265.340478
353896.674869 4032265.336975
353896.665483 4032265.333471
353896.656097 4032265.329968
353896.646713 4032265.326575
353896.637328 4032265.323072
353896.627942 4032265.319569
353896.618556 4032265.316065
353896.609260 4032265.312560
353896.599876 4032265.309168
353896.590490 4032265.305665
353896.581105 4032265.302161
353896.571719 4032265.298658
353896.562333 4032265.295155
353896.552949 4032265.291762
353896.543653 4032265.288257
353896.534267 4032265.284754
353896.524882 4032265.281251
353896.515498 4032265.277858
353896.506112 4032265.274355
353896.496726 4032265.270851
353896.487341 4032265.267348
353896.477955 4032265.263845
353896.468661 4032265.260451
353896.459275 4032265.256947
353896.449889 4032265.253444
353896.440503 4032265.249941
353896.431118 4032265.246437
353896.421734 4032265.243045
353896.412348 4032265.239542
353896.403052 4032265.236037
353896.393666 4032265.232533
353896.384282 4032265.229141
353896.374896 4032265.225637
353896.365511 4032265.222134
353896.356125 4032265.218631
353896.346739 4032265.215127
353896.337355 4032265.211735
353896.328059 4032265.208230
353896.318673 4032265.204727
353896.309288 4032265.201223
353896.299902 4032265.197720
353896.290518 4032265.194328
353896.281132 4032265.190824
353896.271747 4032265.187321
353896.262361 4032265.183817
353896.253067 4032265.180424
353896.243681 4032265.176920
353896.234295 4032265.173417
353896.224909 4032265.169913
353896.215524 4032265.166410
353896.206140 4032265.163018
353896.196754 4032265.159514
353896.187458 4032265.156009
353896.178072 4032265.152506
353896.168686 4032265.149003
353896.159302 4032265.145610
353896.149917 4032265.142107
353896.140531 4032265.138604
353896.131145 4032265.135100
353896.121761 4032265.131708
353896.112465 4032265.128203
353896.103079 4032265.124700
353896.093694 4032265.121196
353896.084308 4032265.117693
353896.074924 4032265.114300
353896.065538 4032265.110797
353896.056153 4032265.107294
353896.046856 4032265.103789
353896.037471 4032265.100285
353896.028087 4032265.096893
353896.018701 4032265.093390
353896.009315 4032265.089886
353895.999930 4032265.086383
353895.990544 4032265.082880
353895.981160 4032265.079487
353895.971864 4032265.075982
353895.962478 4032265.072479
353895.953092 4032265.068976
353895.943708 4032265.065583
353895.934323 4032265.062080
353895.924937 4032265.058576
353895.915551 4032265.055073
353895.906165 4032265.051570
353895.896871 4032265.048176
353895.887485 4032265.044672
353895.878100 4032265.041169
353895.868714 4032265.037666
353895.859328 4032265.034162
353895.849944 4032265.030770
353895.840559 4032265.027266
353895.831262 4032265.023762
353895.821877 4032265.020258
353895.812493 4032265.016866
353895.803107 4032265.013362
353895.793721 4032265.009859
353895.784336 4032265.006356
353895.774950 4032265.002852
353895.765566 4032264.999460
353895.756270 4032264.995955
353895.746884 4032264.992452
353895.737498 4032264.988948
353895.728113 4032264.985445
353895.718729 4032264.982053
353895.709343 4032264.978549
353895.699957 4032264.975046
353895.690661 4032264.971541
353895.681277 4032264.968149
353895.671891 4032264.964645
353895.662506 4032264.961142
353895.653120 4032264.957638
353895.643734 4032264.954135
353895.634350 4032264.950743
353895.624964 4032264.947239
353895.615668 4032264.943734
353895.606283 4032264.940231
353895.596897 4032264.936728
353895.587513 4032264.933335
353895.578127 4032264.929832
353895.568741 4032264.926329
353895.559356 4032264.922825
353895.549972 4032264.919433
353895.540676 4032264.915928
353895.531290 4032264.912425
353895.521904 4032264.908921
353895.512518 4032264.905418
353895.503135 4032264.902025
353895.493749 4032264.898522
353895.484363 4032264.895019
353895.475067 4032264.891514
353895.465681 4032264.888010
353895.456297 4032264.884618
353895.446912 4032264.881115
353895.437526 4032264.877611
353895.428140 4032264.874108
353895.418756 4032264.870715
353895.409370 4032264.867212
353895.400074 4032264.863707
353895.390689 4032264.860204
353895.381303 4032264.856700
353895.371919 4032264.853308
353895.362533 4032264.849805
353895.353147 4032264.846301
353895.343762 4032264.842798
353895.334466 4032264.839293
353895.325082 4032264.835901
353895.315696 4032264.832397
353895.306310 4032264.828894
353895.296924 4032264.825391
353895.287541 4032264.821998
353895.278155 4032264.818495
353895.268769 4032264.814991
353895.259473 4032264.811487
353895.250087 4032264.807983
353895.240703 4032264.804591
353895.231318 4032264.801087
353895.221932 4032264.797584
353895.212546 4032264.794081
353895.203160 4032264.790577
353895.193776 4032264.787185
353895.184480 4032264.783680
353895.175095 4032264.780177
353895.165709 4032264.776673
353895.156325 4032264.773281
353895.146939 4032264.769778
353895.137553 4032264.766274
353895.128168 4032264.762771
353895.118872 4032264.759266
353895.109488 4032264.755874
353895.100102 4032264.752370
353895.090716 4032264.748867
353895.081330 4032264.745363
353895.071945 4032264.741860
353895.062561 4032264.738468
353895.053175 4032264.734964
353895.043879 4032264.731459
353895.034493 4032264.727956
353895.025109 4032264.724564
353895.015724 4032264.721060
353895.006338 4032264.717557
353894.996952 4032264.714054
353894.987566 4032264.710550
353894.978272 4032264.707156
353894.968886 4032264.703653
353894.959501 4032264.700150
353894.950115 4032264.696646
353894.940729 4032264.693143
353894.931345 4032264.689750
353894.921959 4032264.686247
353894.912574 4032264.682744
353894.903278 4032264.679239
353894.893894 4032264.675846
353894.884508 4032264.672343
353894.875122 4032264.668840
353894.865736 4032264.665336
353894.856351 4032264.661833
353894.846967 4032264.658440
353894.837581 4032264.654937
353894.828285 4032264.651432
353894.818899 4032264.647929
353894.809513 4032264.644426
353894.800129 4032264.641033
353894.790744 4032264.637530
353894.781358 4032264.634026
353894.771972 4032264.630523
353894.762678 4032264.627129
353894.753292 4032264.623626
353894.743906 4032264.620122
353894.734521 4032264.616619
353894.725135 4032264.613116
353894.715751 4032264.609723
353894.706365 4032264.606220
353894.696980 4032264.602716
353894.687683 4032264.599212
353894.678298 4032264.595708
353894.668914 4032264.592316
353894.659528 4032264.588812
353894.650142 4032264.585309
353894.640757 4032264.581806
353894.631373 4032264.578413
353894.622077 4032264.574908
353894.612691 4032264.571405
353894.603305 4032264.567902
353894.593919 4032264.564398
353894.584535 4032264.561006
353894.575150 4032264.557503
353894.565764 4032264.553999
353894.556378 4032264.550496
353894.547082 4032264.546991
353894.537698 4032264.543599
353894.528312 4032264.540095
353894.518927 4032264.536592
353894.509541 4032264.533088
353894.500157 4032264.529696
353894.490771 4032264.526193
353894.481386 4032264.522689
353894.472089 4032264.519184
353894.462704 4032264.515681
353894.453320 4032264.512289
353894.443934 4032264.508785
353894.434548 4032264.505282
353894.425163 4032264.501779
353894.415777 4032264.498275
353894.406483 4032264.494881
353894.397097 4032264.491378
353894.387711 4032264.487875
353894.378325 4032264.484371
353894.368941 4032264.480979
353894.359556 4032264.477475
353894.350170 4032264.473972
353894.340784 4032264.470469
353894.331488 4032264.466964
353894.322104 4032264.463571
353894.312718 4032264.460068
353894.303333 4032264.456565
353894.293947 4032264.453061
353894.284561 4032264.449558
353894.275177 4032264.446166
353894.265881 4032264.442661
353894.256495 4032264.439157
353894.247110 4032264.435654
353894.237726 4032264.432262
353894.228340 4032264.428758
353894.218954 4032264.425255
353894.209568 4032264.421751
353894.200183 4032264.418248
353894.190888 4032264.414854
353894.181503 4032264.411351
353894.172117 4032264.407847
353894.162731 4032264.404344
353894.153345 4032264.400841
353894.143962 4032264.397448
353894.134576 4032264.393945
353894.125280 4032264.390440
353894.115894 4032264.386937
353894.106510 4032264.383544
353894.097124 4032264.380041
353894.087739 4032264.376538
353894.078353 4032264.373034
353894.068967 4032264.369531
353894.059583 4032264.366138
353894.050287 4032264.362633
353894.040901 4032264.359130
353894.031516 4032264.355627
353894.022130 4032264.352123
353894.012746 4032264.348731
353894.003360 4032264.345228
353893.999479 4032264.343740
