[0.000000] (-) TimerEvent: {}
[0.000496] (livox_ros_driver2) JobQueued: {'identifier': 'livox_ros_driver2', 'dependencies': OrderedDict()}
[0.000528] (livox_sdk2) JobQueued: {'identifier': 'livox_sdk2', 'dependencies': OrderedDict()}
[0.000545] (livox_ros_driver2) JobStarted: {'identifier': 'livox_ros_driver2'}
[0.004277] (livox_sdk2) JobStarted: {'identifier': 'livox_sdk2'}
[0.006742] (livox_ros_driver2) JobProgress: {'identifier': 'livox_ros_driver2', 'progress': 'cmake'}
[0.007039] (livox_ros_driver2) Command: {'cmd': ['/usr/bin/cmake', '/home/smarthc/ros2_ws/src/Sensor_drivers/ws_livox/src/livox_ros_driver2', '-DROS_EDITION=ROS2', '-DHUMBLE_ROS=humble', '-DCMAKE_INSTALL_PREFIX=/home/smarthc/ros2_ws/src/Sensor_drivers/ws_livox/install/livox_ros_driver2'], 'cwd': '/home/smarthc/ros2_ws/src/Sensor_drivers/ws_livox/build/livox_ros_driver2', 'env': OrderedDict([('GJS_DEBUG_TOPICS', 'JS ERROR;JS LOG'), ('LESSOPEN', '| /usr/bin/lesspipe %s'), ('LANGUAGE', 'en_US:en'), ('USER', 'smarthc'), ('LC_TIME', 'ko_KR.UTF-8'), ('XDG_SESSION_TYPE', 'wayland'), ('SHLVL', '2'), ('LD_LIBRARY_PATH', '/usr/local/lib:/home/smarthc/Downloads/TensorRT-10.10.0.31/lib:/usr/local/cuda/lib64:/home/smarthc/ros2_ws/install/realsense2_camera/lib:/home/smarthc/ros2_ws/install/realsense2_camera_msgs/lib:/home/smarthc/ros2_ws/install/glim_ros/lib:/home/smarthc/ros2_ws/install/glim/lib:/opt/ros/humble/opt/rviz_ogre_vendor/lib:/opt/ros/humble/lib/x86_64-linux-gnu:/opt/ros/humble/lib'), ('HOME', '/home/smarthc'), ('CONDA_SHLVL', '0'), ('OLDPWD', '/home/smarthc/ros2_ws/src/Sensor_drivers/ws_livox/src/livox_ros_driver2'), ('DESKTOP_SESSION', 'ubuntu'), ('GIO_LAUNCHED_DESKTOP_FILE', '/usr/share/applications/terminator.desktop'), ('ROS_PYTHON_VERSION', '3'), ('GNOME_SHELL_SESSION_MODE', 'ubuntu'), ('GTK_MODULES', 'gail:atk-bridge'), ('LC_MONETARY', 'ko_KR.UTF-8'), ('MANAGERPID', '1489'), ('SYSTEMD_EXEC_PID', '1722'), ('MAKEFLAGS', '-j 1'), ('DBUS_SESSION_BUS_ADDRESS', 'unix:path=/run/user/1000/bus'), ('COLORTERM', 'truecolor'), ('_CE_M', ''), ('TERMINATOR_DBUS_NAME', 'net.tenshu.Terminator25ef4b219e3b005583550f2b0f9f990c3'), ('GIO_LAUNCHED_DESKTOP_FILE_PID', '4748'), ('IM_CONFIG_PHASE', '1'), ('WAYLAND_DISPLAY', 'wayland-0'), ('COLCON_PREFIX_PATH', '/home/smarthc/ros2_ws/install'), ('ROS_DISTRO', 'humble'), ('LOGNAME', 'smarthc'), ('JOURNAL_STREAM', '8:5431'), ('_', '/usr/bin/colcon'), ('ROS_VERSION', 'ROS2'), ('XDG_SESSION_CLASS', 'user'), ('USERNAME', 'smarthc'), ('TERM', 'xterm-256color'), ('GNOME_DESKTOP_SESSION_ID', 'this-is-deprecated'), ('_CE_CONDA', ''), ('ROS_LOCALHOST_ONLY', '0'), ('PATH', '/home/smarthc/Downloads/TensorRT-10.10.0.31/bin:/usr/local/cuda/bin:/home/smarthc/anaconda3/condabin:/opt/ros/humble/bin:/home/smarthc/.local/bin:/usr/local/sbin:/usr/local/bin:/usr/sbin:/usr/bin:/sbin:/bin:/usr/games:/usr/local/games:/snap/bin:/snap/bin'), ('SESSION_MANAGER', 'local/smarthc:@/tmp/.ICE-unix/1674,unix/smarthc:/tmp/.ICE-unix/1674'), ('INVOCATION_ID', '2b0b2819e04e4955b08abac0877caa3b'), ('PAPERSIZE', 'a4'), ('XDG_MENU_PREFIX', 'gnome-'), ('LC_ADDRESS', 'ko_KR.UTF-8'), ('GNOME_SETUP_DISPLAY', ':1'), ('XDG_RUNTIME_DIR', '/run/user/1000'), ('DISPLAY', ':0'), ('TERMINATOR_DBUS_PATH', '/net/tenshu/Terminator2'), ('LANG', 'en_US.UTF-8'), ('XDG_CURRENT_DESKTOP', 'ubuntu:GNOME'), ('IBUS_DISABLE_SNOOPER', ''), ('LC_TELEPHONE', 'ko_KR.UTF-8'), ('RMW_IMPLEMENTATION', 'rmw_fastrtps_cpp'), ('XMODIFIERS', '@im=ibus'), ('XDG_SESSION_DESKTOP', 'ubuntu'), ('XAUTHORITY', '/run/user/1000/.mutter-Xwaylandauth.2NUE82'), ('LS_COLORS', 'rs=0:di=01;34:ln=01;36:mh=00:pi=40;33:so=01;35:do=01;35:bd=40;33;01:cd=40;33;01:or=40;31;01:mi=00:su=37;41:sg=30;43:ca=30;41:tw=30;42:ow=34;42:st=37;44:ex=01;32:*.tar=01;31:*.tgz=01;31:*.arc=01;31:*.arj=01;31:*.taz=01;31:*.lha=01;31:*.lz4=01;31:*.lzh=01;31:*.lzma=01;31:*.tlz=01;31:*.txz=01;31:*.tzo=01;31:*.t7z=01;31:*.zip=01;31:*.z=01;31:*.dz=01;31:*.gz=01;31:*.lrz=01;31:*.lz=01;31:*.lzo=01;31:*.xz=01;31:*.zst=01;31:*.tzst=01;31:*.bz2=01;31:*.bz=01;31:*.tbz=01;31:*.tbz2=01;31:*.tz=01;31:*.deb=01;31:*.rpm=01;31:*.jar=01;31:*.war=01;31:*.ear=01;31:*.sar=01;31:*.rar=01;31:*.alz=01;31:*.ace=01;31:*.zoo=01;31:*.cpio=01;31:*.7z=01;31:*.rz=01;31:*.cab=01;31:*.wim=01;31:*.swm=01;31:*.dwm=01;31:*.esd=01;31:*.jpg=01;35:*.jpeg=01;35:*.mjpg=01;35:*.mjpeg=01;35:*.gif=01;35:*.bmp=01;35:*.pbm=01;35:*.pgm=01;35:*.ppm=01;35:*.tga=01;35:*.xbm=01;35:*.xpm=01;35:*.tif=01;35:*.tiff=01;35:*.png=01;35:*.svg=01;35:*.svgz=01;35:*.mng=01;35:*.pcx=01;35:*.mov=01;35:*.mpg=01;35:*.mpeg=01;35:*.m2v=01;35:*.mkv=01;35:*.webm=01;35:*.webp=01;35:*.ogm=01;35:*.mp4=01;35:*.m4v=01;35:*.mp4v=01;35:*.vob=01;35:*.qt=01;35:*.nuv=01;35:*.wmv=01;35:*.asf=01;35:*.rm=01;35:*.rmvb=01;35:*.flc=01;35:*.avi=01;35:*.fli=01;35:*.flv=01;35:*.gl=01;35:*.dl=01;35:*.xcf=01;35:*.xwd=01;35:*.yuv=01;35:*.cgm=01;35:*.emf=01;35:*.ogv=01;35:*.ogx=01;35:*.aac=00;36:*.au=00;36:*.flac=00;36:*.m4a=00;36:*.mid=00;36:*.midi=00;36:*.mka=00;36:*.mp3=00;36:*.mpc=00;36:*.ogg=00;36:*.ra=00;36:*.wav=00;36:*.oga=00;36:*.opus=00;36:*.spx=00;36:*.xspf=00;36:'), ('SSH_AGENT_LAUNCHER', 'gnome-keyring'), ('SSH_AUTH_SOCK', '/run/user/1000/keyring/ssh'), ('ROS_DOMAIN_ID', '0'), ('AMENT_PREFIX_PATH', '/home/smarthc/ros2_ws/install/utils:/home/smarthc/ros2_ws/install/ros2_xsens_mti_driver:/home/smarthc/ros2_ws/install/realsense2_description:/home/smarthc/ros2_ws/install/realsense2_camera:/home/smarthc/ros2_ws/install/realsense2_camera_msgs:/home/smarthc/ros2_ws/install/perception:/home/smarthc/ros2_ws/install/orbslam3:/home/smarthc/ros2_ws/install/object_detection:/home/smarthc/ros2_ws/install/local_pkg:/home/smarthc/ros2_ws/install/lidar_lane:/home/smarthc/ros2_ws/install/lidar:/home/smarthc/ros2_ws/install/glim_ros:/home/smarthc/ros2_ws/install/glim:/home/smarthc/ros2_ws/install/fusion:/home/smarthc/ros2_ws/install/camera:/opt/ros/humble'), ('CONDA_PYTHON_EXE', '/home/smarthc/anaconda3/bin/python'), ('SHELL', '/bin/bash'), ('LC_NAME', 'ko_KR.UTF-8'), ('TERMINATOR_UUID', 'urn:uuid:2be0b91b-ee39-4c42-939f-e09f0b0fd683'), ('QT_ACCESSIBILITY', '1'), ('GDMSESSION', 'ubuntu'), ('LESSCLOSE', '/usr/bin/lesspipe %s %s'), ('LC_MEASUREMENT', 'ko_KR.UTF-8'), ('GJS_DEBUG_OUTPUT', 'stderr'), ('LC_IDENTIFICATION', 'ko_KR.UTF-8'), ('QT_IM_MODULE', 'ibus'), ('PWD', '/home/smarthc/ros2_ws/src/Sensor_drivers/ws_livox/build/livox_ros_driver2'), ('LC_ALL', 'en_US.UTF-8'), ('XDG_CONFIG_DIRS', '/etc/xdg/xdg-ubuntu:/etc/xdg'), ('CONDA_EXE', '/home/smarthc/anaconda3/bin/conda'), ('XDG_DATA_DIRS', '/usr/share/ubuntu:/usr/local/share/:/usr/share/:/var/lib/snapd/desktop'), ('PYTHONPATH', '/home/smarthc/ros2_ws/build/utils:/home/smarthc/ros2_ws/install/utils/lib/python3.10/site-packages:/home/smarthc/ros2_ws/install/realsense2_camera_msgs/local/lib/python3.10/dist-packages:/home/smarthc/ros2_ws/build/object_detection:/home/smarthc/ros2_ws/install/object_detection/lib/python3.10/site-packages:/home/smarthc/ros2_ws/build/local_pkg:/home/smarthc/ros2_ws/install/local_pkg/lib/python3.10/site-packages:/opt/ros/humble/lib/python3.10/site-packages:/opt/ros/humble/local/lib/python3.10/dist-packages'), ('LC_NUMERIC', 'ko_KR.UTF-8'), ('LC_PAPER', 'ko_KR.UTF-8'), ('COLCON', '1'), ('VTE_VERSION', '6800'), ('CMAKE_PREFIX_PATH', '/home/smarthc/ros2_ws/install/ros2_xsens_mti_driver:/home/smarthc/ros2_ws/install/realsense2_description:/home/smarthc/ros2_ws/install/realsense2_camera:/home/smarthc/ros2_ws/install/realsense2_camera_msgs:/home/smarthc/ros2_ws/install/perception:/home/smarthc/ros2_ws/install/orbslam3:/home/smarthc/ros2_ws/install/lidar_lane:/home/smarthc/ros2_ws/install/lidar:/home/smarthc/ros2_ws/install/glim_ros:/home/smarthc/ros2_ws/install/glim:/home/smarthc/ros2_ws/install/fusion:/home/smarthc/ros2_ws/install/camera:/home/smarthc/ros2_ws/install/utils:/home/smarthc/ros2_ws/install/object_detection:/home/smarthc/ros2_ws/install/local_pkg:/opt/ros/humble')]), 'shell': False}
[0.009334] (livox_sdk2) JobProgress: {'identifier': 'livox_sdk2', 'progress': 'cmake'}
[0.009955] (livox_sdk2) Command: {'cmd': ['/usr/bin/cmake', '/home/smarthc/ros2_ws/src/Sensor_drivers/ws_livox/src/Livox-SDK2', '-DROS_EDITION=ROS2', '-DHUMBLE_ROS=humble', '-DCMAKE_INSTALL_PREFIX=/home/smarthc/ros2_ws/src/Sensor_drivers/ws_livox/install/livox_sdk2'], 'cwd': '/home/smarthc/ros2_ws/src/Sensor_drivers/ws_livox/build/livox_sdk2', 'env': OrderedDict([('GJS_DEBUG_TOPICS', 'JS ERROR;JS LOG'), ('LESSOPEN', '| /usr/bin/lesspipe %s'), ('LANGUAGE', 'en_US:en'), ('USER', 'smarthc'), ('LC_TIME', 'ko_KR.UTF-8'), ('XDG_SESSION_TYPE', 'wayland'), ('SHLVL', '2'), ('LD_LIBRARY_PATH', '/usr/local/lib:/home/smarthc/Downloads/TensorRT-10.10.0.31/lib:/usr/local/cuda/lib64:/home/smarthc/ros2_ws/install/realsense2_camera/lib:/home/smarthc/ros2_ws/install/realsense2_camera_msgs/lib:/home/smarthc/ros2_ws/install/glim_ros/lib:/home/smarthc/ros2_ws/install/glim/lib:/opt/ros/humble/opt/rviz_ogre_vendor/lib:/opt/ros/humble/lib/x86_64-linux-gnu:/opt/ros/humble/lib'), ('HOME', '/home/smarthc'), ('CONDA_SHLVL', '0'), ('OLDPWD', '/home/smarthc/ros2_ws/src/Sensor_drivers/ws_livox/src/livox_ros_driver2'), ('DESKTOP_SESSION', 'ubuntu'), ('GIO_LAUNCHED_DESKTOP_FILE', '/usr/share/applications/terminator.desktop'), ('ROS_PYTHON_VERSION', '3'), ('GNOME_SHELL_SESSION_MODE', 'ubuntu'), ('GTK_MODULES', 'gail:atk-bridge'), ('LC_MONETARY', 'ko_KR.UTF-8'), ('MANAGERPID', '1489'), ('SYSTEMD_EXEC_PID', '1722'), ('MAKEFLAGS', '-j 1'), ('DBUS_SESSION_BUS_ADDRESS', 'unix:path=/run/user/1000/bus'), ('COLORTERM', 'truecolor'), ('_CE_M', ''), ('TERMINATOR_DBUS_NAME', 'net.tenshu.Terminator25ef4b219e3b005583550f2b0f9f990c3'), ('GIO_LAUNCHED_DESKTOP_FILE_PID', '4748'), ('IM_CONFIG_PHASE', '1'), ('WAYLAND_DISPLAY', 'wayland-0'), ('COLCON_PREFIX_PATH', '/home/smarthc/ros2_ws/install'), ('ROS_DISTRO', 'humble'), ('LOGNAME', 'smarthc'), ('JOURNAL_STREAM', '8:5431'), ('_', '/usr/bin/colcon'), ('ROS_VERSION', 'ROS2'), ('XDG_SESSION_CLASS', 'user'), ('USERNAME', 'smarthc'), ('TERM', 'xterm-256color'), ('GNOME_DESKTOP_SESSION_ID', 'this-is-deprecated'), ('_CE_CONDA', ''), ('ROS_LOCALHOST_ONLY', '0'), ('PATH', '/home/smarthc/Downloads/TensorRT-10.10.0.31/bin:/usr/local/cuda/bin:/home/smarthc/anaconda3/condabin:/opt/ros/humble/bin:/home/smarthc/.local/bin:/usr/local/sbin:/usr/local/bin:/usr/sbin:/usr/bin:/sbin:/bin:/usr/games:/usr/local/games:/snap/bin:/snap/bin'), ('SESSION_MANAGER', 'local/smarthc:@/tmp/.ICE-unix/1674,unix/smarthc:/tmp/.ICE-unix/1674'), ('INVOCATION_ID', '2b0b2819e04e4955b08abac0877caa3b'), ('PAPERSIZE', 'a4'), ('XDG_MENU_PREFIX', 'gnome-'), ('LC_ADDRESS', 'ko_KR.UTF-8'), ('GNOME_SETUP_DISPLAY', ':1'), ('XDG_RUNTIME_DIR', '/run/user/1000'), ('DISPLAY', ':0'), ('TERMINATOR_DBUS_PATH', '/net/tenshu/Terminator2'), ('LANG', 'en_US.UTF-8'), ('XDG_CURRENT_DESKTOP', 'ubuntu:GNOME'), ('IBUS_DISABLE_SNOOPER', ''), ('LC_TELEPHONE', 'ko_KR.UTF-8'), ('RMW_IMPLEMENTATION', 'rmw_fastrtps_cpp'), ('XMODIFIERS', '@im=ibus'), ('XDG_SESSION_DESKTOP', 'ubuntu'), ('XAUTHORITY', '/run/user/1000/.mutter-Xwaylandauth.2NUE82'), ('LS_COLORS', 'rs=0:di=01;34:ln=01;36:mh=00:pi=40;33:so=01;35:do=01;35:bd=40;33;01:cd=40;33;01:or=40;31;01:mi=00:su=37;41:sg=30;43:ca=30;41:tw=30;42:ow=34;42:st=37;44:ex=01;32:*.tar=01;31:*.tgz=01;31:*.arc=01;31:*.arj=01;31:*.taz=01;31:*.lha=01;31:*.lz4=01;31:*.lzh=01;31:*.lzma=01;31:*.tlz=01;31:*.txz=01;31:*.tzo=01;31:*.t7z=01;31:*.zip=01;31:*.z=01;31:*.dz=01;31:*.gz=01;31:*.lrz=01;31:*.lz=01;31:*.lzo=01;31:*.xz=01;31:*.zst=01;31:*.tzst=01;31:*.bz2=01;31:*.bz=01;31:*.tbz=01;31:*.tbz2=01;31:*.tz=01;31:*.deb=01;31:*.rpm=01;31:*.jar=01;31:*.war=01;31:*.ear=01;31:*.sar=01;31:*.rar=01;31:*.alz=01;31:*.ace=01;31:*.zoo=01;31:*.cpio=01;31:*.7z=01;31:*.rz=01;31:*.cab=01;31:*.wim=01;31:*.swm=01;31:*.dwm=01;31:*.esd=01;31:*.jpg=01;35:*.jpeg=01;35:*.mjpg=01;35:*.mjpeg=01;35:*.gif=01;35:*.bmp=01;35:*.pbm=01;35:*.pgm=01;35:*.ppm=01;35:*.tga=01;35:*.xbm=01;35:*.xpm=01;35:*.tif=01;35:*.tiff=01;35:*.png=01;35:*.svg=01;35:*.svgz=01;35:*.mng=01;35:*.pcx=01;35:*.mov=01;35:*.mpg=01;35:*.mpeg=01;35:*.m2v=01;35:*.mkv=01;35:*.webm=01;35:*.webp=01;35:*.ogm=01;35:*.mp4=01;35:*.m4v=01;35:*.mp4v=01;35:*.vob=01;35:*.qt=01;35:*.nuv=01;35:*.wmv=01;35:*.asf=01;35:*.rm=01;35:*.rmvb=01;35:*.flc=01;35:*.avi=01;35:*.fli=01;35:*.flv=01;35:*.gl=01;35:*.dl=01;35:*.xcf=01;35:*.xwd=01;35:*.yuv=01;35:*.cgm=01;35:*.emf=01;35:*.ogv=01;35:*.ogx=01;35:*.aac=00;36:*.au=00;36:*.flac=00;36:*.m4a=00;36:*.mid=00;36:*.midi=00;36:*.mka=00;36:*.mp3=00;36:*.mpc=00;36:*.ogg=00;36:*.ra=00;36:*.wav=00;36:*.oga=00;36:*.opus=00;36:*.spx=00;36:*.xspf=00;36:'), ('SSH_AGENT_LAUNCHER', 'gnome-keyring'), ('SSH_AUTH_SOCK', '/run/user/1000/keyring/ssh'), ('ROS_DOMAIN_ID', '0'), ('AMENT_PREFIX_PATH', '/home/smarthc/ros2_ws/install/utils:/home/smarthc/ros2_ws/install/ros2_xsens_mti_driver:/home/smarthc/ros2_ws/install/realsense2_description:/home/smarthc/ros2_ws/install/realsense2_camera:/home/smarthc/ros2_ws/install/realsense2_camera_msgs:/home/smarthc/ros2_ws/install/perception:/home/smarthc/ros2_ws/install/orbslam3:/home/smarthc/ros2_ws/install/object_detection:/home/smarthc/ros2_ws/install/local_pkg:/home/smarthc/ros2_ws/install/lidar_lane:/home/smarthc/ros2_ws/install/lidar:/home/smarthc/ros2_ws/install/glim_ros:/home/smarthc/ros2_ws/install/glim:/home/smarthc/ros2_ws/install/fusion:/home/smarthc/ros2_ws/install/camera:/opt/ros/humble'), ('CONDA_PYTHON_EXE', '/home/smarthc/anaconda3/bin/python'), ('SHELL', '/bin/bash'), ('LC_NAME', 'ko_KR.UTF-8'), ('TERMINATOR_UUID', 'urn:uuid:2be0b91b-ee39-4c42-939f-e09f0b0fd683'), ('QT_ACCESSIBILITY', '1'), ('GDMSESSION', 'ubuntu'), ('LESSCLOSE', '/usr/bin/lesspipe %s %s'), ('LC_MEASUREMENT', 'ko_KR.UTF-8'), ('GJS_DEBUG_OUTPUT', 'stderr'), ('LC_IDENTIFICATION', 'ko_KR.UTF-8'), ('QT_IM_MODULE', 'ibus'), ('PWD', '/home/smarthc/ros2_ws/src/Sensor_drivers/ws_livox/build/livox_sdk2'), ('LC_ALL', 'en_US.UTF-8'), ('XDG_CONFIG_DIRS', '/etc/xdg/xdg-ubuntu:/etc/xdg'), ('CONDA_EXE', '/home/smarthc/anaconda3/bin/conda'), ('XDG_DATA_DIRS', '/usr/share/ubuntu:/usr/local/share/:/usr/share/:/var/lib/snapd/desktop'), ('PYTHONPATH', '/home/smarthc/ros2_ws/build/utils:/home/smarthc/ros2_ws/install/utils/lib/python3.10/site-packages:/home/smarthc/ros2_ws/install/realsense2_camera_msgs/local/lib/python3.10/dist-packages:/home/smarthc/ros2_ws/build/object_detection:/home/smarthc/ros2_ws/install/object_detection/lib/python3.10/site-packages:/home/smarthc/ros2_ws/build/local_pkg:/home/smarthc/ros2_ws/install/local_pkg/lib/python3.10/site-packages:/opt/ros/humble/lib/python3.10/site-packages:/opt/ros/humble/local/lib/python3.10/dist-packages'), ('LC_NUMERIC', 'ko_KR.UTF-8'), ('LC_PAPER', 'ko_KR.UTF-8'), ('COLCON', '1'), ('VTE_VERSION', '6800'), ('CMAKE_PREFIX_PATH', '/home/smarthc/ros2_ws/install/ros2_xsens_mti_driver:/home/smarthc/ros2_ws/install/realsense2_description:/home/smarthc/ros2_ws/install/realsense2_camera:/home/smarthc/ros2_ws/install/realsense2_camera_msgs:/home/smarthc/ros2_ws/install/perception:/home/smarthc/ros2_ws/install/orbslam3:/home/smarthc/ros2_ws/install/lidar_lane:/home/smarthc/ros2_ws/install/lidar:/home/smarthc/ros2_ws/install/glim_ros:/home/smarthc/ros2_ws/install/glim:/home/smarthc/ros2_ws/install/fusion:/home/smarthc/ros2_ws/install/camera')]), 'shell': False}
[0.100062] (-) TimerEvent: {}
[0.155115] (livox_sdk2) StdoutLine: {'line': b'-- The C compiler identification is GNU 11.4.0\n'}
[0.155786] (livox_ros_driver2) StdoutLine: {'line': b'-- The C compiler identification is GNU 11.4.0\n'}
[0.200308] (-) TimerEvent: {}
[0.245947] (livox_sdk2) StdoutLine: {'line': b'-- The CXX compiler identification is GNU 11.4.0\n'}
[0.247487] (livox_ros_driver2) StdoutLine: {'line': b'-- The CXX compiler identification is GNU 11.4.0\n'}
[0.258532] (livox_ros_driver2) StdoutLine: {'line': b'-- Detecting C compiler ABI info\n'}
[0.258634] (livox_sdk2) StdoutLine: {'line': b'-- Detecting C compiler ABI info\n'}
[0.300435] (-) TimerEvent: {}
[0.306931] (livox_sdk2) StdoutLine: {'line': b'-- Detecting C compiler ABI info - done\n'}
[0.309620] (livox_ros_driver2) StdoutLine: {'line': b'-- Detecting C compiler ABI info - done\n'}
[0.311778] (livox_sdk2) StdoutLine: {'line': b'-- Check for working C compiler: /usr/bin/cc - skipped\n'}
[0.312163] (livox_sdk2) StdoutLine: {'line': b'-- Detecting C compile features\n'}
[0.312735] (livox_sdk2) StdoutLine: {'line': b'-- Detecting C compile features - done\n'}
[0.313502] (livox_ros_driver2) StdoutLine: {'line': b'-- Check for working C compiler: /usr/bin/cc - skipped\n'}
[0.313606] (livox_ros_driver2) StdoutLine: {'line': b'-- Detecting C compile features\n'}
[0.313660] (livox_ros_driver2) StdoutLine: {'line': b'-- Detecting C compile features - done\n'}
[0.316079] (livox_ros_driver2) StdoutLine: {'line': b'-- Detecting CXX compiler ABI info\n'}
[0.316155] (livox_sdk2) StdoutLine: {'line': b'-- Detecting CXX compiler ABI info\n'}
[0.370185] (livox_ros_driver2) StdoutLine: {'line': b'-- Detecting CXX compiler ABI info - done\n'}
[0.370639] (livox_sdk2) StdoutLine: {'line': b'-- Detecting CXX compiler ABI info - done\n'}
[0.374937] (livox_ros_driver2) StdoutLine: {'line': b'-- Check for working CXX compiler: /usr/bin/c++ - skipped\n'}
[0.375051] (livox_sdk2) StdoutLine: {'line': b'-- Check for working CXX compiler: /usr/bin/c++ - skipped\n'}
[0.375127] (livox_ros_driver2) StdoutLine: {'line': b'-- Detecting CXX compile features\n'}
[0.375179] (livox_sdk2) StdoutLine: {'line': b'-- Detecting CXX compile features\n'}
[0.375471] (livox_ros_driver2) StdoutLine: {'line': b'-- Detecting CXX compile features - done\n'}
[0.375547] (livox_sdk2) StdoutLine: {'line': b'-- Detecting CXX compile features - done\n'}
[0.375756] (livox_sdk2) StdoutLine: {'line': b'-- main project dir: /home/smarthc/ros2_ws/src/Sensor_drivers/ws_livox/src/Livox-SDK2\n'}
[0.375837] (livox_ros_driver2) StdoutLine: {'line': b'-- livox_ros_driver2 version: 1.2.4\n'}
[0.376529] (livox_sdk2) StdoutLine: {'line': b'-- main project dir: /home/smarthc/ros2_ws/src/Sensor_drivers/ws_livox/src/Livox-SDK2/samples\n'}
[0.378203] (livox_ros_driver2) StdoutLine: {'line': b'-- Found ament_cmake_auto: 1.3.11 (/opt/ros/humble/share/ament_cmake_auto/cmake)\n'}
[0.378415] (livox_sdk2) StdoutLine: {'line': b'-- Configuring done\n'}
[0.387924] (livox_sdk2) StdoutLine: {'line': b'-- Generating done\n'}
[0.388368] (livox_sdk2) StderrLine: {'line': b'\x1b[33mCMake Warning:\n'}
[0.388449] (livox_sdk2) StderrLine: {'line': b'  Manually-specified variables were not used by the project:\n'}
[0.388501] (livox_sdk2) StderrLine: {'line': b'\n'}
[0.388550] (livox_sdk2) StderrLine: {'line': b'    HUMBLE_ROS\n'}
[0.388597] (livox_sdk2) StderrLine: {'line': b'    ROS_EDITION\n'}
[0.388645] (livox_sdk2) StderrLine: {'line': b'\n'}
[0.388698] (livox_sdk2) StderrLine: {'line': b'\x1b[0m\n'}
[0.389938] (livox_sdk2) StdoutLine: {'line': b'-- Build files have been written to: /home/smarthc/ros2_ws/src/Sensor_drivers/ws_livox/build/livox_sdk2\n'}
[0.391867] (livox_sdk2) CommandEnded: {'returncode': 0}
[0.392267] (livox_sdk2) JobProgress: {'identifier': 'livox_sdk2', 'progress': 'build'}
[0.392954] (livox_sdk2) Command: {'cmd': ['/usr/bin/cmake', '--build', '/home/smarthc/ros2_ws/src/Sensor_drivers/ws_livox/build/livox_sdk2'], 'cwd': '/home/smarthc/ros2_ws/src/Sensor_drivers/ws_livox/build/livox_sdk2', 'env': OrderedDict([('GJS_DEBUG_TOPICS', 'JS ERROR;JS LOG'), ('LESSOPEN', '| /usr/bin/lesspipe %s'), ('LANGUAGE', 'en_US:en'), ('USER', 'smarthc'), ('LC_TIME', 'ko_KR.UTF-8'), ('XDG_SESSION_TYPE', 'wayland'), ('SHLVL', '2'), ('LD_LIBRARY_PATH', '/usr/local/lib:/home/smarthc/Downloads/TensorRT-10.10.0.31/lib:/usr/local/cuda/lib64:/home/smarthc/ros2_ws/install/realsense2_camera/lib:/home/smarthc/ros2_ws/install/realsense2_camera_msgs/lib:/home/smarthc/ros2_ws/install/glim_ros/lib:/home/smarthc/ros2_ws/install/glim/lib:/opt/ros/humble/opt/rviz_ogre_vendor/lib:/opt/ros/humble/lib/x86_64-linux-gnu:/opt/ros/humble/lib'), ('HOME', '/home/smarthc'), ('CONDA_SHLVL', '0'), ('OLDPWD', '/home/smarthc/ros2_ws/src/Sensor_drivers/ws_livox/src/livox_ros_driver2'), ('DESKTOP_SESSION', 'ubuntu'), ('GIO_LAUNCHED_DESKTOP_FILE', '/usr/share/applications/terminator.desktop'), ('ROS_PYTHON_VERSION', '3'), ('GNOME_SHELL_SESSION_MODE', 'ubuntu'), ('GTK_MODULES', 'gail:atk-bridge'), ('LC_MONETARY', 'ko_KR.UTF-8'), ('MANAGERPID', '1489'), ('SYSTEMD_EXEC_PID', '1722'), ('MAKEFLAGS', '-j 1'), ('DBUS_SESSION_BUS_ADDRESS', 'unix:path=/run/user/1000/bus'), ('COLORTERM', 'truecolor'), ('_CE_M', ''), ('TERMINATOR_DBUS_NAME', 'net.tenshu.Terminator25ef4b219e3b005583550f2b0f9f990c3'), ('GIO_LAUNCHED_DESKTOP_FILE_PID', '4748'), ('IM_CONFIG_PHASE', '1'), ('WAYLAND_DISPLAY', 'wayland-0'), ('COLCON_PREFIX_PATH', '/home/smarthc/ros2_ws/install'), ('ROS_DISTRO', 'humble'), ('LOGNAME', 'smarthc'), ('JOURNAL_STREAM', '8:5431'), ('_', '/usr/bin/colcon'), ('ROS_VERSION', 'ROS2'), ('XDG_SESSION_CLASS', 'user'), ('USERNAME', 'smarthc'), ('TERM', 'xterm-256color'), ('GNOME_DESKTOP_SESSION_ID', 'this-is-deprecated'), ('_CE_CONDA', ''), ('ROS_LOCALHOST_ONLY', '0'), ('PATH', '/home/smarthc/Downloads/TensorRT-10.10.0.31/bin:/usr/local/cuda/bin:/home/smarthc/anaconda3/condabin:/opt/ros/humble/bin:/home/smarthc/.local/bin:/usr/local/sbin:/usr/local/bin:/usr/sbin:/usr/bin:/sbin:/bin:/usr/games:/usr/local/games:/snap/bin:/snap/bin'), ('SESSION_MANAGER', 'local/smarthc:@/tmp/.ICE-unix/1674,unix/smarthc:/tmp/.ICE-unix/1674'), ('INVOCATION_ID', '2b0b2819e04e4955b08abac0877caa3b'), ('PAPERSIZE', 'a4'), ('XDG_MENU_PREFIX', 'gnome-'), ('LC_ADDRESS', 'ko_KR.UTF-8'), ('GNOME_SETUP_DISPLAY', ':1'), ('XDG_RUNTIME_DIR', '/run/user/1000'), ('DISPLAY', ':0'), ('TERMINATOR_DBUS_PATH', '/net/tenshu/Terminator2'), ('LANG', 'en_US.UTF-8'), ('XDG_CURRENT_DESKTOP', 'ubuntu:GNOME'), ('IBUS_DISABLE_SNOOPER', ''), ('LC_TELEPHONE', 'ko_KR.UTF-8'), ('RMW_IMPLEMENTATION', 'rmw_fastrtps_cpp'), ('XMODIFIERS', '@im=ibus'), ('XDG_SESSION_DESKTOP', 'ubuntu'), ('XAUTHORITY', '/run/user/1000/.mutter-Xwaylandauth.2NUE82'), ('LS_COLORS', 'rs=0:di=01;34:ln=01;36:mh=00:pi=40;33:so=01;35:do=01;35:bd=40;33;01:cd=40;33;01:or=40;31;01:mi=00:su=37;41:sg=30;43:ca=30;41:tw=30;42:ow=34;42:st=37;44:ex=01;32:*.tar=01;31:*.tgz=01;31:*.arc=01;31:*.arj=01;31:*.taz=01;31:*.lha=01;31:*.lz4=01;31:*.lzh=01;31:*.lzma=01;31:*.tlz=01;31:*.txz=01;31:*.tzo=01;31:*.t7z=01;31:*.zip=01;31:*.z=01;31:*.dz=01;31:*.gz=01;31:*.lrz=01;31:*.lz=01;31:*.lzo=01;31:*.xz=01;31:*.zst=01;31:*.tzst=01;31:*.bz2=01;31:*.bz=01;31:*.tbz=01;31:*.tbz2=01;31:*.tz=01;31:*.deb=01;31:*.rpm=01;31:*.jar=01;31:*.war=01;31:*.ear=01;31:*.sar=01;31:*.rar=01;31:*.alz=01;31:*.ace=01;31:*.zoo=01;31:*.cpio=01;31:*.7z=01;31:*.rz=01;31:*.cab=01;31:*.wim=01;31:*.swm=01;31:*.dwm=01;31:*.esd=01;31:*.jpg=01;35:*.jpeg=01;35:*.mjpg=01;35:*.mjpeg=01;35:*.gif=01;35:*.bmp=01;35:*.pbm=01;35:*.pgm=01;35:*.ppm=01;35:*.tga=01;35:*.xbm=01;35:*.xpm=01;35:*.tif=01;35:*.tiff=01;35:*.png=01;35:*.svg=01;35:*.svgz=01;35:*.mng=01;35:*.pcx=01;35:*.mov=01;35:*.mpg=01;35:*.mpeg=01;35:*.m2v=01;35:*.mkv=01;35:*.webm=01;35:*.webp=01;35:*.ogm=01;35:*.mp4=01;35:*.m4v=01;35:*.mp4v=01;35:*.vob=01;35:*.qt=01;35:*.nuv=01;35:*.wmv=01;35:*.asf=01;35:*.rm=01;35:*.rmvb=01;35:*.flc=01;35:*.avi=01;35:*.fli=01;35:*.flv=01;35:*.gl=01;35:*.dl=01;35:*.xcf=01;35:*.xwd=01;35:*.yuv=01;35:*.cgm=01;35:*.emf=01;35:*.ogv=01;35:*.ogx=01;35:*.aac=00;36:*.au=00;36:*.flac=00;36:*.m4a=00;36:*.mid=00;36:*.midi=00;36:*.mka=00;36:*.mp3=00;36:*.mpc=00;36:*.ogg=00;36:*.ra=00;36:*.wav=00;36:*.oga=00;36:*.opus=00;36:*.spx=00;36:*.xspf=00;36:'), ('SSH_AGENT_LAUNCHER', 'gnome-keyring'), ('SSH_AUTH_SOCK', '/run/user/1000/keyring/ssh'), ('ROS_DOMAIN_ID', '0'), ('AMENT_PREFIX_PATH', '/home/smarthc/ros2_ws/install/utils:/home/smarthc/ros2_ws/install/ros2_xsens_mti_driver:/home/smarthc/ros2_ws/install/realsense2_description:/home/smarthc/ros2_ws/install/realsense2_camera:/home/smarthc/ros2_ws/install/realsense2_camera_msgs:/home/smarthc/ros2_ws/install/perception:/home/smarthc/ros2_ws/install/orbslam3:/home/smarthc/ros2_ws/install/object_detection:/home/smarthc/ros2_ws/install/local_pkg:/home/smarthc/ros2_ws/install/lidar_lane:/home/smarthc/ros2_ws/install/lidar:/home/smarthc/ros2_ws/install/glim_ros:/home/smarthc/ros2_ws/install/glim:/home/smarthc/ros2_ws/install/fusion:/home/smarthc/ros2_ws/install/camera:/opt/ros/humble'), ('CONDA_PYTHON_EXE', '/home/smarthc/anaconda3/bin/python'), ('SHELL', '/bin/bash'), ('LC_NAME', 'ko_KR.UTF-8'), ('TERMINATOR_UUID', 'urn:uuid:2be0b91b-ee39-4c42-939f-e09f0b0fd683'), ('QT_ACCESSIBILITY', '1'), ('GDMSESSION', 'ubuntu'), ('LESSCLOSE', '/usr/bin/lesspipe %s %s'), ('LC_MEASUREMENT', 'ko_KR.UTF-8'), ('GJS_DEBUG_OUTPUT', 'stderr'), ('LC_IDENTIFICATION', 'ko_KR.UTF-8'), ('QT_IM_MODULE', 'ibus'), ('PWD', '/home/smarthc/ros2_ws/src/Sensor_drivers/ws_livox/build/livox_sdk2'), ('LC_ALL', 'en_US.UTF-8'), ('XDG_CONFIG_DIRS', '/etc/xdg/xdg-ubuntu:/etc/xdg'), ('CONDA_EXE', '/home/smarthc/anaconda3/bin/conda'), ('XDG_DATA_DIRS', '/usr/share/ubuntu:/usr/local/share/:/usr/share/:/var/lib/snapd/desktop'), ('PYTHONPATH', '/home/smarthc/ros2_ws/build/utils:/home/smarthc/ros2_ws/install/utils/lib/python3.10/site-packages:/home/smarthc/ros2_ws/install/realsense2_camera_msgs/local/lib/python3.10/dist-packages:/home/smarthc/ros2_ws/build/object_detection:/home/smarthc/ros2_ws/install/object_detection/lib/python3.10/site-packages:/home/smarthc/ros2_ws/build/local_pkg:/home/smarthc/ros2_ws/install/local_pkg/lib/python3.10/site-packages:/opt/ros/humble/lib/python3.10/site-packages:/opt/ros/humble/local/lib/python3.10/dist-packages'), ('LC_NUMERIC', 'ko_KR.UTF-8'), ('LC_PAPER', 'ko_KR.UTF-8'), ('COLCON', '1'), ('VTE_VERSION', '6800'), ('CMAKE_PREFIX_PATH', '/home/smarthc/ros2_ws/install/ros2_xsens_mti_driver:/home/smarthc/ros2_ws/install/realsense2_description:/home/smarthc/ros2_ws/install/realsense2_camera:/home/smarthc/ros2_ws/install/realsense2_camera_msgs:/home/smarthc/ros2_ws/install/perception:/home/smarthc/ros2_ws/install/orbslam3:/home/smarthc/ros2_ws/install/lidar_lane:/home/smarthc/ros2_ws/install/lidar:/home/smarthc/ros2_ws/install/glim_ros:/home/smarthc/ros2_ws/install/glim:/home/smarthc/ros2_ws/install/fusion:/home/smarthc/ros2_ws/install/camera')]), 'shell': False}
[0.400521] (-) TimerEvent: {}
[0.431852] (livox_sdk2) StdoutLine: {'line': b'[  1%] \x1b[32mBuilding CXX object sdk_core/CMakeFiles/livox_lidar_sdk_static.dir/__/3rdparty/FastCRC/FastCRCsw.cpp.o\x1b[0m\n'}
[0.496622] (livox_ros_driver2) StdoutLine: {'line': b'-- Found Python3: /usr/bin/python3 (found version "3.10.12") found components: Interpreter \n'}
[0.500599] (-) TimerEvent: {}
[0.501847] (livox_sdk2) StdoutLine: {'line': b'[  2%] \x1b[32mBuilding CXX object sdk_core/CMakeFiles/livox_lidar_sdk_static.dir/device_manager.cpp.o\x1b[0m\n'}
[0.600807] (-) TimerEvent: {}
[0.634630] (livox_ros_driver2) StdoutLine: {'line': b'-- Using all available rosidl_typesupport_c: rosidl_typesupport_fastrtps_c;rosidl_typesupport_introspection_c\n'}
[0.643870] (livox_ros_driver2) StdoutLine: {'line': b'-- Found rosidl_adapter: 3.1.6 (/opt/ros/humble/share/rosidl_adapter/cmake)\n'}
[0.688228] (livox_ros_driver2) StdoutLine: {'line': b'-- Using all available rosidl_typesupport_cpp: rosidl_typesupport_fastrtps_cpp;rosidl_typesupport_introspection_cpp\n'}
[0.701037] (-) TimerEvent: {}
[0.771206] (livox_ros_driver2) StdoutLine: {'line': b'-- Found rmw_implementation_cmake: 6.1.2 (/opt/ros/humble/share/rmw_implementation_cmake/cmake)\n'}
[0.775397] (livox_ros_driver2) StdoutLine: {'line': b'-- Found rmw_fastrtps_cpp: 6.2.7 (/opt/ros/humble/share/rmw_fastrtps_cpp/cmake)\n'}
[0.801255] (-) TimerEvent: {}
[0.859791] (livox_ros_driver2) StdoutLine: {'line': b'-- Found OpenSSL: /usr/lib/x86_64-linux-gnu/libcrypto.so (found version "3.0.2")  \n'}
[0.879255] (livox_ros_driver2) StdoutLine: {'line': b'-- Found FastRTPS: /opt/ros/humble/include  \n'}
[0.901342] (-) TimerEvent: {}
[0.907634] (livox_ros_driver2) StdoutLine: {'line': b"-- Using RMW implementation 'rmw_fastrtps_cpp' as default\n"}
[0.917835] (livox_ros_driver2) StdoutLine: {'line': b'-- Looking for pthread.h\n'}
[0.970849] (livox_ros_driver2) StdoutLine: {'line': b'-- Looking for pthread.h - found\n'}
[0.970968] (livox_ros_driver2) StdoutLine: {'line': b'-- Performing Test CMAKE_HAVE_LIBC_PTHREAD\n'}
[1.001427] (-) TimerEvent: {}
[1.023356] (livox_ros_driver2) StdoutLine: {'line': b'-- Performing Test CMAKE_HAVE_LIBC_PTHREAD - Success\n'}
[1.024148] (livox_ros_driver2) StdoutLine: {'line': b'-- Found Threads: TRUE  \n'}
[1.101602] (-) TimerEvent: {}
[1.147150] (livox_ros_driver2) StdoutLine: {'line': b"-- Checking for module 'eigen3'\n"}
[1.157476] (livox_ros_driver2) StdoutLine: {'line': b'--   Found eigen3, version 3.4.0\n'}
[1.182286] (livox_ros_driver2) StdoutLine: {'line': b'-- Found Eigen: /usr/include/eigen3 (Required is at least version "3.1") \n'}
[1.182416] (livox_ros_driver2) StdoutLine: {'line': b'-- Eigen found (include: /usr/include/eigen3, version: 3.4.0)\n'}
[1.201749] (-) TimerEvent: {}
[1.220220] (livox_ros_driver2) StdoutLine: {'line': b"-- Checking for module 'flann'\n"}
[1.231217] (livox_ros_driver2) StdoutLine: {'line': b'--   Found flann, version 1.9.1\n'}
[1.260591] (livox_ros_driver2) StdoutLine: {'line': b'-- Found FLANN: /usr/lib/x86_64-linux-gnu/libflann_cpp.so  \n'}
[1.260754] (livox_ros_driver2) StdoutLine: {'line': b'-- FLANN found (include: /usr/include, lib: /usr/lib/x86_64-linux-gnu/libflann_cpp.so)\n'}
[1.301882] (-) TimerEvent: {}
[1.402204] (-) TimerEvent: {}
[1.502521] (-) TimerEvent: {}
[1.602798] (-) TimerEvent: {}
[1.703090] (-) TimerEvent: {}
[1.803343] (-) TimerEvent: {}
[1.903609] (-) TimerEvent: {}
[1.966631] (livox_ros_driver2) StdoutLine: {'line': b"-- Checking for module 'libusb-1.0'\n"}
[1.977010] (livox_ros_driver2) StdoutLine: {'line': b'--   Found libusb-1.0, version 1.0.25\n'}
[2.003041] (livox_ros_driver2) StdoutLine: {'line': b'-- Found libusb: /usr/lib/x86_64-linux-gnu/libusb-1.0.so  \n'}
[2.003704] (-) TimerEvent: {}
[2.003919] (livox_ros_driver2) StdoutLine: {'line': b'-- OpenNI found (version: 1.5.4.0, include: /usr/include/ni, lib: /usr/lib/libOpenNI.so;libusb::libusb)\n'}
[2.043093] (livox_ros_driver2) StdoutLine: {'line': b'-- OpenNI2 found (version: 2.2.0.33, include: /usr/include/openni2, lib: /usr/lib/x86_64-linux-gnu/libOpenNI2.so;libusb::libusb)\n'}
[2.103891] (-) TimerEvent: {}
[2.132026] (livox_ros_driver2) StdoutLine: {'line': b'-- Eigen found (include: /usr/include/eigen3, version: 3.4.0)\n'}
[2.136235] (livox_ros_driver2) StdoutLine: {'line': b'-- OpenNI found (version: 1.5.4.0, include: /usr/include/ni, lib: /usr/lib/libOpenNI.so;libusb::libusb)\n'}
[2.140326] (livox_ros_driver2) StdoutLine: {'line': b'-- OpenNI2 found (version: 2.2.0.33, include: /usr/include/openni2, lib: /usr/lib/x86_64-linux-gnu/libOpenNI2.so;libusb::libusb)\n'}
[2.204081] (-) TimerEvent: {}
[2.229497] (livox_ros_driver2) StdoutLine: {'line': b'-- Found Qhull version 8.0.2\n'}
[2.299556] (livox_sdk2) StdoutLine: {'line': b'[  3%] \x1b[32mBuilding CXX object sdk_core/CMakeFiles/livox_lidar_sdk_static.dir/livox_lidar_sdk.cpp.o\x1b[0m\n'}
[2.304153] (-) TimerEvent: {}
[2.309574] (livox_ros_driver2) StdoutLine: {'line': b'-- OpenNI found (version: 1.5.4.0, include: /usr/include/ni, lib: /usr/lib/libOpenNI.so;libusb::libusb)\n'}
[2.389142] (livox_ros_driver2) StdoutLine: {'line': b'-- Found PCL_COMMON: /usr/lib/x86_64-linux-gnu/libpcl_common.so  \n'}
[2.389697] (livox_ros_driver2) StdoutLine: {'line': b'-- Found PCL_KDTREE: /usr/lib/x86_64-linux-gnu/libpcl_kdtree.so  \n'}
[2.390051] (livox_ros_driver2) StdoutLine: {'line': b'-- Found PCL_OCTREE: /usr/lib/x86_64-linux-gnu/libpcl_octree.so  \n'}
[2.390472] (livox_ros_driver2) StdoutLine: {'line': b'-- Found PCL_SEARCH: /usr/lib/x86_64-linux-gnu/libpcl_search.so  \n'}
[2.390940] (livox_ros_driver2) StdoutLine: {'line': b'-- Found PCL_SAMPLE_CONSENSUS: /usr/lib/x86_64-linux-gnu/libpcl_sample_consensus.so  \n'}
[2.391203] (livox_ros_driver2) StdoutLine: {'line': b'-- Found PCL_FILTERS: /usr/lib/x86_64-linux-gnu/libpcl_filters.so  \n'}
[2.391516] (livox_ros_driver2) StdoutLine: {'line': b'-- Found PCL_2D: /usr/include/pcl-1.12  \n'}
[2.391724] (livox_ros_driver2) StdoutLine: {'line': b'-- Found PCL_GEOMETRY: /usr/include/pcl-1.12  \n'}
[2.392188] (livox_ros_driver2) StdoutLine: {'line': b'-- Found PCL_IO: /usr/lib/x86_64-linux-gnu/libpcl_io.so  \n'}
[2.392689] (livox_ros_driver2) StdoutLine: {'line': b'-- Found PCL_FEATURES: /usr/lib/x86_64-linux-gnu/libpcl_features.so  \n'}
[2.393229] (livox_ros_driver2) StdoutLine: {'line': b'-- Found PCL_ML: /usr/lib/x86_64-linux-gnu/libpcl_ml.so  \n'}
[2.393526] (livox_ros_driver2) StdoutLine: {'line': b'-- Found PCL_SEGMENTATION: /usr/lib/x86_64-linux-gnu/libpcl_segmentation.so  \n'}
[2.394086] (livox_ros_driver2) StdoutLine: {'line': b'-- Found PCL_VISUALIZATION: /usr/lib/x86_64-linux-gnu/libpcl_visualization.so  \n'}
[2.394593] (livox_ros_driver2) StdoutLine: {'line': b'-- Found PCL_SURFACE: /usr/lib/x86_64-linux-gnu/libpcl_surface.so  \n'}
[2.394928] (livox_ros_driver2) StdoutLine: {'line': b'-- Found PCL_REGISTRATION: /usr/lib/x86_64-linux-gnu/libpcl_registration.so  \n'}
[2.395492] (livox_ros_driver2) StdoutLine: {'line': b'-- Found PCL_KEYPOINTS: /usr/lib/x86_64-linux-gnu/libpcl_keypoints.so  \n'}
[2.395907] (livox_ros_driver2) StdoutLine: {'line': b'-- Found PCL_TRACKING: /usr/lib/x86_64-linux-gnu/libpcl_tracking.so  \n'}
[2.396324] (livox_ros_driver2) StdoutLine: {'line': b'-- Found PCL_RECOGNITION: /usr/lib/x86_64-linux-gnu/libpcl_recognition.so  \n'}
[2.396973] (livox_ros_driver2) StdoutLine: {'line': b'-- Found PCL_STEREO: /usr/lib/x86_64-linux-gnu/libpcl_stereo.so  \n'}
[2.397411] (livox_ros_driver2) StdoutLine: {'line': b'-- Found PCL_APPS: /usr/lib/x86_64-linux-gnu/libpcl_apps.so  \n'}
[2.397710] (livox_ros_driver2) StdoutLine: {'line': b'-- Found PCL_IN_HAND_SCANNER: /usr/include/pcl-1.12  \n'}
[2.397880] (livox_ros_driver2) StdoutLine: {'line': b'-- Found PCL_MODELER: /usr/include/pcl-1.12  \n'}
[2.398114] (livox_ros_driver2) StdoutLine: {'line': b'-- Found PCL_POINT_CLOUD_EDITOR: /usr/include/pcl-1.12  \n'}
[2.398592] (livox_ros_driver2) StdoutLine: {'line': b'-- Found PCL_OUTOFCORE: /usr/lib/x86_64-linux-gnu/libpcl_outofcore.so  \n'}
[2.399093] (livox_ros_driver2) StdoutLine: {'line': b'-- Found PCL_PEOPLE: /usr/lib/x86_64-linux-gnu/libpcl_people.so  \n'}
[2.404267] (-) TimerEvent: {}
[2.426677] (livox_ros_driver2) StdoutLine: {'line': b'-- Found PkgConfig: /usr/bin/pkg-config (found version "0.29.2") \n'}
[2.427329] (livox_ros_driver2) StdoutLine: {'line': b"-- Checking for module 'apr-1'\n"}
[2.439364] (livox_ros_driver2) StdoutLine: {'line': b'--   Found apr-1, version 1.7.0\n'}
[2.466033] (livox_ros_driver2) StderrLine: {'line': b'\x1b[0m/usr/include/apr-1.0\x1b[0m\n'}
[2.466149] (livox_ros_driver2) StderrLine: {'line': b'\x1b[0mapr-1\x1b[0m\n'}
[2.504400] (-) TimerEvent: {}
[2.604665] (-) TimerEvent: {}
[2.605590] (livox_ros_driver2) StdoutLine: {'line': b'-- Found ament_cmake_ros: 0.10.0 (/opt/ros/humble/share/ament_cmake_ros/cmake)\n'}
[2.704741] (-) TimerEvent: {}
[2.741784] (livox_ros_driver2) StdoutLine: {'line': b'-- Using all available rosidl_typesupport_c: rosidl_typesupport_fastrtps_c;rosidl_typesupport_introspection_c\n'}
[2.804933] (-) TimerEvent: {}
[2.905236] (-) TimerEvent: {}
[2.931538] (livox_ros_driver2) StdoutLine: {'line': b'-- Using all available rosidl_typesupport_cpp: rosidl_typesupport_fastrtps_cpp;rosidl_typesupport_introspection_cpp\n'}
[2.946168] (livox_ros_driver2) StdoutLine: {'line': b'-- Found PythonInterp: /usr/bin/python3 (found suitable version "3.10.12", minimum required is "3.6") \n'}
[2.966877] (livox_ros_driver2) StdoutLine: {'line': b'-- Found python_cmake_module: 0.10.0 (/opt/ros/humble/share/python_cmake_module/cmake)\n'}
[2.983183] (livox_ros_driver2) StdoutLine: {'line': b'-- Found PythonLibs: /usr/lib/x86_64-linux-gnu/libpython3.10.so (found suitable version "3.10.12", minimum required is "3.5") \n'}
[2.983298] (livox_ros_driver2) StdoutLine: {'line': b'-- Using PYTHON_EXECUTABLE: /usr/bin/python3\n'}
[2.983335] (livox_ros_driver2) StdoutLine: {'line': b'-- Using PYTHON_INCLUDE_DIRS: /usr/include/python3.10\n'}
[2.983365] (livox_ros_driver2) StdoutLine: {'line': b'-- Using PYTHON_LIBRARIES: /usr/lib/x86_64-linux-gnu/libpython3.10.so\n'}
[2.998118] (livox_ros_driver2) StdoutLine: {'line': b'-- Found PythonExtra: .so  \n'}
[3.005358] (-) TimerEvent: {}
[3.028763] (livox_ros_driver2) StderrLine: {'line': b'\x1b[31mCMake Error at CMakeLists.txt:249 (find_library):\n'}
[3.028889] (livox_ros_driver2) StderrLine: {'line': b'  Could not find LIVOX_LIDAR_SDK_LIBRARY using the following names:\n'}
[3.028918] (livox_ros_driver2) StderrLine: {'line': b'  liblivox_lidar_sdk_shared.so, /usr/local/lib\n'}
[3.028941] (livox_ros_driver2) StderrLine: {'line': b'\n'}
[3.028963] (livox_ros_driver2) StderrLine: {'line': b'\x1b[0m\n'}
[3.028989] (livox_ros_driver2) StdoutLine: {'line': b'-- Configuring incomplete, errors occurred!\n'}
[3.029016] (livox_ros_driver2) StdoutLine: {'line': b'See also "/home/smarthc/ros2_ws/src/Sensor_drivers/ws_livox/build/livox_ros_driver2/CMakeFiles/CMakeOutput.log".\n'}
[3.039030] (livox_ros_driver2) CommandEnded: {'returncode': 1}
[3.054606] (livox_ros_driver2) JobEnded: {'identifier': 'livox_ros_driver2', 'rc': 1}
[3.105559] (-) TimerEvent: {}
[3.205875] (-) TimerEvent: {}
[3.306163] (-) TimerEvent: {}
[3.406491] (-) TimerEvent: {}
[3.444712] (livox_sdk2) StdoutLine: {'line': b'[  4%] \x1b[32mBuilding CXX object sdk_core/CMakeFiles/livox_lidar_sdk_static.dir/params_check.cpp.o\x1b[0m\n'}
[3.506724] (-) TimerEvent: {}
[3.607074] (-) TimerEvent: {}
[3.707416] (-) TimerEvent: {}
[3.807741] (-) TimerEvent: {}
[3.908047] (-) TimerEvent: {}
[4.008259] (-) TimerEvent: {}
[4.108556] (-) TimerEvent: {}
[4.208881] (-) TimerEvent: {}
[4.309178] (-) TimerEvent: {}
[4.409558] (-) TimerEvent: {}
[4.484192] (livox_sdk2) StdoutLine: {'line': b'[  6%] \x1b[32mBuilding CXX object sdk_core/CMakeFiles/livox_lidar_sdk_static.dir/parse_cfg_file.cpp.o\x1b[0m\n'}
[4.509638] (-) TimerEvent: {}
[4.609881] (-) TimerEvent: {}
[4.710102] (-) TimerEvent: {}
[4.810377] (-) TimerEvent: {}
[4.910743] (-) TimerEvent: {}
[5.011042] (-) TimerEvent: {}
[5.111269] (-) TimerEvent: {}
[5.211480] (-) TimerEvent: {}
[5.311718] (-) TimerEvent: {}
[5.412014] (-) TimerEvent: {}
[5.512355] (-) TimerEvent: {}
[5.612654] (-) TimerEvent: {}
[5.710169] (livox_sdk2) StdoutLine: {'line': b'[  7%] \x1b[32mBuilding CXX object sdk_core/CMakeFiles/livox_lidar_sdk_static.dir/upgrade_manager.cpp.o\x1b[0m\n'}
[5.712693] (-) TimerEvent: {}
[5.812891] (-) TimerEvent: {}
[5.910952] (livox_sdk2) StdoutLine: {'line': b'[  8%] \x1b[32mBuilding CXX object sdk_core/CMakeFiles/livox_lidar_sdk_static.dir/base/io_loop.cpp.o\x1b[0m\n'}
[5.912981] (-) TimerEvent: {}
[6.013180] (-) TimerEvent: {}
[6.113411] (-) TimerEvent: {}
[6.213632] (-) TimerEvent: {}
[6.313834] (-) TimerEvent: {}
[6.414150] (-) TimerEvent: {}
[6.514373] (-) TimerEvent: {}
[6.614610] (-) TimerEvent: {}
[6.714839] (-) TimerEvent: {}
[6.815061] (-) TimerEvent: {}
[6.915355] (-) TimerEvent: {}
[6.970530] (livox_sdk2) StdoutLine: {'line': b'[  9%] \x1b[32mBuilding CXX object sdk_core/CMakeFiles/livox_lidar_sdk_static.dir/base/thread_base.cpp.o\x1b[0m\n'}
[7.015452] (-) TimerEvent: {}
[7.115666] (-) TimerEvent: {}
[7.143696] (livox_sdk2) StdoutLine: {'line': b'[ 10%] \x1b[32mBuilding CXX object sdk_core/CMakeFiles/livox_lidar_sdk_static.dir/base/io_thread.cpp.o\x1b[0m\n'}
[7.215799] (-) TimerEvent: {}
[7.315995] (-) TimerEvent: {}
[7.359005] (livox_sdk2) StdoutLine: {'line': b'[ 12%] \x1b[32mBuilding CXX object sdk_core/CMakeFiles/livox_lidar_sdk_static.dir/base/logging.cpp.o\x1b[0m\n'}
[7.416203] (-) TimerEvent: {}
[7.516423] (-) TimerEvent: {}
[7.616649] (-) TimerEvent: {}
[7.716943] (-) TimerEvent: {}
[7.817296] (-) TimerEvent: {}
[7.917494] (-) TimerEvent: {}
[8.017692] (-) TimerEvent: {}
[8.117947] (-) TimerEvent: {}
[8.218279] (-) TimerEvent: {}
[8.318710] (-) TimerEvent: {}
[8.419035] (-) TimerEvent: {}
[8.519362] (-) TimerEvent: {}
[8.619689] (-) TimerEvent: {}
[8.720047] (-) TimerEvent: {}
[8.820394] (-) TimerEvent: {}
[8.861977] (livox_sdk2) StdoutLine: {'line': b'[ 13%] \x1b[32mBuilding CXX object sdk_core/CMakeFiles/livox_lidar_sdk_static.dir/base/network/unix/network_util.cpp.o\x1b[0m\n'}
[8.920558] (-) TimerEvent: {}
[8.944024] (livox_sdk2) StdoutLine: {'line': b'[ 14%] \x1b[32mBuilding CXX object sdk_core/CMakeFiles/livox_lidar_sdk_static.dir/base/multiple_io/multiple_io_base.cpp.o\x1b[0m\n'}
[9.020744] (-) TimerEvent: {}
[9.066867] (livox_sdk2) StdoutLine: {'line': b'[ 15%] \x1b[32mBuilding CXX object sdk_core/CMakeFiles/livox_lidar_sdk_static.dir/base/multiple_io/multiple_io_epoll.cpp.o\x1b[0m\n'}
[9.120924] (-) TimerEvent: {}
[9.215331] (livox_sdk2) StdoutLine: {'line': b'[ 16%] \x1b[32mBuilding CXX object sdk_core/CMakeFiles/livox_lidar_sdk_static.dir/base/multiple_io/multiple_io_poll.cpp.o\x1b[0m\n'}
[9.220985] (-) TimerEvent: {}
[9.307513] (livox_sdk2) StdoutLine: {'line': b'[ 18%] \x1b[32mBuilding CXX object sdk_core/CMakeFiles/livox_lidar_sdk_static.dir/base/multiple_io/multiple_io_select.cpp.o\x1b[0m\n'}
[9.321156] (-) TimerEvent: {}
[9.395791] (livox_sdk2) StdoutLine: {'line': b'[ 19%] \x1b[32mBuilding CXX object sdk_core/CMakeFiles/livox_lidar_sdk_static.dir/base/multiple_io/multiple_io_kqueue.cpp.o\x1b[0m\n'}
[9.421321] (-) TimerEvent: {}
[9.485105] (livox_sdk2) StdoutLine: {'line': b'[ 20%] \x1b[32mBuilding CXX object sdk_core/CMakeFiles/livox_lidar_sdk_static.dir/base/wake_up/unix/wake_up_pipe.cpp.o\x1b[0m\n'}
[9.520103] (livox_sdk2) StdoutLine: {'line': b'[ 21%] \x1b[32mBuilding CXX object sdk_core/CMakeFiles/livox_lidar_sdk_static.dir/comm/comm_port.cpp.o\x1b[0m\n'}
[9.521390] (-) TimerEvent: {}
[9.621581] (-) TimerEvent: {}
[9.632605] (livox_sdk2) StdoutLine: {'line': b'[ 22%] \x1b[32mBuilding CXX object sdk_core/CMakeFiles/livox_lidar_sdk_static.dir/comm/sdk_protocol.cpp.o\x1b[0m\n'}
[9.666970] (livox_sdk2) StdoutLine: {'line': b'[ 24%] \x1b[32mBuilding CXX object sdk_core/CMakeFiles/livox_lidar_sdk_static.dir/comm/generate_seq.cpp.o\x1b[0m\n'}
[9.721668] (-) TimerEvent: {}
[9.746852] (livox_sdk2) StdoutLine: {'line': b'[ 25%] \x1b[32mBuilding CXX object sdk_core/CMakeFiles/livox_lidar_sdk_static.dir/upgrade/firmware.cpp.o\x1b[0m\n'}
[9.821847] (-) TimerEvent: {}
[9.863574] (livox_sdk2) StdoutLine: {'line': b'[ 26%] \x1b[32mBuilding CXX object sdk_core/CMakeFiles/livox_lidar_sdk_static.dir/upgrade/livox_lidar_upgrader.cpp.o\x1b[0m\n'}
[9.922014] (-) TimerEvent: {}
[10.022309] (-) TimerEvent: {}
[10.122655] (-) TimerEvent: {}
[10.154556] (livox_sdk2) StdoutLine: {'line': b'[ 27%] \x1b[32mBuilding CXX object sdk_core/CMakeFiles/livox_lidar_sdk_static.dir/logger_handler/logger_manager.cpp.o\x1b[0m\n'}
[10.222734] (-) TimerEvent: {}
[10.322964] (-) TimerEvent: {}
[10.423304] (-) TimerEvent: {}
[10.523597] (-) TimerEvent: {}
[10.623833] (-) TimerEvent: {}
[10.724126] (-) TimerEvent: {}
[10.824385] (-) TimerEvent: {}
[10.924659] (-) TimerEvent: {}
[11.024966] (-) TimerEvent: {}
[11.125272] (-) TimerEvent: {}
[11.225478] (-) TimerEvent: {}
[11.325713] (-) TimerEvent: {}
[11.425943] (-) TimerEvent: {}
[11.477044] (livox_sdk2) StdoutLine: {'line': b'[ 28%] \x1b[32mBuilding CXX object sdk_core/CMakeFiles/livox_lidar_sdk_static.dir/logger_handler/logger_handler.cpp.o\x1b[0m\n'}
[11.526064] (-) TimerEvent: {}
[11.626311] (-) TimerEvent: {}
[11.726525] (-) TimerEvent: {}
[11.826762] (-) TimerEvent: {}
[11.926973] (-) TimerEvent: {}
[12.027291] (-) TimerEvent: {}
[12.127592] (-) TimerEvent: {}
[12.227918] (-) TimerEvent: {}
[12.328224] (-) TimerEvent: {}
[12.428576] (-) TimerEvent: {}
[12.528821] (-) TimerEvent: {}
[12.629100] (-) TimerEvent: {}
[12.725707] (livox_sdk2) StdoutLine: {'line': b'[ 30%] \x1b[32mBuilding CXX object sdk_core/CMakeFiles/livox_lidar_sdk_static.dir/logger_handler/file_manager.cpp.o\x1b[0m\n'}
[12.729204] (-) TimerEvent: {}
[12.829490] (-) TimerEvent: {}
[12.929808] (-) TimerEvent: {}
[13.030102] (-) TimerEvent: {}
[13.130414] (-) TimerEvent: {}
[13.230710] (-) TimerEvent: {}
[13.330972] (-) TimerEvent: {}
[13.431307] (-) TimerEvent: {}
[13.531649] (-) TimerEvent: {}
[13.631975] (-) TimerEvent: {}
[13.661932] (livox_sdk2) StdoutLine: {'line': b'[ 31%] \x1b[32mBuilding CXX object sdk_core/CMakeFiles/livox_lidar_sdk_static.dir/data_handler/data_handler.cpp.o\x1b[0m\n'}
[13.732147] (-) TimerEvent: {}
[13.832472] (-) TimerEvent: {}
[13.932783] (-) TimerEvent: {}
[14.033084] (-) TimerEvent: {}
[14.133380] (-) TimerEvent: {}
[14.233695] (-) TimerEvent: {}
[14.334004] (-) TimerEvent: {}
[14.434303] (-) TimerEvent: {}
[14.534631] (-) TimerEvent: {}
[14.617580] (livox_sdk2) StdoutLine: {'line': b'[ 32%] \x1b[32mBuilding CXX object sdk_core/CMakeFiles/livox_lidar_sdk_static.dir/command_handler/command_impl.cpp.o\x1b[0m\n'}
[14.634782] (-) TimerEvent: {}
[14.735030] (-) TimerEvent: {}
[14.835319] (-) TimerEvent: {}
[14.935632] (-) TimerEvent: {}
[15.035946] (-) TimerEvent: {}
[15.136263] (-) TimerEvent: {}
[15.236574] (-) TimerEvent: {}
[15.336902] (-) TimerEvent: {}
[15.437209] (-) TimerEvent: {}
[15.537515] (-) TimerEvent: {}
[15.637836] (-) TimerEvent: {}
[15.738168] (-) TimerEvent: {}
[15.778551] (livox_sdk2) StdoutLine: {'line': b'[ 33%] \x1b[32mBuilding CXX object sdk_core/CMakeFiles/livox_lidar_sdk_static.dir/command_handler/general_command_handler.cpp.o\x1b[0m\n'}
[15.838342] (-) TimerEvent: {}
[15.938632] (-) TimerEvent: {}
[16.038954] (-) TimerEvent: {}
[16.139259] (-) TimerEvent: {}
[16.239584] (-) TimerEvent: {}
[16.339884] (-) TimerEvent: {}
[16.440206] (-) TimerEvent: {}
[16.540458] (-) TimerEvent: {}
[16.640792] (-) TimerEvent: {}
[16.741116] (-) TimerEvent: {}
[16.841487] (-) TimerEvent: {}
[16.941733] (-) TimerEvent: {}
[17.041967] (-) TimerEvent: {}
[17.142201] (-) TimerEvent: {}
[17.242590] (-) TimerEvent: {}
[17.243314] (livox_sdk2) StdoutLine: {'line': b'[ 34%] \x1b[32mBuilding CXX object sdk_core/CMakeFiles/livox_lidar_sdk_static.dir/command_handler/hap_command_handler.cpp.o\x1b[0m\n'}
[17.342747] (-) TimerEvent: {}
[17.443050] (-) TimerEvent: {}
[17.543380] (-) TimerEvent: {}
[17.643692] (-) TimerEvent: {}
[17.680408] (livox_sdk2) StderrLine: {'line': b'In file included from \x1b[01m\x1b[K/home/smarthc/ros2_ws/src/Sensor_drivers/ws_livox/src/Livox-SDK2/sdk_core/../3rdparty/rapidjson/stream.h:19\x1b[m\x1b[K,\n'}
[17.680518] (livox_sdk2) StderrLine: {'line': b'                 from \x1b[01m\x1b[K/home/smarthc/ros2_ws/src/Sensor_drivers/ws_livox/src/Livox-SDK2/sdk_core/../3rdparty/rapidjson/memorystream.h:22\x1b[m\x1b[K,\n'}
[17.680547] (livox_sdk2) StderrLine: {'line': b'                 from \x1b[01m\x1b[K/home/smarthc/ros2_ws/src/Sensor_drivers/ws_livox/src/Livox-SDK2/sdk_core/../3rdparty/rapidjson/encodedstream.h:22\x1b[m\x1b[K,\n'}
[17.680573] (livox_sdk2) StderrLine: {'line': b'                 from \x1b[01m\x1b[K/home/smarthc/ros2_ws/src/Sensor_drivers/ws_livox/src/Livox-SDK2/sdk_core/../3rdparty/rapidjson/document.h:26\x1b[m\x1b[K,\n'}
[17.680596] (livox_sdk2) StderrLine: {'line': b'                 from \x1b[01m\x1b[K/home/smarthc/ros2_ws/src/Sensor_drivers/ws_livox/src/Livox-SDK2/sdk_core/command_handler/parse_lidar_state_info.h:38\x1b[m\x1b[K,\n'}
[17.680617] (livox_sdk2) StderrLine: {'line': b'                 from \x1b[01m\x1b[K/home/smarthc/ros2_ws/src/Sensor_drivers/ws_livox/src/Livox-SDK2/sdk_core/command_handler/hap_command_handler.cpp:37\x1b[m\x1b[K:\n'}
[17.680637] (livox_sdk2) StderrLine: {'line': b'\x1b[01m\x1b[K/home/smarthc/ros2_ws/src/Sensor_drivers/ws_livox/src/Livox-SDK2/sdk_core/../3rdparty/rapidjson/rapidjson.h:542:29:\x1b[m\x1b[K \x1b[01;35m\x1b[Kwarning: \x1b[m\x1b[Kunknown option after \xe2\x80\x98\x1b[01m\x1b[K#pragma GCC diagnostic\x1b[m\x1b[K\xe2\x80\x99 kind [\x1b[01;35m\x1b[K\x1b]8;;https://gcc.gnu.org/onlinedocs/gcc/Warning-Options.html#index-Wpragmas\x07-Wpragmas\x1b]8;;\x07\x1b[m\x1b[K]\n'}
[17.680660] (livox_sdk2) StderrLine: {'line': b'  542 | #define RAPIDJSON_PRAGMA(x) \x1b[01;35m\x1b[K_Pragma\x1b[m\x1b[K(RAPIDJSON_STRINGIFY(x))\n'}
[17.680680] (livox_sdk2) StderrLine: {'line': b'      |                             \x1b[01;35m\x1b[K^~~~~~~\x1b[m\x1b[K\n'}
[17.680699] (livox_sdk2) StderrLine: {'line': b'\x1b[01m\x1b[K/home/smarthc/ros2_ws/src/Sensor_drivers/ws_livox/src/Livox-SDK2/sdk_core/../3rdparty/rapidjson/rapidjson.h:543:34:\x1b[m\x1b[K \x1b[01;36m\x1b[Knote: \x1b[m\x1b[Kin expansion of macro \xe2\x80\x98\x1b[01m\x1b[KRAPIDJSON_PRAGMA\x1b[m\x1b[K\xe2\x80\x99\n'}
[17.680720] (livox_sdk2) StderrLine: {'line': b'  543 | #define RAPIDJSON_DIAG_PRAGMA(x) \x1b[01;36m\x1b[KRAPIDJSON_PRAGMA\x1b[m\x1b[K(GCC diagnostic x)\n'}
[17.680740] (livox_sdk2) StderrLine: {'line': b'      |                                  \x1b[01;36m\x1b[K^~~~~~~~~~~~~~~~\x1b[m\x1b[K\n'}
[17.680760] (livox_sdk2) StderrLine: {'line': b'\x1b[01m\x1b[K/home/smarthc/ros2_ws/src/Sensor_drivers/ws_livox/src/Livox-SDK2/sdk_core/../3rdparty/rapidjson/rapidjson.h:545:3:\x1b[m\x1b[K \x1b[01;36m\x1b[Knote: \x1b[m\x1b[Kin expansion of macro \xe2\x80\x98\x1b[01m\x1b[KRAPIDJSON_DIAG_PRAGMA\x1b[m\x1b[K\xe2\x80\x99\n'}
[17.680787] (livox_sdk2) StderrLine: {'line': b'  545 |   \x1b[01;36m\x1b[KRAPIDJSON_DIAG_PRAGMA\x1b[m\x1b[K(ignored RAPIDJSON_STRINGIFY(RAPIDJSON_JOIN(-W, x)))\n'}
[17.680807] (livox_sdk2) StderrLine: {'line': b'      |   \x1b[01;36m\x1b[K^~~~~~~~~~~~~~~~~~~~~\x1b[m\x1b[K\n'}
[17.680826] (livox_sdk2) StderrLine: {'line': b'\x1b[01m\x1b[K/home/smarthc/ros2_ws/src/Sensor_drivers/ws_livox/src/Livox-SDK2/sdk_core/../3rdparty/rapidjson/internal/dtoa.h:36:1:\x1b[m\x1b[K \x1b[01;36m\x1b[Knote: \x1b[m\x1b[Kin expansion of macro \xe2\x80\x98\x1b[01m\x1b[KRAPIDJSON_DIAG_OFF\x1b[m\x1b[K\xe2\x80\x99\n'}
[17.680846] (livox_sdk2) StderrLine: {'line': b'   36 | \x1b[01;36m\x1b[KRAPIDJSON_DIAG_OFF\x1b[m\x1b[K(array - bounds)  // some gcc versions generate wrong warnings\n'}
[17.680865] (livox_sdk2) StderrLine: {'line': b'      | \x1b[01;36m\x1b[K^~~~~~~~~~~~~~~~~~\x1b[m\x1b[K\n'}
[17.682351] (livox_sdk2) StderrLine: {'line': b'\x1b[01m\x1b[K/home/smarthc/ros2_ws/src/Sensor_drivers/ws_livox/src/Livox-SDK2/sdk_core/../3rdparty/rapidjson/rapidjson.h:542:29:\x1b[m\x1b[K \x1b[01;36m\x1b[Knote: \x1b[m\x1b[Kdid you mean \xe2\x80\x98\x1b[01m\x1b[K-Warray-bounds\x1b[m\x1b[K\xe2\x80\x99?\n'}
[17.682411] (livox_sdk2) StderrLine: {'line': b'  542 | #define RAPIDJSON_PRAGMA(x) \x1b[01;36m\x1b[K_Pragma\x1b[m\x1b[K(RAPIDJSON_STRINGIFY(x))\n'}
[17.682437] (livox_sdk2) StderrLine: {'line': b'      |                             \x1b[01;36m\x1b[K^~~~~~~\x1b[m\x1b[K\n'}
[17.682459] (livox_sdk2) StderrLine: {'line': b'\x1b[01m\x1b[K/home/smarthc/ros2_ws/src/Sensor_drivers/ws_livox/src/Livox-SDK2/sdk_core/../3rdparty/rapidjson/rapidjson.h:543:34:\x1b[m\x1b[K \x1b[01;36m\x1b[Knote: \x1b[m\x1b[Kin expansion of macro \xe2\x80\x98\x1b[01m\x1b[KRAPIDJSON_PRAGMA\x1b[m\x1b[K\xe2\x80\x99\n'}
[17.682481] (livox_sdk2) StderrLine: {'line': b'  543 | #define RAPIDJSON_DIAG_PRAGMA(x) \x1b[01;36m\x1b[KRAPIDJSON_PRAGMA\x1b[m\x1b[K(GCC diagnostic x)\n'}
[17.682502] (livox_sdk2) StderrLine: {'line': b'      |                                  \x1b[01;36m\x1b[K^~~~~~~~~~~~~~~~\x1b[m\x1b[K\n'}
[17.682523] (livox_sdk2) StderrLine: {'line': b'\x1b[01m\x1b[K/home/smarthc/ros2_ws/src/Sensor_drivers/ws_livox/src/Livox-SDK2/sdk_core/../3rdparty/rapidjson/rapidjson.h:545:3:\x1b[m\x1b[K \x1b[01;36m\x1b[Knote: \x1b[m\x1b[Kin expansion of macro \xe2\x80\x98\x1b[01m\x1b[KRAPIDJSON_DIAG_PRAGMA\x1b[m\x1b[K\xe2\x80\x99\n'}
[17.682543] (livox_sdk2) StderrLine: {'line': b'  545 |   \x1b[01;36m\x1b[KRAPIDJSON_DIAG_PRAGMA\x1b[m\x1b[K(ignored RAPIDJSON_STRINGIFY(RAPIDJSON_JOIN(-W, x)))\n'}
[17.682564] (livox_sdk2) StderrLine: {'line': b'      |   \x1b[01;36m\x1b[K^~~~~~~~~~~~~~~~~~~~~\x1b[m\x1b[K\n'}
[17.682588] (livox_sdk2) StderrLine: {'line': b'\x1b[01m\x1b[K/home/smarthc/ros2_ws/src/Sensor_drivers/ws_livox/src/Livox-SDK2/sdk_core/../3rdparty/rapidjson/internal/dtoa.h:36:1:\x1b[m\x1b[K \x1b[01;36m\x1b[Knote: \x1b[m\x1b[Kin expansion of macro \xe2\x80\x98\x1b[01m\x1b[KRAPIDJSON_DIAG_OFF\x1b[m\x1b[K\xe2\x80\x99\n'}
[17.682609] (livox_sdk2) StderrLine: {'line': b'   36 | \x1b[01;36m\x1b[KRAPIDJSON_DIAG_OFF\x1b[m\x1b[K(array - bounds)  // some gcc versions generate wrong warnings\n'}
[17.682629] (livox_sdk2) StderrLine: {'line': b'      | \x1b[01;36m\x1b[K^~~~~~~~~~~~~~~~~~\x1b[m\x1b[K\n'}
[17.743890] (-) TimerEvent: {}
[17.844187] (-) TimerEvent: {}
[17.944428] (-) TimerEvent: {}
[18.044752] (-) TimerEvent: {}
[18.145019] (-) TimerEvent: {}
[18.245335] (-) TimerEvent: {}
[18.345662] (-) TimerEvent: {}
[18.445981] (-) TimerEvent: {}
[18.457344] (livox_sdk2) StdoutLine: {'line': b'[ 36%] \x1b[32mBuilding CXX object sdk_core/CMakeFiles/livox_lidar_sdk_static.dir/command_handler/mid360_command_handler.cpp.o\x1b[0m\n'}
[18.546158] (-) TimerEvent: {}
[18.646418] (-) TimerEvent: {}
[18.746635] (-) TimerEvent: {}
[18.847014] (-) TimerEvent: {}
[18.892169] (livox_sdk2) StderrLine: {'line': b'In file included from \x1b[01m\x1b[K/home/smarthc/ros2_ws/src/Sensor_drivers/ws_livox/src/Livox-SDK2/sdk_core/../3rdparty/rapidjson/stream.h:19\x1b[m\x1b[K,\n'}
[18.892321] (livox_sdk2) StderrLine: {'line': b'                 from \x1b[01m\x1b[K/home/smarthc/ros2_ws/src/Sensor_drivers/ws_livox/src/Livox-SDK2/sdk_core/../3rdparty/rapidjson/memorystream.h:22\x1b[m\x1b[K,\n'}
[18.892358] (livox_sdk2) StderrLine: {'line': b'                 from \x1b[01m\x1b[K/home/smarthc/ros2_ws/src/Sensor_drivers/ws_livox/src/Livox-SDK2/sdk_core/../3rdparty/rapidjson/encodedstream.h:22\x1b[m\x1b[K,\n'}
[18.892381] (livox_sdk2) StderrLine: {'line': b'                 from \x1b[01m\x1b[K/home/smarthc/ros2_ws/src/Sensor_drivers/ws_livox/src/Livox-SDK2/sdk_core/../3rdparty/rapidjson/document.h:26\x1b[m\x1b[K,\n'}
[18.892403] (livox_sdk2) StderrLine: {'line': b'                 from \x1b[01m\x1b[K/home/smarthc/ros2_ws/src/Sensor_drivers/ws_livox/src/Livox-SDK2/sdk_core/command_handler/parse_lidar_state_info.h:38\x1b[m\x1b[K,\n'}
[18.892425] (livox_sdk2) StderrLine: {'line': b'                 from \x1b[01m\x1b[K/home/smarthc/ros2_ws/src/Sensor_drivers/ws_livox/src/Livox-SDK2/sdk_core/command_handler/mid360_command_handler.cpp:37\x1b[m\x1b[K:\n'}
[18.892445] (livox_sdk2) StderrLine: {'line': b'\x1b[01m\x1b[K/home/smarthc/ros2_ws/src/Sensor_drivers/ws_livox/src/Livox-SDK2/sdk_core/../3rdparty/rapidjson/rapidjson.h:542:29:\x1b[m\x1b[K \x1b[01;35m\x1b[Kwarning: \x1b[m\x1b[Kunknown option after \xe2\x80\x98\x1b[01m\x1b[K#pragma GCC diagnostic\x1b[m\x1b[K\xe2\x80\x99 kind [\x1b[01;35m\x1b[K\x1b]8;;https://gcc.gnu.org/onlinedocs/gcc/Warning-Options.html#index-Wpragmas\x07-Wpragmas\x1b]8;;\x07\x1b[m\x1b[K]\n'}
[18.892469] (livox_sdk2) StderrLine: {'line': b'  542 | #define RAPIDJSON_PRAGMA(x) \x1b[01;35m\x1b[K_Pragma\x1b[m\x1b[K(RAPIDJSON_STRINGIFY(x))\n'}
[18.892491] (livox_sdk2) StderrLine: {'line': b'      |                             \x1b[01;35m\x1b[K^~~~~~~\x1b[m\x1b[K\n'}
[18.892512] (livox_sdk2) StderrLine: {'line': b'\x1b[01m\x1b[K/home/smarthc/ros2_ws/src/Sensor_drivers/ws_livox/src/Livox-SDK2/sdk_core/../3rdparty/rapidjson/rapidjson.h:543:34:\x1b[m\x1b[K \x1b[01;36m\x1b[Knote: \x1b[m\x1b[Kin expansion of macro \xe2\x80\x98\x1b[01m\x1b[KRAPIDJSON_PRAGMA\x1b[m\x1b[K\xe2\x80\x99\n'}
[18.892533] (livox_sdk2) StderrLine: {'line': b'  543 | #define RAPIDJSON_DIAG_PRAGMA(x) \x1b[01;36m\x1b[KRAPIDJSON_PRAGMA\x1b[m\x1b[K(GCC diagnostic x)\n'}
[18.892553] (livox_sdk2) StderrLine: {'line': b'      |                                  \x1b[01;36m\x1b[K^~~~~~~~~~~~~~~~\x1b[m\x1b[K\n'}
[18.892573] (livox_sdk2) StderrLine: {'line': b'\x1b[01m\x1b[K/home/smarthc/ros2_ws/src/Sensor_drivers/ws_livox/src/Livox-SDK2/sdk_core/../3rdparty/rapidjson/rapidjson.h:545:3:\x1b[m\x1b[K \x1b[01;36m\x1b[Knote: \x1b[m\x1b[Kin expansion of macro \xe2\x80\x98\x1b[01m\x1b[KRAPIDJSON_DIAG_PRAGMA\x1b[m\x1b[K\xe2\x80\x99\n'}
[18.892593] (livox_sdk2) StderrLine: {'line': b'  545 |   \x1b[01;36m\x1b[KRAPIDJSON_DIAG_PRAGMA\x1b[m\x1b[K(ignored RAPIDJSON_STRINGIFY(RAPIDJSON_JOIN(-W, x)))\n'}
[18.892613] (livox_sdk2) StderrLine: {'line': b'      |   \x1b[01;36m\x1b[K^~~~~~~~~~~~~~~~~~~~~\x1b[m\x1b[K\n'}
[18.892633] (livox_sdk2) StderrLine: {'line': b'\x1b[01m\x1b[K/home/smarthc/ros2_ws/src/Sensor_drivers/ws_livox/src/Livox-SDK2/sdk_core/../3rdparty/rapidjson/internal/dtoa.h:36:1:\x1b[m\x1b[K \x1b[01;36m\x1b[Knote: \x1b[m\x1b[Kin expansion of macro \xe2\x80\x98\x1b[01m\x1b[KRAPIDJSON_DIAG_OFF\x1b[m\x1b[K\xe2\x80\x99\n'}
[18.892654] (livox_sdk2) StderrLine: {'line': b'   36 | \x1b[01;36m\x1b[KRAPIDJSON_DIAG_OFF\x1b[m\x1b[K(array - bounds)  // some gcc versions generate wrong warnings\n'}
[18.892673] (livox_sdk2) StderrLine: {'line': b'      | \x1b[01;36m\x1b[K^~~~~~~~~~~~~~~~~~\x1b[m\x1b[K\n'}
[18.894165] (livox_sdk2) StderrLine: {'line': b'\x1b[01m\x1b[K/home/smarthc/ros2_ws/src/Sensor_drivers/ws_livox/src/Livox-SDK2/sdk_core/../3rdparty/rapidjson/rapidjson.h:542:29:\x1b[m\x1b[K \x1b[01;36m\x1b[Knote: \x1b[m\x1b[Kdid you mean \xe2\x80\x98\x1b[01m\x1b[K-Warray-bounds\x1b[m\x1b[K\xe2\x80\x99?\n'}
[18.894260] (livox_sdk2) StderrLine: {'line': b'  542 | #define RAPIDJSON_PRAGMA(x) \x1b[01;36m\x1b[K_Pragma\x1b[m\x1b[K(RAPIDJSON_STRINGIFY(x))\n'}
[18.894321] (livox_sdk2) StderrLine: {'line': b'      |                             \x1b[01;36m\x1b[K^~~~~~~\x1b[m\x1b[K\n'}
[18.894369] (livox_sdk2) StderrLine: {'line': b'\x1b[01m\x1b[K/home/smarthc/ros2_ws/src/Sensor_drivers/ws_livox/src/Livox-SDK2/sdk_core/../3rdparty/rapidjson/rapidjson.h:543:34:\x1b[m\x1b[K \x1b[01;36m\x1b[Knote: \x1b[m\x1b[Kin expansion of macro \xe2\x80\x98\x1b[01m\x1b[KRAPIDJSON_PRAGMA\x1b[m\x1b[K\xe2\x80\x99\n'}
[18.894417] (livox_sdk2) StderrLine: {'line': b'  543 | #define RAPIDJSON_DIAG_PRAGMA(x) \x1b[01;36m\x1b[KRAPIDJSON_PRAGMA\x1b[m\x1b[K(GCC diagnostic x)\n'}
[18.894464] (livox_sdk2) StderrLine: {'line': b'      |                                  \x1b[01;36m\x1b[K^~~~~~~~~~~~~~~~\x1b[m\x1b[K\n'}
[18.894510] (livox_sdk2) StderrLine: {'line': b'\x1b[01m\x1b[K/home/smarthc/ros2_ws/src/Sensor_drivers/ws_livox/src/Livox-SDK2/sdk_core/../3rdparty/rapidjson/rapidjson.h:545:3:\x1b[m\x1b[K \x1b[01;36m\x1b[Knote: \x1b[m\x1b[Kin expansion of macro \xe2\x80\x98\x1b[01m\x1b[KRAPIDJSON_DIAG_PRAGMA\x1b[m\x1b[K\xe2\x80\x99\n'}
[18.894557] (livox_sdk2) StderrLine: {'line': b'  545 |   \x1b[01;36m\x1b[KRAPIDJSON_DIAG_PRAGMA\x1b[m\x1b[K(ignored RAPIDJSON_STRINGIFY(RAPIDJSON_JOIN(-W, x)))\n'}
[18.894602] (livox_sdk2) StderrLine: {'line': b'      |   \x1b[01;36m\x1b[K^~~~~~~~~~~~~~~~~~~~~\x1b[m\x1b[K\n'}
[18.894648] (livox_sdk2) StderrLine: {'line': b'\x1b[01m\x1b[K/home/smarthc/ros2_ws/src/Sensor_drivers/ws_livox/src/Livox-SDK2/sdk_core/../3rdparty/rapidjson/internal/dtoa.h:36:1:\x1b[m\x1b[K \x1b[01;36m\x1b[Knote: \x1b[m\x1b[Kin expansion of macro \xe2\x80\x98\x1b[01m\x1b[KRAPIDJSON_DIAG_OFF\x1b[m\x1b[K\xe2\x80\x99\n'}
[18.894694] (livox_sdk2) StderrLine: {'line': b'   36 | \x1b[01;36m\x1b[KRAPIDJSON_DIAG_OFF\x1b[m\x1b[K(array - bounds)  // some gcc versions generate wrong warnings\n'}
[18.894741] (livox_sdk2) StderrLine: {'line': b'      | \x1b[01;36m\x1b[K^~~~~~~~~~~~~~~~~~\x1b[m\x1b[K\n'}
[18.947231] (-) TimerEvent: {}
[19.047589] (-) TimerEvent: {}
[19.147906] (-) TimerEvent: {}
[19.248219] (-) TimerEvent: {}
[19.348543] (-) TimerEvent: {}
[19.448770] (-) TimerEvent: {}
[19.549054] (-) TimerEvent: {}
[19.649254] (-) TimerEvent: {}
[19.673345] (livox_sdk2) StdoutLine: {'line': b'[ 37%] \x1b[32mBuilding CXX object sdk_core/CMakeFiles/livox_lidar_sdk_static.dir/command_handler/build_request.cpp.o\x1b[0m\n'}
[19.749433] (-) TimerEvent: {}
[19.849746] (-) TimerEvent: {}
[19.950065] (-) TimerEvent: {}
[20.050365] (-) TimerEvent: {}
[20.150673] (-) TimerEvent: {}
[20.250997] (-) TimerEvent: {}
[20.351333] (-) TimerEvent: {}
[20.451692] (-) TimerEvent: {}
[20.552043] (-) TimerEvent: {}
[20.645948] (livox_sdk2) StdoutLine: {'line': b'[ 38%] \x1b[32mBuilding CXX object sdk_core/CMakeFiles/livox_lidar_sdk_static.dir/command_handler/parse_lidar_state_info.cpp.o\x1b[0m\n'}
[20.652206] (-) TimerEvent: {}
[20.752488] (-) TimerEvent: {}
[20.808881] (livox_sdk2) StderrLine: {'line': b'In file included from \x1b[01m\x1b[K/home/smarthc/ros2_ws/src/Sensor_drivers/ws_livox/src/Livox-SDK2/sdk_core/../3rdparty/rapidjson/stream.h:19\x1b[m\x1b[K,\n'}
[20.809022] (livox_sdk2) StderrLine: {'line': b'                 from \x1b[01m\x1b[K/home/smarthc/ros2_ws/src/Sensor_drivers/ws_livox/src/Livox-SDK2/sdk_core/../3rdparty/rapidjson/memorystream.h:22\x1b[m\x1b[K,\n'}
[20.809058] (livox_sdk2) StderrLine: {'line': b'                 from \x1b[01m\x1b[K/home/smarthc/ros2_ws/src/Sensor_drivers/ws_livox/src/Livox-SDK2/sdk_core/../3rdparty/rapidjson/encodedstream.h:22\x1b[m\x1b[K,\n'}
[20.809081] (livox_sdk2) StderrLine: {'line': b'                 from \x1b[01m\x1b[K/home/smarthc/ros2_ws/src/Sensor_drivers/ws_livox/src/Livox-SDK2/sdk_core/../3rdparty/rapidjson/document.h:26\x1b[m\x1b[K,\n'}
[20.809103] (livox_sdk2) StderrLine: {'line': b'                 from \x1b[01m\x1b[K/home/smarthc/ros2_ws/src/Sensor_drivers/ws_livox/src/Livox-SDK2/sdk_core/command_handler/parse_lidar_state_info.h:38\x1b[m\x1b[K,\n'}
[20.809124] (livox_sdk2) StderrLine: {'line': b'                 from \x1b[01m\x1b[K/home/smarthc/ros2_ws/src/Sensor_drivers/ws_livox/src/Livox-SDK2/sdk_core/command_handler/parse_lidar_state_info.cpp:2\x1b[m\x1b[K:\n'}
[20.809147] (livox_sdk2) StderrLine: {'line': b'\x1b[01m\x1b[K/home/smarthc/ros2_ws/src/Sensor_drivers/ws_livox/src/Livox-SDK2/sdk_core/../3rdparty/rapidjson/rapidjson.h:542:29:\x1b[m\x1b[K \x1b[01;35m\x1b[Kwarning: \x1b[m\x1b[Kunknown option after \xe2\x80\x98\x1b[01m\x1b[K#pragma GCC diagnostic\x1b[m\x1b[K\xe2\x80\x99 kind [\x1b[01;35m\x1b[K\x1b]8;;https://gcc.gnu.org/onlinedocs/gcc/Warning-Options.html#index-Wpragmas\x07-Wpragmas\x1b]8;;\x07\x1b[m\x1b[K]\n'}
[20.809170] (livox_sdk2) StderrLine: {'line': b'  542 | #define RAPIDJSON_PRAGMA(x) \x1b[01;35m\x1b[K_Pragma\x1b[m\x1b[K(RAPIDJSON_STRINGIFY(x))\n'}
[20.809190] (livox_sdk2) StderrLine: {'line': b'      |                             \x1b[01;35m\x1b[K^~~~~~~\x1b[m\x1b[K\n'}
[20.809209] (livox_sdk2) StderrLine: {'line': b'\x1b[01m\x1b[K/home/smarthc/ros2_ws/src/Sensor_drivers/ws_livox/src/Livox-SDK2/sdk_core/../3rdparty/rapidjson/rapidjson.h:543:34:\x1b[m\x1b[K \x1b[01;36m\x1b[Knote: \x1b[m\x1b[Kin expansion of macro \xe2\x80\x98\x1b[01m\x1b[KRAPIDJSON_PRAGMA\x1b[m\x1b[K\xe2\x80\x99\n'}
[20.809238] (livox_sdk2) StderrLine: {'line': b'  543 | #define RAPIDJSON_DIAG_PRAGMA(x) \x1b[01;36m\x1b[KRAPIDJSON_PRAGMA\x1b[m\x1b[K(GCC diagnostic x)\n'}
[20.809258] (livox_sdk2) StderrLine: {'line': b'      |                                  \x1b[01;36m\x1b[K^~~~~~~~~~~~~~~~\x1b[m\x1b[K\n'}
[20.809278] (livox_sdk2) StderrLine: {'line': b'\x1b[01m\x1b[K/home/smarthc/ros2_ws/src/Sensor_drivers/ws_livox/src/Livox-SDK2/sdk_core/../3rdparty/rapidjson/rapidjson.h:545:3:\x1b[m\x1b[K \x1b[01;36m\x1b[Knote: \x1b[m\x1b[Kin expansion of macro \xe2\x80\x98\x1b[01m\x1b[KRAPIDJSON_DIAG_PRAGMA\x1b[m\x1b[K\xe2\x80\x99\n'}
[20.809300] (livox_sdk2) StderrLine: {'line': b'  545 |   \x1b[01;36m\x1b[KRAPIDJSON_DIAG_PRAGMA\x1b[m\x1b[K(ignored RAPIDJSON_STRINGIFY(RAPIDJSON_JOIN(-W, x)))\n'}
[20.809319] (livox_sdk2) StderrLine: {'line': b'      |   \x1b[01;36m\x1b[K^~~~~~~~~~~~~~~~~~~~~\x1b[m\x1b[K\n'}
[20.809337] (livox_sdk2) StderrLine: {'line': b'\x1b[01m\x1b[K/home/smarthc/ros2_ws/src/Sensor_drivers/ws_livox/src/Livox-SDK2/sdk_core/../3rdparty/rapidjson/internal/dtoa.h:36:1:\x1b[m\x1b[K \x1b[01;36m\x1b[Knote: \x1b[m\x1b[Kin expansion of macro \xe2\x80\x98\x1b[01m\x1b[KRAPIDJSON_DIAG_OFF\x1b[m\x1b[K\xe2\x80\x99\n'}
[20.809356] (livox_sdk2) StderrLine: {'line': b'   36 | \x1b[01;36m\x1b[KRAPIDJSON_DIAG_OFF\x1b[m\x1b[K(array - bounds)  // some gcc versions generate wrong warnings\n'}
[20.809375] (livox_sdk2) StderrLine: {'line': b'      | \x1b[01;36m\x1b[K^~~~~~~~~~~~~~~~~~\x1b[m\x1b[K\n'}
[20.810762] (livox_sdk2) StderrLine: {'line': b'\x1b[01m\x1b[K/home/smarthc/ros2_ws/src/Sensor_drivers/ws_livox/src/Livox-SDK2/sdk_core/../3rdparty/rapidjson/rapidjson.h:542:29:\x1b[m\x1b[K \x1b[01;36m\x1b[Knote: \x1b[m\x1b[Kdid you mean \xe2\x80\x98\x1b[01m\x1b[K-Warray-bounds\x1b[m\x1b[K\xe2\x80\x99?\n'}
[20.810820] (livox_sdk2) StderrLine: {'line': b'  542 | #define RAPIDJSON_PRAGMA(x) \x1b[01;36m\x1b[K_Pragma\x1b[m\x1b[K(RAPIDJSON_STRINGIFY(x))\n'}
[20.810847] (livox_sdk2) StderrLine: {'line': b'      |                             \x1b[01;36m\x1b[K^~~~~~~\x1b[m\x1b[K\n'}
[20.810869] (livox_sdk2) StderrLine: {'line': b'\x1b[01m\x1b[K/home/smarthc/ros2_ws/src/Sensor_drivers/ws_livox/src/Livox-SDK2/sdk_core/../3rdparty/rapidjson/rapidjson.h:543:34:\x1b[m\x1b[K \x1b[01;36m\x1b[Knote: \x1b[m\x1b[Kin expansion of macro \xe2\x80\x98\x1b[01m\x1b[KRAPIDJSON_PRAGMA\x1b[m\x1b[K\xe2\x80\x99\n'}
[20.810892] (livox_sdk2) StderrLine: {'line': b'  543 | #define RAPIDJSON_DIAG_PRAGMA(x) \x1b[01;36m\x1b[KRAPIDJSON_PRAGMA\x1b[m\x1b[K(GCC diagnostic x)\n'}
[20.810913] (livox_sdk2) StderrLine: {'line': b'      |                                  \x1b[01;36m\x1b[K^~~~~~~~~~~~~~~~\x1b[m\x1b[K\n'}
[20.810934] (livox_sdk2) StderrLine: {'line': b'\x1b[01m\x1b[K/home/smarthc/ros2_ws/src/Sensor_drivers/ws_livox/src/Livox-SDK2/sdk_core/../3rdparty/rapidjson/rapidjson.h:545:3:\x1b[m\x1b[K \x1b[01;36m\x1b[Knote: \x1b[m\x1b[Kin expansion of macro \xe2\x80\x98\x1b[01m\x1b[KRAPIDJSON_DIAG_PRAGMA\x1b[m\x1b[K\xe2\x80\x99\n'}
[20.810959] (livox_sdk2) StderrLine: {'line': b'  545 |   \x1b[01;36m\x1b[KRAPIDJSON_DIAG_PRAGMA\x1b[m\x1b[K(ignored RAPIDJSON_STRINGIFY(RAPIDJSON_JOIN(-W, x)))\n'}
[20.810981] (livox_sdk2) StderrLine: {'line': b'      |   \x1b[01;36m\x1b[K^~~~~~~~~~~~~~~~~~~~~\x1b[m\x1b[K\n'}
[20.810999] (livox_sdk2) StderrLine: {'line': b'\x1b[01m\x1b[K/home/smarthc/ros2_ws/src/Sensor_drivers/ws_livox/src/Livox-SDK2/sdk_core/../3rdparty/rapidjson/internal/dtoa.h:36:1:\x1b[m\x1b[K \x1b[01;36m\x1b[Knote: \x1b[m\x1b[Kin expansion of macro \xe2\x80\x98\x1b[01m\x1b[KRAPIDJSON_DIAG_OFF\x1b[m\x1b[K\xe2\x80\x99\n'}
[20.811020] (livox_sdk2) StderrLine: {'line': b'   36 | \x1b[01;36m\x1b[KRAPIDJSON_DIAG_OFF\x1b[m\x1b[K(array - bounds)  // some gcc versions generate wrong warnings\n'}
[20.811044] (livox_sdk2) StderrLine: {'line': b'      | \x1b[01;36m\x1b[K^~~~~~~~~~~~~~~~~~\x1b[m\x1b[K\n'}
[20.852558] (-) TimerEvent: {}
[20.952744] (-) TimerEvent: {}
[21.053062] (-) TimerEvent: {}
[21.153377] (-) TimerEvent: {}
[21.253698] (-) TimerEvent: {}
[21.353995] (-) TimerEvent: {}
[21.454200] (-) TimerEvent: {}
[21.554416] (-) TimerEvent: {}
[21.654695] (-) TimerEvent: {}
[21.684594] (livox_sdk2) StdoutLine: {'line': b'[ 39%] \x1b[32mBuilding CXX object sdk_core/CMakeFiles/livox_lidar_sdk_static.dir/debug_point_cloud_handler/debug_point_cloud_manager.cpp.o\x1b[0m\n'}
[21.754806] (-) TimerEvent: {}
[21.855104] (-) TimerEvent: {}
[21.955368] (-) TimerEvent: {}
[22.055659] (-) TimerEvent: {}
[22.155898] (-) TimerEvent: {}
[22.256211] (-) TimerEvent: {}
[22.356417] (-) TimerEvent: {}
[22.456632] (-) TimerEvent: {}
[22.556842] (-) TimerEvent: {}
[22.657042] (-) TimerEvent: {}
[22.757274] (-) TimerEvent: {}
[22.822060] (livox_sdk2) StdoutLine: {'line': b'[ 40%] \x1b[32mBuilding CXX object sdk_core/CMakeFiles/livox_lidar_sdk_static.dir/debug_point_cloud_handler/debug_point_cloud_handler.cpp.o\x1b[0m\n'}
[22.857342] (-) TimerEvent: {}
[22.957517] (-) TimerEvent: {}
[23.057799] (-) TimerEvent: {}
[23.158035] (-) TimerEvent: {}
[23.258246] (-) TimerEvent: {}
[23.358538] (-) TimerEvent: {}
[23.458763] (-) TimerEvent: {}
[23.558956] (-) TimerEvent: {}
[23.659170] (-) TimerEvent: {}
[23.759381] (-) TimerEvent: {}
[23.859710] (-) TimerEvent: {}
[23.959967] (-) TimerEvent: {}
[23.970420] (livox_sdk2) StdoutLine: {'line': b'[ 42%] \x1b[32m\x1b[1mLinking CXX static library liblivox_lidar_sdk_static.a\x1b[0m\n'}
[24.060155] (-) TimerEvent: {}
[24.121265] (livox_sdk2) StdoutLine: {'line': b'[ 42%] Built target livox_lidar_sdk_static\n'}
[24.138830] (livox_sdk2) StdoutLine: {'line': b'[ 43%] \x1b[32mBuilding CXX object sdk_core/CMakeFiles/livox_lidar_sdk_shared.dir/__/3rdparty/FastCRC/FastCRCsw.cpp.o\x1b[0m\n'}
[24.160397] (-) TimerEvent: {}
[24.193039] (livox_sdk2) StdoutLine: {'line': b'[ 44%] \x1b[32mBuilding CXX object sdk_core/CMakeFiles/livox_lidar_sdk_shared.dir/device_manager.cpp.o\x1b[0m\n'}
[24.260545] (-) TimerEvent: {}
[24.360853] (-) TimerEvent: {}
[24.461184] (-) TimerEvent: {}
[24.561388] (-) TimerEvent: {}
[24.661605] (-) TimerEvent: {}
[24.761906] (-) TimerEvent: {}
[24.862239] (-) TimerEvent: {}
[24.962674] (-) TimerEvent: {}
[25.063002] (-) TimerEvent: {}
[25.163321] (-) TimerEvent: {}
[25.263615] (-) TimerEvent: {}
[25.363913] (-) TimerEvent: {}
[25.464244] (-) TimerEvent: {}
[25.564584] (-) TimerEvent: {}
[25.664812] (-) TimerEvent: {}
[25.714096] (livox_sdk2) StdoutLine: {'line': b'[ 45%] \x1b[32mBuilding CXX object sdk_core/CMakeFiles/livox_lidar_sdk_shared.dir/livox_lidar_sdk.cpp.o\x1b[0m\n'}
[25.765008] (-) TimerEvent: {}
[25.865268] (-) TimerEvent: {}
[25.965564] (-) TimerEvent: {}
[26.065870] (-) TimerEvent: {}
[26.166183] (-) TimerEvent: {}
[26.266492] (-) TimerEvent: {}
[26.366801] (-) TimerEvent: {}
[26.467117] (-) TimerEvent: {}
[26.567437] (-) TimerEvent: {}
[26.667749] (-) TimerEvent: {}
[26.768094] (-) TimerEvent: {}
[26.817193] (livox_sdk2) StdoutLine: {'line': b'[ 46%] \x1b[32mBuilding CXX object sdk_core/CMakeFiles/livox_lidar_sdk_shared.dir/params_check.cpp.o\x1b[0m\n'}
[26.868266] (-) TimerEvent: {}
[26.968544] (-) TimerEvent: {}
[27.068834] (-) TimerEvent: {}
[27.169122] (-) TimerEvent: {}
[27.269415] (-) TimerEvent: {}
[27.369655] (-) TimerEvent: {}
[27.469953] (-) TimerEvent: {}
[27.570288] (-) TimerEvent: {}
[27.670600] (-) TimerEvent: {}
[27.770898] (-) TimerEvent: {}
[27.818190] (livox_sdk2) StdoutLine: {'line': b'[ 48%] \x1b[32mBuilding CXX object sdk_core/CMakeFiles/livox_lidar_sdk_shared.dir/parse_cfg_file.cpp.o\x1b[0m\n'}
[27.871059] (-) TimerEvent: {}
[27.971410] (-) TimerEvent: {}
[28.071740] (-) TimerEvent: {}
[28.172055] (-) TimerEvent: {}
[28.272348] (-) TimerEvent: {}
[28.372665] (-) TimerEvent: {}
[28.472895] (-) TimerEvent: {}
[28.573168] (-) TimerEvent: {}
[28.673423] (-) TimerEvent: {}
[28.773769] (-) TimerEvent: {}
[28.874135] (-) TimerEvent: {}
[28.974465] (-) TimerEvent: {}
[28.998934] (livox_sdk2) StdoutLine: {'line': b'[ 49%] \x1b[32mBuilding CXX object sdk_core/CMakeFiles/livox_lidar_sdk_shared.dir/upgrade_manager.cpp.o\x1b[0m\n'}
[29.074647] (-) TimerEvent: {}
[29.175007] (-) TimerEvent: {}
[29.194686] (livox_sdk2) StdoutLine: {'line': b'[ 50%] \x1b[32mBuilding CXX object sdk_core/CMakeFiles/livox_lidar_sdk_shared.dir/base/io_loop.cpp.o\x1b[0m\n'}
[29.275183] (-) TimerEvent: {}
[29.375528] (-) TimerEvent: {}
[29.475835] (-) TimerEvent: {}
[29.576142] (-) TimerEvent: {}
[29.676453] (-) TimerEvent: {}
[29.776757] (-) TimerEvent: {}
[29.877047] (-) TimerEvent: {}
[29.977326] (-) TimerEvent: {}
[30.077563] (-) TimerEvent: {}
[30.177874] (-) TimerEvent: {}
[30.201817] (livox_sdk2) StdoutLine: {'line': b'[ 51%] \x1b[32mBuilding CXX object sdk_core/CMakeFiles/livox_lidar_sdk_shared.dir/base/thread_base.cpp.o\x1b[0m\n'}
[30.278050] (-) TimerEvent: {}
[30.375985] (livox_sdk2) StdoutLine: {'line': b'[ 53%] \x1b[32mBuilding CXX object sdk_core/CMakeFiles/livox_lidar_sdk_shared.dir/base/io_thread.cpp.o\x1b[0m\n'}
[30.378234] (-) TimerEvent: {}
[30.478523] (-) TimerEvent: {}
[30.577101] (livox_sdk2) StdoutLine: {'line': b'[ 54%] \x1b[32mBuilding CXX object sdk_core/CMakeFiles/livox_lidar_sdk_shared.dir/base/logging.cpp.o\x1b[0m\n'}
[30.578584] (-) TimerEvent: {}
[30.678836] (-) TimerEvent: {}
[30.779134] (-) TimerEvent: {}
[30.879437] (-) TimerEvent: {}
[30.979747] (-) TimerEvent: {}
[31.080041] (-) TimerEvent: {}
[31.180344] (-) TimerEvent: {}
[31.280658] (-) TimerEvent: {}
[31.380945] (-) TimerEvent: {}
[31.481254] (-) TimerEvent: {}
[31.581589] (-) TimerEvent: {}
[31.681876] (-) TimerEvent: {}
[31.782180] (-) TimerEvent: {}
[31.882502] (-) TimerEvent: {}
[31.982834] (-) TimerEvent: {}
[32.010852] (livox_sdk2) StdoutLine: {'line': b'[ 55%] \x1b[32mBuilding CXX object sdk_core/CMakeFiles/livox_lidar_sdk_shared.dir/base/network/unix/network_util.cpp.o\x1b[0m\n'}
[32.083016] (-) TimerEvent: {}
[32.083712] (livox_sdk2) StdoutLine: {'line': b'[ 56%] \x1b[32mBuilding CXX object sdk_core/CMakeFiles/livox_lidar_sdk_shared.dir/base/multiple_io/multiple_io_base.cpp.o\x1b[0m\n'}
[32.183191] (-) TimerEvent: {}
[32.210310] (livox_sdk2) StdoutLine: {'line': b'[ 57%] \x1b[32mBuilding CXX object sdk_core/CMakeFiles/livox_lidar_sdk_shared.dir/base/multiple_io/multiple_io_epoll.cpp.o\x1b[0m\n'}
[32.283357] (-) TimerEvent: {}
[32.355463] (livox_sdk2) StdoutLine: {'line': b'[ 59%] \x1b[32mBuilding CXX object sdk_core/CMakeFiles/livox_lidar_sdk_shared.dir/base/multiple_io/multiple_io_poll.cpp.o\x1b[0m\n'}
[32.383534] (-) TimerEvent: {}
[32.448045] (livox_sdk2) StdoutLine: {'line': b'[ 60%] \x1b[32mBuilding CXX object sdk_core/CMakeFiles/livox_lidar_sdk_shared.dir/base/multiple_io/multiple_io_select.cpp.o\x1b[0m\n'}
[32.483647] (-) TimerEvent: {}
[32.539482] (livox_sdk2) StdoutLine: {'line': b'[ 61%] \x1b[32mBuilding CXX object sdk_core/CMakeFiles/livox_lidar_sdk_shared.dir/base/multiple_io/multiple_io_kqueue.cpp.o\x1b[0m\n'}
[32.583822] (-) TimerEvent: {}
[32.636271] (livox_sdk2) StdoutLine: {'line': b'[ 62%] \x1b[32mBuilding CXX object sdk_core/CMakeFiles/livox_lidar_sdk_shared.dir/base/wake_up/unix/wake_up_pipe.cpp.o\x1b[0m\n'}
[32.665682] (livox_sdk2) StdoutLine: {'line': b'[ 63%] \x1b[32mBuilding CXX object sdk_core/CMakeFiles/livox_lidar_sdk_shared.dir/comm/comm_port.cpp.o\x1b[0m\n'}
[32.683995] (-) TimerEvent: {}
[32.763272] (livox_sdk2) StdoutLine: {'line': b'[ 65%] \x1b[32mBuilding CXX object sdk_core/CMakeFiles/livox_lidar_sdk_shared.dir/comm/sdk_protocol.cpp.o\x1b[0m\n'}
[32.784158] (-) TimerEvent: {}
[32.796142] (livox_sdk2) StdoutLine: {'line': b'[ 66%] \x1b[32mBuilding CXX object sdk_core/CMakeFiles/livox_lidar_sdk_shared.dir/comm/generate_seq.cpp.o\x1b[0m\n'}
[32.872822] (livox_sdk2) StdoutLine: {'line': b'[ 67%] \x1b[32mBuilding CXX object sdk_core/CMakeFiles/livox_lidar_sdk_shared.dir/upgrade/firmware.cpp.o\x1b[0m\n'}
[32.884430] (-) TimerEvent: {}
[32.982704] (livox_sdk2) StdoutLine: {'line': b'[ 68%] \x1b[32mBuilding CXX object sdk_core/CMakeFiles/livox_lidar_sdk_shared.dir/upgrade/livox_lidar_upgrader.cpp.o\x1b[0m\n'}
[32.984493] (-) TimerEvent: {}
[33.084738] (-) TimerEvent: {}
[33.185057] (-) TimerEvent: {}
[33.273696] (livox_sdk2) StdoutLine: {'line': b'[ 69%] \x1b[32mBuilding CXX object sdk_core/CMakeFiles/livox_lidar_sdk_shared.dir/logger_handler/logger_manager.cpp.o\x1b[0m\n'}
[33.285208] (-) TimerEvent: {}
[33.385399] (-) TimerEvent: {}
[33.485718] (-) TimerEvent: {}
[33.586005] (-) TimerEvent: {}
[33.686296] (-) TimerEvent: {}
[33.786592] (-) TimerEvent: {}
[33.886920] (-) TimerEvent: {}
[33.987241] (-) TimerEvent: {}
[34.087581] (-) TimerEvent: {}
[34.187925] (-) TimerEvent: {}
[34.288270] (-) TimerEvent: {}
[34.388568] (-) TimerEvent: {}
[34.488848] (-) TimerEvent: {}
[34.558779] (livox_sdk2) StdoutLine: {'line': b'[ 71%] \x1b[32mBuilding CXX object sdk_core/CMakeFiles/livox_lidar_sdk_shared.dir/logger_handler/logger_handler.cpp.o\x1b[0m\n'}
[34.589013] (-) TimerEvent: {}
[34.689280] (-) TimerEvent: {}
[34.789620] (-) TimerEvent: {}
[34.889967] (-) TimerEvent: {}
[34.990280] (-) TimerEvent: {}
[35.090608] (-) TimerEvent: {}
[35.190935] (-) TimerEvent: {}
[35.291270] (-) TimerEvent: {}
[35.391601] (-) TimerEvent: {}
[35.491981] (-) TimerEvent: {}
[35.592304] (-) TimerEvent: {}
[35.692633] (-) TimerEvent: {}
[35.778756] (livox_sdk2) StdoutLine: {'line': b'[ 72%] \x1b[32mBuilding CXX object sdk_core/CMakeFiles/livox_lidar_sdk_shared.dir/logger_handler/file_manager.cpp.o\x1b[0m\n'}
[35.792791] (-) TimerEvent: {}
[35.893068] (-) TimerEvent: {}
[35.993427] (-) TimerEvent: {}
[36.093745] (-) TimerEvent: {}
[36.194040] (-) TimerEvent: {}
[36.294356] (-) TimerEvent: {}
[36.394698] (-) TimerEvent: {}
[36.495060] (-) TimerEvent: {}
[36.595437] (-) TimerEvent: {}
[36.695795] (-) TimerEvent: {}
[36.718991] (livox_sdk2) StdoutLine: {'line': b'[ 73%] \x1b[32mBuilding CXX object sdk_core/CMakeFiles/livox_lidar_sdk_shared.dir/data_handler/data_handler.cpp.o\x1b[0m\n'}
[36.795959] (-) TimerEvent: {}
[36.896256] (-) TimerEvent: {}
[36.996579] (-) TimerEvent: {}
[37.096868] (-) TimerEvent: {}
[37.197161] (-) TimerEvent: {}
[37.297384] (-) TimerEvent: {}
[37.397670] (-) TimerEvent: {}
[37.497975] (-) TimerEvent: {}
[37.598299] (-) TimerEvent: {}
[37.677972] (livox_sdk2) StdoutLine: {'line': b'[ 74%] \x1b[32mBuilding CXX object sdk_core/CMakeFiles/livox_lidar_sdk_shared.dir/command_handler/command_impl.cpp.o\x1b[0m\n'}
[37.698433] (-) TimerEvent: {}
[37.798709] (-) TimerEvent: {}
[37.898924] (-) TimerEvent: {}
[37.999223] (-) TimerEvent: {}
[38.099431] (-) TimerEvent: {}
[38.199738] (-) TimerEvent: {}
[38.299991] (-) TimerEvent: {}
[38.400284] (-) TimerEvent: {}
[38.500494] (-) TimerEvent: {}
[38.600785] (-) TimerEvent: {}
[38.701095] (-) TimerEvent: {}
[38.801362] (-) TimerEvent: {}
[38.835367] (livox_sdk2) StdoutLine: {'line': b'[ 75%] \x1b[32mBuilding CXX object sdk_core/CMakeFiles/livox_lidar_sdk_shared.dir/command_handler/general_command_handler.cpp.o\x1b[0m\n'}
[38.901443] (-) TimerEvent: {}
[39.001732] (-) TimerEvent: {}
[39.101955] (-) TimerEvent: {}
[39.202197] (-) TimerEvent: {}
[39.302489] (-) TimerEvent: {}
[39.402735] (-) TimerEvent: {}
[39.503029] (-) TimerEvent: {}
[39.603353] (-) TimerEvent: {}
[39.703582] (-) TimerEvent: {}
[39.803881] (-) TimerEvent: {}
[39.904180] (-) TimerEvent: {}
[40.004406] (-) TimerEvent: {}
[40.104687] (-) TimerEvent: {}
[40.204921] (-) TimerEvent: {}
[40.305208] (-) TimerEvent: {}
[40.311203] (livox_sdk2) StdoutLine: {'line': b'[ 77%] \x1b[32mBuilding CXX object sdk_core/CMakeFiles/livox_lidar_sdk_shared.dir/command_handler/hap_command_handler.cpp.o\x1b[0m\n'}
[40.405352] (-) TimerEvent: {}
[40.505565] (-) TimerEvent: {}
[40.605852] (-) TimerEvent: {}
[40.706142] (-) TimerEvent: {}
[40.741139] (livox_sdk2) StderrLine: {'line': b'In file included from \x1b[01m\x1b[K/home/smarthc/ros2_ws/src/Sensor_drivers/ws_livox/src/Livox-SDK2/sdk_core/../3rdparty/rapidjson/stream.h:19\x1b[m\x1b[K,\n'}
[40.741271] (livox_sdk2) StderrLine: {'line': b'                 from \x1b[01m\x1b[K/home/smarthc/ros2_ws/src/Sensor_drivers/ws_livox/src/Livox-SDK2/sdk_core/../3rdparty/rapidjson/memorystream.h:22\x1b[m\x1b[K,\n'}
[40.741311] (livox_sdk2) StderrLine: {'line': b'                 from \x1b[01m\x1b[K/home/smarthc/ros2_ws/src/Sensor_drivers/ws_livox/src/Livox-SDK2/sdk_core/../3rdparty/rapidjson/encodedstream.h:22\x1b[m\x1b[K,\n'}
[40.741335] (livox_sdk2) StderrLine: {'line': b'                 from \x1b[01m\x1b[K/home/smarthc/ros2_ws/src/Sensor_drivers/ws_livox/src/Livox-SDK2/sdk_core/../3rdparty/rapidjson/document.h:26\x1b[m\x1b[K,\n'}
[40.741359] (livox_sdk2) StderrLine: {'line': b'                 from \x1b[01m\x1b[K/home/smarthc/ros2_ws/src/Sensor_drivers/ws_livox/src/Livox-SDK2/sdk_core/command_handler/parse_lidar_state_info.h:38\x1b[m\x1b[K,\n'}
[40.741382] (livox_sdk2) StderrLine: {'line': b'                 from \x1b[01m\x1b[K/home/smarthc/ros2_ws/src/Sensor_drivers/ws_livox/src/Livox-SDK2/sdk_core/command_handler/hap_command_handler.cpp:37\x1b[m\x1b[K:\n'}
[40.741403] (livox_sdk2) StderrLine: {'line': b'\x1b[01m\x1b[K/home/smarthc/ros2_ws/src/Sensor_drivers/ws_livox/src/Livox-SDK2/sdk_core/../3rdparty/rapidjson/rapidjson.h:542:29:\x1b[m\x1b[K \x1b[01;35m\x1b[Kwarning: \x1b[m\x1b[Kunknown option after \xe2\x80\x98\x1b[01m\x1b[K#pragma GCC diagnostic\x1b[m\x1b[K\xe2\x80\x99 kind [\x1b[01;35m\x1b[K\x1b]8;;https://gcc.gnu.org/onlinedocs/gcc/Warning-Options.html#index-Wpragmas\x07-Wpragmas\x1b]8;;\x07\x1b[m\x1b[K]\n'}
[40.741428] (livox_sdk2) StderrLine: {'line': b'  542 | #define RAPIDJSON_PRAGMA(x) \x1b[01;35m\x1b[K_Pragma\x1b[m\x1b[K(RAPIDJSON_STRINGIFY(x))\n'}
[40.741450] (livox_sdk2) StderrLine: {'line': b'      |                             \x1b[01;35m\x1b[K^~~~~~~\x1b[m\x1b[K\n'}
[40.741471] (livox_sdk2) StderrLine: {'line': b'\x1b[01m\x1b[K/home/smarthc/ros2_ws/src/Sensor_drivers/ws_livox/src/Livox-SDK2/sdk_core/../3rdparty/rapidjson/rapidjson.h:543:34:\x1b[m\x1b[K \x1b[01;36m\x1b[Knote: \x1b[m\x1b[Kin expansion of macro \xe2\x80\x98\x1b[01m\x1b[KRAPIDJSON_PRAGMA\x1b[m\x1b[K\xe2\x80\x99\n'}
[40.741492] (livox_sdk2) StderrLine: {'line': b'  543 | #define RAPIDJSON_DIAG_PRAGMA(x) \x1b[01;36m\x1b[KRAPIDJSON_PRAGMA\x1b[m\x1b[K(GCC diagnostic x)\n'}
[40.741512] (livox_sdk2) StderrLine: {'line': b'      |                                  \x1b[01;36m\x1b[K^~~~~~~~~~~~~~~~\x1b[m\x1b[K\n'}
[40.741535] (livox_sdk2) StderrLine: {'line': b'\x1b[01m\x1b[K/home/smarthc/ros2_ws/src/Sensor_drivers/ws_livox/src/Livox-SDK2/sdk_core/../3rdparty/rapidjson/rapidjson.h:545:3:\x1b[m\x1b[K \x1b[01;36m\x1b[Knote: \x1b[m\x1b[Kin expansion of macro \xe2\x80\x98\x1b[01m\x1b[KRAPIDJSON_DIAG_PRAGMA\x1b[m\x1b[K\xe2\x80\x99\n'}
[40.741556] (livox_sdk2) StderrLine: {'line': b'  545 |   \x1b[01;36m\x1b[KRAPIDJSON_DIAG_PRAGMA\x1b[m\x1b[K(ignored RAPIDJSON_STRINGIFY(RAPIDJSON_JOIN(-W, x)))\n'}
[40.741576] (livox_sdk2) StderrLine: {'line': b'      |   \x1b[01;36m\x1b[K^~~~~~~~~~~~~~~~~~~~~\x1b[m\x1b[K\n'}
[40.741595] (livox_sdk2) StderrLine: {'line': b'\x1b[01m\x1b[K/home/smarthc/ros2_ws/src/Sensor_drivers/ws_livox/src/Livox-SDK2/sdk_core/../3rdparty/rapidjson/internal/dtoa.h:36:1:\x1b[m\x1b[K \x1b[01;36m\x1b[Knote: \x1b[m\x1b[Kin expansion of macro \xe2\x80\x98\x1b[01m\x1b[KRAPIDJSON_DIAG_OFF\x1b[m\x1b[K\xe2\x80\x99\n'}
[40.741614] (livox_sdk2) StderrLine: {'line': b'   36 | \x1b[01;36m\x1b[KRAPIDJSON_DIAG_OFF\x1b[m\x1b[K(array - bounds)  // some gcc versions generate wrong warnings\n'}
[40.741635] (livox_sdk2) StderrLine: {'line': b'      | \x1b[01;36m\x1b[K^~~~~~~~~~~~~~~~~~\x1b[m\x1b[K\n'}
[40.743368] (livox_sdk2) StderrLine: {'line': b'\x1b[01m\x1b[K/home/smarthc/ros2_ws/src/Sensor_drivers/ws_livox/src/Livox-SDK2/sdk_core/../3rdparty/rapidjson/rapidjson.h:542:29:\x1b[m\x1b[K \x1b[01;36m\x1b[Knote: \x1b[m\x1b[Kdid you mean \xe2\x80\x98\x1b[01m\x1b[K-Warray-bounds\x1b[m\x1b[K\xe2\x80\x99?\n'}
[40.743444] (livox_sdk2) StderrLine: {'line': b'  542 | #define RAPIDJSON_PRAGMA(x) \x1b[01;36m\x1b[K_Pragma\x1b[m\x1b[K(RAPIDJSON_STRINGIFY(x))\n'}
[40.743473] (livox_sdk2) StderrLine: {'line': b'      |                             \x1b[01;36m\x1b[K^~~~~~~\x1b[m\x1b[K\n'}
[40.743496] (livox_sdk2) StderrLine: {'line': b'\x1b[01m\x1b[K/home/smarthc/ros2_ws/src/Sensor_drivers/ws_livox/src/Livox-SDK2/sdk_core/../3rdparty/rapidjson/rapidjson.h:543:34:\x1b[m\x1b[K \x1b[01;36m\x1b[Knote: \x1b[m\x1b[Kin expansion of macro \xe2\x80\x98\x1b[01m\x1b[KRAPIDJSON_PRAGMA\x1b[m\x1b[K\xe2\x80\x99\n'}
[40.743520] (livox_sdk2) StderrLine: {'line': b'  543 | #define RAPIDJSON_DIAG_PRAGMA(x) \x1b[01;36m\x1b[KRAPIDJSON_PRAGMA\x1b[m\x1b[K(GCC diagnostic x)\n'}
[40.743544] (livox_sdk2) StderrLine: {'line': b'      |                                  \x1b[01;36m\x1b[K^~~~~~~~~~~~~~~~\x1b[m\x1b[K\n'}
[40.743566] (livox_sdk2) StderrLine: {'line': b'\x1b[01m\x1b[K/home/smarthc/ros2_ws/src/Sensor_drivers/ws_livox/src/Livox-SDK2/sdk_core/../3rdparty/rapidjson/rapidjson.h:545:3:\x1b[m\x1b[K \x1b[01;36m\x1b[Knote: \x1b[m\x1b[Kin expansion of macro \xe2\x80\x98\x1b[01m\x1b[KRAPIDJSON_DIAG_PRAGMA\x1b[m\x1b[K\xe2\x80\x99\n'}
[40.743588] (livox_sdk2) StderrLine: {'line': b'  545 |   \x1b[01;36m\x1b[KRAPIDJSON_DIAG_PRAGMA\x1b[m\x1b[K(ignored RAPIDJSON_STRINGIFY(RAPIDJSON_JOIN(-W, x)))\n'}
[40.743608] (livox_sdk2) StderrLine: {'line': b'      |   \x1b[01;36m\x1b[K^~~~~~~~~~~~~~~~~~~~~\x1b[m\x1b[K\n'}
[40.743628] (livox_sdk2) StderrLine: {'line': b'\x1b[01m\x1b[K/home/smarthc/ros2_ws/src/Sensor_drivers/ws_livox/src/Livox-SDK2/sdk_core/../3rdparty/rapidjson/internal/dtoa.h:36:1:\x1b[m\x1b[K \x1b[01;36m\x1b[Knote: \x1b[m\x1b[Kin expansion of macro \xe2\x80\x98\x1b[01m\x1b[KRAPIDJSON_DIAG_OFF\x1b[m\x1b[K\xe2\x80\x99\n'}
[40.743649] (livox_sdk2) StderrLine: {'line': b'   36 | \x1b[01;36m\x1b[KRAPIDJSON_DIAG_OFF\x1b[m\x1b[K(array - bounds)  // some gcc versions generate wrong warnings\n'}
[40.743670] (livox_sdk2) StderrLine: {'line': b'      | \x1b[01;36m\x1b[K^~~~~~~~~~~~~~~~~~\x1b[m\x1b[K\n'}
[40.806272] (-) TimerEvent: {}
[40.906479] (-) TimerEvent: {}
[41.006803] (-) TimerEvent: {}
[41.107131] (-) TimerEvent: {}
[41.207459] (-) TimerEvent: {}
[41.307756] (-) TimerEvent: {}
[41.408057] (-) TimerEvent: {}
[41.508412] (-) TimerEvent: {}
[41.559919] (livox_sdk2) StdoutLine: {'line': b'[ 78%] \x1b[32mBuilding CXX object sdk_core/CMakeFiles/livox_lidar_sdk_shared.dir/command_handler/mid360_command_handler.cpp.o\x1b[0m\n'}
[41.608499] (-) TimerEvent: {}
[41.708800] (-) TimerEvent: {}
[41.809101] (-) TimerEvent: {}
[41.909317] (-) TimerEvent: {}
[41.992937] (livox_sdk2) StderrLine: {'line': b'In file included from \x1b[01m\x1b[K/home/smarthc/ros2_ws/src/Sensor_drivers/ws_livox/src/Livox-SDK2/sdk_core/../3rdparty/rapidjson/stream.h:19\x1b[m\x1b[K,\n'}
[41.993052] (livox_sdk2) StderrLine: {'line': b'                 from \x1b[01m\x1b[K/home/smarthc/ros2_ws/src/Sensor_drivers/ws_livox/src/Livox-SDK2/sdk_core/../3rdparty/rapidjson/memorystream.h:22\x1b[m\x1b[K,\n'}
[41.993089] (livox_sdk2) StderrLine: {'line': b'                 from \x1b[01m\x1b[K/home/smarthc/ros2_ws/src/Sensor_drivers/ws_livox/src/Livox-SDK2/sdk_core/../3rdparty/rapidjson/encodedstream.h:22\x1b[m\x1b[K,\n'}
[41.993114] (livox_sdk2) StderrLine: {'line': b'                 from \x1b[01m\x1b[K/home/smarthc/ros2_ws/src/Sensor_drivers/ws_livox/src/Livox-SDK2/sdk_core/../3rdparty/rapidjson/document.h:26\x1b[m\x1b[K,\n'}
[41.993137] (livox_sdk2) StderrLine: {'line': b'                 from \x1b[01m\x1b[K/home/smarthc/ros2_ws/src/Sensor_drivers/ws_livox/src/Livox-SDK2/sdk_core/command_handler/parse_lidar_state_info.h:38\x1b[m\x1b[K,\n'}
[41.993161] (livox_sdk2) StderrLine: {'line': b'                 from \x1b[01m\x1b[K/home/smarthc/ros2_ws/src/Sensor_drivers/ws_livox/src/Livox-SDK2/sdk_core/command_handler/mid360_command_handler.cpp:37\x1b[m\x1b[K:\n'}
[41.993181] (livox_sdk2) StderrLine: {'line': b'\x1b[01m\x1b[K/home/smarthc/ros2_ws/src/Sensor_drivers/ws_livox/src/Livox-SDK2/sdk_core/../3rdparty/rapidjson/rapidjson.h:542:29:\x1b[m\x1b[K \x1b[01;35m\x1b[Kwarning: \x1b[m\x1b[Kunknown option after \xe2\x80\x98\x1b[01m\x1b[K#pragma GCC diagnostic\x1b[m\x1b[K\xe2\x80\x99 kind [\x1b[01;35m\x1b[K\x1b]8;;https://gcc.gnu.org/onlinedocs/gcc/Warning-Options.html#index-Wpragmas\x07-Wpragmas\x1b]8;;\x07\x1b[m\x1b[K]\n'}
[41.993204] (livox_sdk2) StderrLine: {'line': b'  542 | #define RAPIDJSON_PRAGMA(x) \x1b[01;35m\x1b[K_Pragma\x1b[m\x1b[K(RAPIDJSON_STRINGIFY(x))\n'}
[41.993232] (livox_sdk2) StderrLine: {'line': b'      |                             \x1b[01;35m\x1b[K^~~~~~~\x1b[m\x1b[K\n'}
[41.993252] (livox_sdk2) StderrLine: {'line': b'\x1b[01m\x1b[K/home/smarthc/ros2_ws/src/Sensor_drivers/ws_livox/src/Livox-SDK2/sdk_core/../3rdparty/rapidjson/rapidjson.h:543:34:\x1b[m\x1b[K \x1b[01;36m\x1b[Knote: \x1b[m\x1b[Kin expansion of macro \xe2\x80\x98\x1b[01m\x1b[KRAPIDJSON_PRAGMA\x1b[m\x1b[K\xe2\x80\x99\n'}
[41.993275] (livox_sdk2) StderrLine: {'line': b'  543 | #define RAPIDJSON_DIAG_PRAGMA(x) \x1b[01;36m\x1b[KRAPIDJSON_PRAGMA\x1b[m\x1b[K(GCC diagnostic x)\n'}
[41.993294] (livox_sdk2) StderrLine: {'line': b'      |                                  \x1b[01;36m\x1b[K^~~~~~~~~~~~~~~~\x1b[m\x1b[K\n'}
[41.993313] (livox_sdk2) StderrLine: {'line': b'\x1b[01m\x1b[K/home/smarthc/ros2_ws/src/Sensor_drivers/ws_livox/src/Livox-SDK2/sdk_core/../3rdparty/rapidjson/rapidjson.h:545:3:\x1b[m\x1b[K \x1b[01;36m\x1b[Knote: \x1b[m\x1b[Kin expansion of macro \xe2\x80\x98\x1b[01m\x1b[KRAPIDJSON_DIAG_PRAGMA\x1b[m\x1b[K\xe2\x80\x99\n'}
[41.993332] (livox_sdk2) StderrLine: {'line': b'  545 |   \x1b[01;36m\x1b[KRAPIDJSON_DIAG_PRAGMA\x1b[m\x1b[K(ignored RAPIDJSON_STRINGIFY(RAPIDJSON_JOIN(-W, x)))\n'}
[41.993351] (livox_sdk2) StderrLine: {'line': b'      |   \x1b[01;36m\x1b[K^~~~~~~~~~~~~~~~~~~~~\x1b[m\x1b[K\n'}
[41.993371] (livox_sdk2) StderrLine: {'line': b'\x1b[01m\x1b[K/home/smarthc/ros2_ws/src/Sensor_drivers/ws_livox/src/Livox-SDK2/sdk_core/../3rdparty/rapidjson/internal/dtoa.h:36:1:\x1b[m\x1b[K \x1b[01;36m\x1b[Knote: \x1b[m\x1b[Kin expansion of macro \xe2\x80\x98\x1b[01m\x1b[KRAPIDJSON_DIAG_OFF\x1b[m\x1b[K\xe2\x80\x99\n'}
[41.993391] (livox_sdk2) StderrLine: {'line': b'   36 | \x1b[01;36m\x1b[KRAPIDJSON_DIAG_OFF\x1b[m\x1b[K(array - bounds)  // some gcc versions generate wrong warnings\n'}
[41.993410] (livox_sdk2) StderrLine: {'line': b'      | \x1b[01;36m\x1b[K^~~~~~~~~~~~~~~~~~\x1b[m\x1b[K\n'}
[41.994949] (livox_sdk2) StderrLine: {'line': b'\x1b[01m\x1b[K/home/smarthc/ros2_ws/src/Sensor_drivers/ws_livox/src/Livox-SDK2/sdk_core/../3rdparty/rapidjson/rapidjson.h:542:29:\x1b[m\x1b[K \x1b[01;36m\x1b[Knote: \x1b[m\x1b[Kdid you mean \xe2\x80\x98\x1b[01m\x1b[K-Warray-bounds\x1b[m\x1b[K\xe2\x80\x99?\n'}
[41.995010] (livox_sdk2) StderrLine: {'line': b'  542 | #define RAPIDJSON_PRAGMA(x) \x1b[01;36m\x1b[K_Pragma\x1b[m\x1b[K(RAPIDJSON_STRINGIFY(x))\n'}
[41.995037] (livox_sdk2) StderrLine: {'line': b'      |                             \x1b[01;36m\x1b[K^~~~~~~\x1b[m\x1b[K\n'}
[41.995058] (livox_sdk2) StderrLine: {'line': b'\x1b[01m\x1b[K/home/smarthc/ros2_ws/src/Sensor_drivers/ws_livox/src/Livox-SDK2/sdk_core/../3rdparty/rapidjson/rapidjson.h:543:34:\x1b[m\x1b[K \x1b[01;36m\x1b[Knote: \x1b[m\x1b[Kin expansion of macro \xe2\x80\x98\x1b[01m\x1b[KRAPIDJSON_PRAGMA\x1b[m\x1b[K\xe2\x80\x99\n'}
[41.995083] (livox_sdk2) StderrLine: {'line': b'  543 | #define RAPIDJSON_DIAG_PRAGMA(x) \x1b[01;36m\x1b[KRAPIDJSON_PRAGMA\x1b[m\x1b[K(GCC diagnostic x)\n'}
[41.995104] (livox_sdk2) StderrLine: {'line': b'      |                                  \x1b[01;36m\x1b[K^~~~~~~~~~~~~~~~\x1b[m\x1b[K\n'}
[41.995125] (livox_sdk2) StderrLine: {'line': b'\x1b[01m\x1b[K/home/smarthc/ros2_ws/src/Sensor_drivers/ws_livox/src/Livox-SDK2/sdk_core/../3rdparty/rapidjson/rapidjson.h:545:3:\x1b[m\x1b[K \x1b[01;36m\x1b[Knote: \x1b[m\x1b[Kin expansion of macro \xe2\x80\x98\x1b[01m\x1b[KRAPIDJSON_DIAG_PRAGMA\x1b[m\x1b[K\xe2\x80\x99\n'}
[41.995150] (livox_sdk2) StderrLine: {'line': b'  545 |   \x1b[01;36m\x1b[KRAPIDJSON_DIAG_PRAGMA\x1b[m\x1b[K(ignored RAPIDJSON_STRINGIFY(RAPIDJSON_JOIN(-W, x)))\n'}
[41.995170] (livox_sdk2) StderrLine: {'line': b'      |   \x1b[01;36m\x1b[K^~~~~~~~~~~~~~~~~~~~~\x1b[m\x1b[K\n'}
[41.995189] (livox_sdk2) StderrLine: {'line': b'\x1b[01m\x1b[K/home/smarthc/ros2_ws/src/Sensor_drivers/ws_livox/src/Livox-SDK2/sdk_core/../3rdparty/rapidjson/internal/dtoa.h:36:1:\x1b[m\x1b[K \x1b[01;36m\x1b[Knote: \x1b[m\x1b[Kin expansion of macro \xe2\x80\x98\x1b[01m\x1b[KRAPIDJSON_DIAG_OFF\x1b[m\x1b[K\xe2\x80\x99\n'}
[41.995210] (livox_sdk2) StderrLine: {'line': b'   36 | \x1b[01;36m\x1b[KRAPIDJSON_DIAG_OFF\x1b[m\x1b[K(array - bounds)  // some gcc versions generate wrong warnings\n'}
[41.995235] (livox_sdk2) StderrLine: {'line': b'      | \x1b[01;36m\x1b[K^~~~~~~~~~~~~~~~~~\x1b[m\x1b[K\n'}
[42.009476] (-) TimerEvent: {}
[42.109733] (-) TimerEvent: {}
[42.210041] (-) TimerEvent: {}
[42.310350] (-) TimerEvent: {}
[42.410658] (-) TimerEvent: {}
[42.510955] (-) TimerEvent: {}
[42.611276] (-) TimerEvent: {}
[42.711472] (-) TimerEvent: {}
[42.783314] (livox_sdk2) StdoutLine: {'line': b'[ 79%] \x1b[32mBuilding CXX object sdk_core/CMakeFiles/livox_lidar_sdk_shared.dir/command_handler/build_request.cpp.o\x1b[0m\n'}
[42.811556] (-) TimerEvent: {}
[42.911854] (-) TimerEvent: {}
[43.012186] (-) TimerEvent: {}
[43.112492] (-) TimerEvent: {}
[43.212807] (-) TimerEvent: {}
[43.313102] (-) TimerEvent: {}
[43.413458] (-) TimerEvent: {}
[43.513760] (-) TimerEvent: {}
[43.614037] (-) TimerEvent: {}
[43.714309] (-) TimerEvent: {}
[43.785436] (livox_sdk2) StdoutLine: {'line': b'[ 80%] \x1b[32mBuilding CXX object sdk_core/CMakeFiles/livox_lidar_sdk_shared.dir/command_handler/parse_lidar_state_info.cpp.o\x1b[0m\n'}
[43.814373] (-) TimerEvent: {}
[43.914642] (-) TimerEvent: {}
[43.946005] (livox_sdk2) StderrLine: {'line': b'In file included from \x1b[01m\x1b[K/home/smarthc/ros2_ws/src/Sensor_drivers/ws_livox/src/Livox-SDK2/sdk_core/../3rdparty/rapidjson/stream.h:19\x1b[m\x1b[K,\n'}
[43.946126] (livox_sdk2) StderrLine: {'line': b'                 from \x1b[01m\x1b[K/home/smarthc/ros2_ws/src/Sensor_drivers/ws_livox/src/Livox-SDK2/sdk_core/../3rdparty/rapidjson/memorystream.h:22\x1b[m\x1b[K,\n'}
[43.946164] (livox_sdk2) StderrLine: {'line': b'                 from \x1b[01m\x1b[K/home/smarthc/ros2_ws/src/Sensor_drivers/ws_livox/src/Livox-SDK2/sdk_core/../3rdparty/rapidjson/encodedstream.h:22\x1b[m\x1b[K,\n'}
[43.946187] (livox_sdk2) StderrLine: {'line': b'                 from \x1b[01m\x1b[K/home/smarthc/ros2_ws/src/Sensor_drivers/ws_livox/src/Livox-SDK2/sdk_core/../3rdparty/rapidjson/document.h:26\x1b[m\x1b[K,\n'}
[43.946220] (livox_sdk2) StderrLine: {'line': b'                 from \x1b[01m\x1b[K/home/smarthc/ros2_ws/src/Sensor_drivers/ws_livox/src/Livox-SDK2/sdk_core/command_handler/parse_lidar_state_info.h:38\x1b[m\x1b[K,\n'}
[43.946243] (livox_sdk2) StderrLine: {'line': b'                 from \x1b[01m\x1b[K/home/smarthc/ros2_ws/src/Sensor_drivers/ws_livox/src/Livox-SDK2/sdk_core/command_handler/parse_lidar_state_info.cpp:2\x1b[m\x1b[K:\n'}
[43.946264] (livox_sdk2) StderrLine: {'line': b'\x1b[01m\x1b[K/home/smarthc/ros2_ws/src/Sensor_drivers/ws_livox/src/Livox-SDK2/sdk_core/../3rdparty/rapidjson/rapidjson.h:542:29:\x1b[m\x1b[K \x1b[01;35m\x1b[Kwarning: \x1b[m\x1b[Kunknown option after \xe2\x80\x98\x1b[01m\x1b[K#pragma GCC diagnostic\x1b[m\x1b[K\xe2\x80\x99 kind [\x1b[01;35m\x1b[K\x1b]8;;https://gcc.gnu.org/onlinedocs/gcc/Warning-Options.html#index-Wpragmas\x07-Wpragmas\x1b]8;;\x07\x1b[m\x1b[K]\n'}
[43.946289] (livox_sdk2) StderrLine: {'line': b'  542 | #define RAPIDJSON_PRAGMA(x) \x1b[01;35m\x1b[K_Pragma\x1b[m\x1b[K(RAPIDJSON_STRINGIFY(x))\n'}
[43.946311] (livox_sdk2) StderrLine: {'line': b'      |                             \x1b[01;35m\x1b[K^~~~~~~\x1b[m\x1b[K\n'}
[43.946333] (livox_sdk2) StderrLine: {'line': b'\x1b[01m\x1b[K/home/smarthc/ros2_ws/src/Sensor_drivers/ws_livox/src/Livox-SDK2/sdk_core/../3rdparty/rapidjson/rapidjson.h:543:34:\x1b[m\x1b[K \x1b[01;36m\x1b[Knote: \x1b[m\x1b[Kin expansion of macro \xe2\x80\x98\x1b[01m\x1b[KRAPIDJSON_PRAGMA\x1b[m\x1b[K\xe2\x80\x99\n'}
[43.946356] (livox_sdk2) StderrLine: {'line': b'  543 | #define RAPIDJSON_DIAG_PRAGMA(x) \x1b[01;36m\x1b[KRAPIDJSON_PRAGMA\x1b[m\x1b[K(GCC diagnostic x)\n'}
[43.946378] (livox_sdk2) StderrLine: {'line': b'      |                                  \x1b[01;36m\x1b[K^~~~~~~~~~~~~~~~\x1b[m\x1b[K\n'}
[43.946398] (livox_sdk2) StderrLine: {'line': b'\x1b[01m\x1b[K/home/smarthc/ros2_ws/src/Sensor_drivers/ws_livox/src/Livox-SDK2/sdk_core/../3rdparty/rapidjson/rapidjson.h:545:3:\x1b[m\x1b[K \x1b[01;36m\x1b[Knote: \x1b[m\x1b[Kin expansion of macro \xe2\x80\x98\x1b[01m\x1b[KRAPIDJSON_DIAG_PRAGMA\x1b[m\x1b[K\xe2\x80\x99\n'}
[43.946420] (livox_sdk2) StderrLine: {'line': b'  545 |   \x1b[01;36m\x1b[KRAPIDJSON_DIAG_PRAGMA\x1b[m\x1b[K(ignored RAPIDJSON_STRINGIFY(RAPIDJSON_JOIN(-W, x)))\n'}
[43.946440] (livox_sdk2) StderrLine: {'line': b'      |   \x1b[01;36m\x1b[K^~~~~~~~~~~~~~~~~~~~~\x1b[m\x1b[K\n'}
[43.946461] (livox_sdk2) StderrLine: {'line': b'\x1b[01m\x1b[K/home/smarthc/ros2_ws/src/Sensor_drivers/ws_livox/src/Livox-SDK2/sdk_core/../3rdparty/rapidjson/internal/dtoa.h:36:1:\x1b[m\x1b[K \x1b[01;36m\x1b[Knote: \x1b[m\x1b[Kin expansion of macro \xe2\x80\x98\x1b[01m\x1b[KRAPIDJSON_DIAG_OFF\x1b[m\x1b[K\xe2\x80\x99\n'}
[43.946481] (livox_sdk2) StderrLine: {'line': b'   36 | \x1b[01;36m\x1b[KRAPIDJSON_DIAG_OFF\x1b[m\x1b[K(array - bounds)  // some gcc versions generate wrong warnings\n'}
[43.946501] (livox_sdk2) StderrLine: {'line': b'      | \x1b[01;36m\x1b[K^~~~~~~~~~~~~~~~~~\x1b[m\x1b[K\n'}
[43.947920] (livox_sdk2) StderrLine: {'line': b'\x1b[01m\x1b[K/home/smarthc/ros2_ws/src/Sensor_drivers/ws_livox/src/Livox-SDK2/sdk_core/../3rdparty/rapidjson/rapidjson.h:542:29:\x1b[m\x1b[K \x1b[01;36m\x1b[Knote: \x1b[m\x1b[Kdid you mean \xe2\x80\x98\x1b[01m\x1b[K-Warray-bounds\x1b[m\x1b[K\xe2\x80\x99?\n'}
[43.948017] (livox_sdk2) StderrLine: {'line': b'  542 | #define RAPIDJSON_PRAGMA(x) \x1b[01;36m\x1b[K_Pragma\x1b[m\x1b[K(RAPIDJSON_STRINGIFY(x))\n'}
[43.948044] (livox_sdk2) StderrLine: {'line': b'      |                             \x1b[01;36m\x1b[K^~~~~~~\x1b[m\x1b[K\n'}
[43.948068] (livox_sdk2) StderrLine: {'line': b'\x1b[01m\x1b[K/home/smarthc/ros2_ws/src/Sensor_drivers/ws_livox/src/Livox-SDK2/sdk_core/../3rdparty/rapidjson/rapidjson.h:543:34:\x1b[m\x1b[K \x1b[01;36m\x1b[Knote: \x1b[m\x1b[Kin expansion of macro \xe2\x80\x98\x1b[01m\x1b[KRAPIDJSON_PRAGMA\x1b[m\x1b[K\xe2\x80\x99\n'}
[43.948091] (livox_sdk2) StderrLine: {'line': b'  543 | #define RAPIDJSON_DIAG_PRAGMA(x) \x1b[01;36m\x1b[KRAPIDJSON_PRAGMA\x1b[m\x1b[K(GCC diagnostic x)\n'}
[43.948114] (livox_sdk2) StderrLine: {'line': b'      |                                  \x1b[01;36m\x1b[K^~~~~~~~~~~~~~~~\x1b[m\x1b[K\n'}
[43.948134] (livox_sdk2) StderrLine: {'line': b'\x1b[01m\x1b[K/home/smarthc/ros2_ws/src/Sensor_drivers/ws_livox/src/Livox-SDK2/sdk_core/../3rdparty/rapidjson/rapidjson.h:545:3:\x1b[m\x1b[K \x1b[01;36m\x1b[Knote: \x1b[m\x1b[Kin expansion of macro \xe2\x80\x98\x1b[01m\x1b[KRAPIDJSON_DIAG_PRAGMA\x1b[m\x1b[K\xe2\x80\x99\n'}
[43.948155] (livox_sdk2) StderrLine: {'line': b'  545 |   \x1b[01;36m\x1b[KRAPIDJSON_DIAG_PRAGMA\x1b[m\x1b[K(ignored RAPIDJSON_STRINGIFY(RAPIDJSON_JOIN(-W, x)))\n'}
[43.948176] (livox_sdk2) StderrLine: {'line': b'      |   \x1b[01;36m\x1b[K^~~~~~~~~~~~~~~~~~~~~\x1b[m\x1b[K\n'}
[43.948195] (livox_sdk2) StderrLine: {'line': b'\x1b[01m\x1b[K/home/smarthc/ros2_ws/src/Sensor_drivers/ws_livox/src/Livox-SDK2/sdk_core/../3rdparty/rapidjson/internal/dtoa.h:36:1:\x1b[m\x1b[K \x1b[01;36m\x1b[Knote: \x1b[m\x1b[Kin expansion of macro \xe2\x80\x98\x1b[01m\x1b[KRAPIDJSON_DIAG_OFF\x1b[m\x1b[K\xe2\x80\x99\n'}
[43.948222] (livox_sdk2) StderrLine: {'line': b'   36 | \x1b[01;36m\x1b[KRAPIDJSON_DIAG_OFF\x1b[m\x1b[K(array - bounds)  // some gcc versions generate wrong warnings\n'}
[43.948255] (livox_sdk2) StderrLine: {'line': b'      | \x1b[01;36m\x1b[K^~~~~~~~~~~~~~~~~~\x1b[m\x1b[K\n'}
[44.014813] (-) TimerEvent: {}
[44.115108] (-) TimerEvent: {}
[44.215436] (-) TimerEvent: {}
[44.315732] (-) TimerEvent: {}
[44.416045] (-) TimerEvent: {}
[44.516385] (-) TimerEvent: {}
[44.616784] (-) TimerEvent: {}
[44.717169] (-) TimerEvent: {}
[44.817532] (-) TimerEvent: {}
[44.820161] (livox_sdk2) StdoutLine: {'line': b'[ 81%] \x1b[32mBuilding CXX object sdk_core/CMakeFiles/livox_lidar_sdk_shared.dir/debug_point_cloud_handler/debug_point_cloud_manager.cpp.o\x1b[0m\n'}
[44.917709] (-) TimerEvent: {}
[45.018133] (-) TimerEvent: {}
[45.118394] (-) TimerEvent: {}
[45.218693] (-) TimerEvent: {}
[45.318996] (-) TimerEvent: {}
[45.419295] (-) TimerEvent: {}
[45.519607] (-) TimerEvent: {}
[45.619926] (-) TimerEvent: {}
[45.720301] (-) TimerEvent: {}
[45.820528] (-) TimerEvent: {}
[45.920831] (-) TimerEvent: {}
[45.926982] (livox_sdk2) StdoutLine: {'line': b'[ 83%] \x1b[32mBuilding CXX object sdk_core/CMakeFiles/livox_lidar_sdk_shared.dir/debug_point_cloud_handler/debug_point_cloud_handler.cpp.o\x1b[0m\n'}
[46.021026] (-) TimerEvent: {}
[46.121392] (-) TimerEvent: {}
[46.221703] (-) TimerEvent: {}
[46.322006] (-) TimerEvent: {}
[46.422335] (-) TimerEvent: {}
[46.522653] (-) TimerEvent: {}
[46.622980] (-) TimerEvent: {}
[46.723309] (-) TimerEvent: {}
[46.823612] (-) TimerEvent: {}
[46.923895] (-) TimerEvent: {}
[47.024188] (-) TimerEvent: {}
[47.061062] (livox_sdk2) StdoutLine: {'line': b'[ 84%] \x1b[32m\x1b[1mLinking CXX shared library liblivox_lidar_sdk_shared.so\x1b[0m\n'}
[47.124357] (-) TimerEvent: {}
[47.224685] (-) TimerEvent: {}
[47.325004] (-) TimerEvent: {}
[47.345492] (livox_sdk2) StdoutLine: {'line': b'[ 84%] Built target livox_lidar_sdk_shared\n'}
[47.358571] (livox_sdk2) StdoutLine: {'line': b'[ 85%] \x1b[32mBuilding CXX object samples/livox_lidar_quick_start/CMakeFiles/livox_lidar_quick_start.dir/main.cpp.o\x1b[0m\n'}
[47.425168] (-) TimerEvent: {}
[47.491155] (livox_sdk2) StdoutLine: {'line': b'[ 86%] \x1b[32m\x1b[1mLinking CXX executable livox_lidar_quick_start\x1b[0m\n'}
[47.525401] (-) TimerEvent: {}
[47.625723] (-) TimerEvent: {}
[47.726056] (-) TimerEvent: {}
[47.776226] (livox_sdk2) StdoutLine: {'line': b'[ 86%] Built target livox_lidar_quick_start\n'}
[47.792419] (livox_sdk2) StdoutLine: {'line': b'[ 87%] \x1b[32mBuilding CXX object samples/multi_lidars_upgrade/CMakeFiles/multi_lidars_upgrade.dir/main.cpp.o\x1b[0m\n'}
[47.826223] (-) TimerEvent: {}
[47.926507] (-) TimerEvent: {}
[47.967928] (livox_sdk2) StdoutLine: {'line': b'[ 89%] \x1b[32m\x1b[1mLinking CXX executable multi_lidars_upgrade\x1b[0m\n'}
[48.026686] (-) TimerEvent: {}
[48.126985] (-) TimerEvent: {}
[48.227280] (-) TimerEvent: {}
[48.255089] (livox_sdk2) StdoutLine: {'line': b'[ 89%] Built target multi_lidars_upgrade\n'}
[48.274642] (livox_sdk2) StdoutLine: {'line': b'[ 90%] \x1b[32mBuilding CXX object samples/logger/CMakeFiles/logger.dir/main.cpp.o\x1b[0m\n'}
[48.327447] (-) TimerEvent: {}
[48.427756] (-) TimerEvent: {}
[48.437827] (livox_sdk2) StdoutLine: {'line': b'[ 91%] \x1b[32m\x1b[1mLinking CXX executable logger\x1b[0m\n'}
[48.527951] (-) TimerEvent: {}
[48.628293] (-) TimerEvent: {}
[48.728345] (livox_sdk2) StdoutLine: {'line': b'[ 91%] Built target logger\n'}
[48.728478] (-) TimerEvent: {}
[48.745199] (livox_sdk2) StdoutLine: {'line': b'[ 92%] \x1b[32mBuilding CXX object samples/debug_point_cloud/CMakeFiles/debug_point_cloud.dir/main.cpp.o\x1b[0m\n'}
[48.828674] (-) TimerEvent: {}
[48.901356] (livox_sdk2) StdoutLine: {'line': b'[ 93%] \x1b[32m\x1b[1mLinking CXX executable debug_point_cloud\x1b[0m\n'}
[48.928836] (-) TimerEvent: {}
[49.029134] (-) TimerEvent: {}
[49.129473] (-) TimerEvent: {}
[49.184753] (livox_sdk2) StdoutLine: {'line': b'[ 93%] Built target debug_point_cloud\n'}
[49.198241] (livox_sdk2) StdoutLine: {'line': b'[ 95%] \x1b[32mBuilding CXX object samples/lidar_cmd_observer/CMakeFiles/lidar_cmd_observer.dir/main.cpp.o\x1b[0m\n'}
[49.229641] (-) TimerEvent: {}
[49.329951] (-) TimerEvent: {}
[49.331634] (livox_sdk2) StdoutLine: {'line': b'[ 96%] \x1b[32m\x1b[1mLinking CXX executable lidar_cmd_observer\x1b[0m\n'}
[49.430125] (-) TimerEvent: {}
[49.530377] (-) TimerEvent: {}
[49.616241] (livox_sdk2) StdoutLine: {'line': b'[ 96%] Built target lidar_cmd_observer\n'}
[49.630338] (livox_sdk2) StdoutLine: {'line': b'[ 97%] \x1b[32mBuilding CXX object samples/livox_lidar_rmc_time_sync/CMakeFiles/livox_lidar_rmc_time_sync.dir/main.cpp.o\x1b[0m\n'}
[49.630437] (-) TimerEvent: {}
[49.730694] (-) TimerEvent: {}
[49.796572] (livox_sdk2) StdoutLine: {'line': b'[ 98%] \x1b[32mBuilding CXX object samples/livox_lidar_rmc_time_sync/CMakeFiles/livox_lidar_rmc_time_sync.dir/linux/synchro.cpp.o\x1b[0m\n'}
[49.830853] (-) TimerEvent: {}
[49.931113] (-) TimerEvent: {}
[49.981036] (livox_sdk2) StdoutLine: {'line': b'[100%] \x1b[32m\x1b[1mLinking CXX executable livox_lidar_rmc_time_sync\x1b[0m\n'}
[50.031292] (-) TimerEvent: {}
[50.131609] (-) TimerEvent: {}
[50.231917] (-) TimerEvent: {}
[50.270025] (livox_sdk2) StdoutLine: {'line': b'[100%] Built target livox_lidar_rmc_time_sync\n'}
[50.281112] (livox_sdk2) JobEnded: {'identifier': 'livox_sdk2', 'rc': 'SIGINT'}
[50.292285] (-) EventReactorShutdown: {}
